date,phc_id,medicine_id,medicine_name,daily_consumption,current_stock,patient_footfall
2024-11-18,MH-PUNE-PHC-001,ORS,ORS Packets (Oral Rehydration),21,422,100
2024-11-19,MH-PUNE-PHC-001,ORS,ORS Packets (Oral Rehydration),14,408,83
2024-11-20,MH-PUNE-PHC-001,ORS,ORS Packets (Oral Rehydration),20,388,81
2024-11-21,MH-PUNE-PHC-001,ORS,ORS Packets (Oral Rehydration),21,367,86
2024-11-22,MH-PUNE-PHC-001,ORS,ORS Packets (Oral Rehydration),19,348,100
2024-11-23,MH-PUNE-PHC-001,ORS,ORS Packets (Oral Rehydration),14,334,101
2024-11-24,MH-PUNE-PHC-001,ORS,ORS Packets (Oral Rehydration),14,320,86
2024-11-25,MH-PUNE-PHC-001,ORS,ORS Packets (Oral Rehydration),21,299,99
2024-11-26,MH-PUNE-PHC-001,ORS,ORS Packets (Oral Rehydration),20,279,94
2024-11-27,MH-PUNE-PHC-001,ORS,ORS Packets (Oral Rehydration),21,258,91
2024-11-28,MH-PUNE-PHC-001,ORS,ORS Packets (Oral Rehydration),17,241,104
2024-11-29,MH-PUNE-PHC-001,ORS,ORS Packets (Oral Rehydration),20,221,104
2024-11-30,MH-PUNE-PHC-001,ORS,ORS Packets (Oral Rehydration),17,204,93
2024-12-01,MH-PUNE-PHC-001,ORS,ORS Packets (Oral Rehydration),14,190,105
2024-12-02,MH-PUNE-PHC-001,ORS,ORS Packets (Oral Rehydration),14,176,86
2024-12-03,MH-PUNE-PHC-001,ORS,ORS Packets (Oral Rehydration),18,158,98
2024-12-04,MH-PUNE-PHC-001,ORS,ORS Packets (Oral Rehydration),14,144,95
2024-12-05,MH-PUNE-PHC-001,ORS,ORS Packets (Oral Rehydration),19,125,103
2024-12-06,MH-PUNE-PHC-001,ORS,ORS Packets (Oral Rehydration),16,109,95
2024-12-07,MH-PUNE-PHC-001,ORS,ORS Packets (Oral Rehydration),20,308,84
2024-12-08,MH-PUNE-PHC-001,ORS,ORS Packets (Oral Rehydration),21,287,99
2024-12-09,MH-PUNE-PHC-001,ORS,ORS Packets (Oral Rehydration),14,273,99
2024-12-10,MH-PUNE-PHC-001,ORS,ORS Packets (Oral Rehydration),19,254,88
2024-12-11,MH-PUNE-PHC-001,ORS,ORS Packets (Oral Rehydration),19,235,88
2024-12-12,MH-PUNE-PHC-001,ORS,ORS Packets (Oral Rehydration),16,219,95
2024-12-13,MH-PUNE-PHC-001,ORS,ORS Packets (Oral Rehydration),17,202,85
2024-12-14,MH-PUNE-PHC-001,ORS,ORS Packets (Oral Rehydration),17,185,99
2024-12-15,MH-PUNE-PHC-001,ORS,ORS Packets (Oral Rehydration),16,169,83
2024-12-16,MH-PUNE-PHC-001,ORS,ORS Packets (Oral Rehydration),14,155,99
2024-12-17,MH-PUNE-PHC-001,ORS,ORS Packets (Oral Rehydration),18,137,99
2024-12-18,MH-PUNE-PHC-001,ORS,ORS Packets (Oral Rehydration),21,116,99
2024-12-19,MH-PUNE-PHC-001,ORS,ORS Packets (Oral Rehydration),14,329,81
2024-12-20,MH-PUNE-PHC-001,ORS,ORS Packets (Oral Rehydration),17,312,87
2024-12-21,MH-PUNE-PHC-001,ORS,ORS Packets (Oral Rehydration),17,295,105
2024-12-22,MH-PUNE-PHC-001,ORS,ORS Packets (Oral Rehydration),14,281,98
2024-12-23,MH-PUNE-PHC-001,ORS,ORS Packets (Oral Rehydration),19,262,91
2024-12-24,MH-PUNE-PHC-001,ORS,ORS Packets (Oral Rehydration),18,244,95
2024-12-25,MH-PUNE-PHC-001,ORS,ORS Packets (Oral Rehydration),14,230,81
2024-12-26,MH-PUNE-PHC-001,ORS,ORS Packets (Oral Rehydration),17,213,89
2024-12-27,MH-PUNE-PHC-001,ORS,ORS Packets (Oral Rehydration),14,199,98
2024-12-28,MH-PUNE-PHC-001,ORS,ORS Packets (Oral Rehydration),19,180,103
2024-12-29,MH-PUNE-PHC-001,ORS,ORS Packets (Oral Rehydration),18,162,82
2024-12-30,MH-PUNE-PHC-001,ORS,ORS Packets (Oral Rehydration),18,144,91
2024-12-31,MH-PUNE-PHC-001,ORS,ORS Packets (Oral Rehydration),19,125,101
2025-01-01,MH-PUNE-PHC-001,ORS,ORS Packets (Oral Rehydration),21,104,96
2025-01-02,MH-PUNE-PHC-001,ORS,ORS Packets (Oral Rehydration),18,356,102
2025-01-03,MH-PUNE-PHC-001,ORS,ORS Packets (Oral Rehydration),15,341,98
2025-01-04,MH-PUNE-PHC-001,ORS,ORS Packets (Oral Rehydration),17,324,87
2025-01-05,MH-PUNE-PHC-001,ORS,ORS Packets (Oral Rehydration),21,303,97
2025-01-06,MH-PUNE-PHC-001,ORS,ORS Packets (Oral Rehydration),20,283,105
2025-01-07,MH-PUNE-PHC-001,ORS,ORS Packets (Oral Rehydration),19,264,92
2025-01-08,MH-PUNE-PHC-001,ORS,ORS Packets (Oral Rehydration),19,245,101
2025-01-09,MH-PUNE-PHC-001,ORS,ORS Packets (Oral Rehydration),17,228,84
2025-01-10,MH-PUNE-PHC-001,ORS,ORS Packets (Oral Rehydration),20,208,90
2025-01-11,MH-PUNE-PHC-001,ORS,ORS Packets (Oral Rehydration),15,193,105
2025-01-12,MH-PUNE-PHC-001,ORS,ORS Packets (Oral Rehydration),20,173,90
2025-01-13,MH-PUNE-PHC-001,ORS,ORS Packets (Oral Rehydration),20,153,90
2025-01-14,MH-PUNE-PHC-001,ORS,ORS Packets (Oral Rehydration),14,139,105
2025-01-15,MH-PUNE-PHC-001,ORS,ORS Packets (Oral Rehydration),14,125,96
2025-01-16,MH-PUNE-PHC-001,ORS,ORS Packets (Oral Rehydration),19,106,93
2025-01-17,MH-PUNE-PHC-001,ORS,ORS Packets (Oral Rehydration),28,338,113
2025-01-18,MH-PUNE-PHC-001,ORS,ORS Packets (Oral Rehydration),43,295,126
2025-01-19,MH-PUNE-PHC-001,ORS,ORS Packets (Oral Rehydration),45,250,122
2025-01-20,MH-PUNE-PHC-001,ORS,ORS Packets (Oral Rehydration),33,217,124
2025-01-21,MH-PUNE-PHC-001,ORS,ORS Packets (Oral Rehydration),31,186,131
2025-01-22,MH-PUNE-PHC-001,ORS,ORS Packets (Oral Rehydration),35,151,145
2025-01-23,MH-PUNE-PHC-001,ORS,ORS Packets (Oral Rehydration),42,109,119
2025-01-24,MH-PUNE-PHC-001,ORS,ORS Packets (Oral Rehydration),40,287,136
2025-01-25,MH-PUNE-PHC-001,ORS,ORS Packets (Oral Rehydration),49,238,123
2025-01-26,MH-PUNE-PHC-001,ORS,ORS Packets (Oral Rehydration),43,195,124
2025-01-27,MH-PUNE-PHC-001,ORS,ORS Packets (Oral Rehydration),42,153,131
2025-01-28,MH-PUNE-PHC-001,ORS,ORS Packets (Oral Rehydration),30,123,130
2025-01-29,MH-PUNE-PHC-001,ORS,ORS Packets (Oral Rehydration),33,90,148
2025-01-30,MH-PUNE-PHC-001,ORS,ORS Packets (Oral Rehydration),41,313,102
2025-01-31,MH-PUNE-PHC-001,ORS,ORS Packets (Oral Rehydration),48,265,131
2025-02-01,MH-PUNE-PHC-001,ORS,ORS Packets (Oral Rehydration),48,217,143
2025-02-02,MH-PUNE-PHC-001,ORS,ORS Packets (Oral Rehydration),38,179,118
2025-02-03,MH-PUNE-PHC-001,ORS,ORS Packets (Oral Rehydration),38,141,113
2025-02-04,MH-PUNE-PHC-001,ORS,ORS Packets (Oral Rehydration),46,95,114
2025-02-05,MH-PUNE-PHC-001,ORS,ORS Packets (Oral Rehydration),43,279,126
2025-02-06,MH-PUNE-PHC-001,ORS,ORS Packets (Oral Rehydration),35,244,129
2025-02-07,MH-PUNE-PHC-001,ORS,ORS Packets (Oral Rehydration),34,210,114
2025-02-08,MH-PUNE-PHC-001,ORS,ORS Packets (Oral Rehydration),43,167,116
2025-02-09,MH-PUNE-PHC-001,ORS,ORS Packets (Oral Rehydration),44,123,112
2025-02-10,MH-PUNE-PHC-001,ORS,ORS Packets (Oral Rehydration),36,87,134
2025-02-11,MH-PUNE-PHC-001,ORS,ORS Packets (Oral Rehydration),38,49,119
2025-02-12,MH-PUNE-PHC-001,ORS,ORS Packets (Oral Rehydration),46,10,137
2025-02-13,MH-PUNE-PHC-001,ORS,ORS Packets (Oral Rehydration),36,10,130
2025-02-14,MH-PUNE-PHC-001,ORS,ORS Packets (Oral Rehydration),47,10,141
2025-02-15,MH-PUNE-PHC-001,ORS,ORS Packets (Oral Rehydration),44,10,124
2024-11-18,MH-PUNE-PHC-001,PARACETAMOL_500,Paracetamol 500mg Tablets,41,633,101
2024-11-19,MH-PUNE-PHC-001,PARACETAMOL_500,Paracetamol 500mg Tablets,40,593,90
2024-11-20,MH-PUNE-PHC-001,PARACETAMOL_500,Paracetamol 500mg Tablets,43,550,95
2024-11-21,MH-PUNE-PHC-001,PARACETAMOL_500,Paracetamol 500mg Tablets,40,510,102
2024-11-22,MH-PUNE-PHC-001,PARACETAMOL_500,Paracetamol 500mg Tablets,42,468,85
2024-11-23,MH-PUNE-PHC-001,PARACETAMOL_500,Paracetamol 500mg Tablets,41,427,91
2024-11-24,MH-PUNE-PHC-001,PARACETAMOL_500,Paracetamol 500mg Tablets,39,388,101
2024-11-25,MH-PUNE-PHC-001,PARACETAMOL_500,Paracetamol 500mg Tablets,40,348,105
2024-11-26,MH-PUNE-PHC-001,PARACETAMOL_500,Paracetamol 500mg Tablets,38,310,89
2024-11-27,MH-PUNE-PHC-001,PARACETAMOL_500,Paracetamol 500mg Tablets,36,274,82
2024-11-28,MH-PUNE-PHC-001,PARACETAMOL_500,Paracetamol 500mg Tablets,38,236,84
2024-11-29,MH-PUNE-PHC-001,PARACETAMOL_500,Paracetamol 500mg Tablets,36,600,98
2024-11-30,MH-PUNE-PHC-001,PARACETAMOL_500,Paracetamol 500mg Tablets,41,559,92
2024-12-01,MH-PUNE-PHC-001,PARACETAMOL_500,Paracetamol 500mg Tablets,41,518,84
2024-12-02,MH-PUNE-PHC-001,PARACETAMOL_500,Paracetamol 500mg Tablets,36,482,86
2024-12-03,MH-PUNE-PHC-001,PARACETAMOL_500,Paracetamol 500mg Tablets,36,446,105
2024-12-04,MH-PUNE-PHC-001,PARACETAMOL_500,Paracetamol 500mg Tablets,42,404,86
2024-12-05,MH-PUNE-PHC-001,PARACETAMOL_500,Paracetamol 500mg Tablets,37,367,97
2024-12-06,MH-PUNE-PHC-001,PARACETAMOL_500,Paracetamol 500mg Tablets,38,329,82
2024-12-07,MH-PUNE-PHC-001,PARACETAMOL_500,Paracetamol 500mg Tablets,42,287,91
2024-12-08,MH-PUNE-PHC-001,PARACETAMOL_500,Paracetamol 500mg Tablets,43,244,90
2024-12-09,MH-PUNE-PHC-001,PARACETAMOL_500,Paracetamol 500mg Tablets,38,206,96
2024-12-10,MH-PUNE-PHC-001,PARACETAMOL_500,Paracetamol 500mg Tablets,43,643,88
2024-12-11,MH-PUNE-PHC-001,PARACETAMOL_500,Paracetamol 500mg Tablets,39,604,96
2024-12-12,MH-PUNE-PHC-001,PARACETAMOL_500,Paracetamol 500mg Tablets,42,562,100
2024-12-13,MH-PUNE-PHC-001,PARACETAMOL_500,Paracetamol 500mg Tablets,43,519,82
2024-12-14,MH-PUNE-PHC-001,PARACETAMOL_500,Paracetamol 500mg Tablets,43,476,94
2024-12-15,MH-PUNE-PHC-001,PARACETAMOL_500,Paracetamol 500mg Tablets,37,439,85
2024-12-16,MH-PUNE-PHC-001,PARACETAMOL_500,Paracetamol 500mg Tablets,40,399,82
2024-12-17,MH-PUNE-PHC-001,PARACETAMOL_500,Paracetamol 500mg Tablets,58,341,109
2024-12-18,MH-PUNE-PHC-001,PARACETAMOL_500,Paracetamol 500mg Tablets,63,278,106
2024-12-19,MH-PUNE-PHC-001,PARACETAMOL_500,Paracetamol 500mg Tablets,58,220,118
2024-12-20,MH-PUNE-PHC-001,PARACETAMOL_500,Paracetamol 500mg Tablets,64,640,102
2024-12-21,MH-PUNE-PHC-001,PARACETAMOL_500,Paracetamol 500mg Tablets,52,588,120
2024-12-22,MH-PUNE-PHC-001,PARACETAMOL_500,Paracetamol 500mg Tablets,48,540,107
2024-12-23,MH-PUNE-PHC-001,PARACETAMOL_500,Paracetamol 500mg Tablets,48,492,102
2024-12-24,MH-PUNE-PHC-001,PARACETAMOL_500,Paracetamol 500mg Tablets,48,444,113
2024-12-25,MH-PUNE-PHC-001,PARACETAMOL_500,Paracetamol 500mg Tablets,62,382,120
2024-12-26,MH-PUNE-PHC-001,PARACETAMOL_500,Paracetamol 500mg Tablets,62,320,118
2024-12-27,MH-PUNE-PHC-001,PARACETAMOL_500,Paracetamol 500mg Tablets,58,262,102
2024-12-28,MH-PUNE-PHC-001,PARACETAMOL_500,Paracetamol 500mg Tablets,51,211,112
2024-12-29,MH-PUNE-PHC-001,PARACETAMOL_500,Paracetamol 500mg Tablets,56,614,119
2024-12-30,MH-PUNE-PHC-001,PARACETAMOL_500,Paracetamol 500mg Tablets,52,562,102
2024-12-31,MH-PUNE-PHC-001,PARACETAMOL_500,Paracetamol 500mg Tablets,59,503,113
2025-01-01,MH-PUNE-PHC-001,PARACETAMOL_500,Paracetamol 500mg Tablets,49,454,102
2025-01-02,MH-PUNE-PHC-001,PARACETAMOL_500,Paracetamol 500mg Tablets,50,404,113
2025-01-03,MH-PUNE-PHC-001,PARACETAMOL_500,Paracetamol 500mg Tablets,46,358,110
2025-01-04,MH-PUNE-PHC-001,PARACETAMOL_500,Paracetamol 500mg Tablets,52,306,100
2025-01-05,MH-PUNE-PHC-001,PARACETAMOL_500,Paracetamol 500mg Tablets,52,254,117
2025-01-06,MH-PUNE-PHC-001,PARACETAMOL_500,Paracetamol 500mg Tablets,60,194,99
2025-01-07,MH-PUNE-PHC-001,PARACETAMOL_500,Paracetamol 500mg Tablets,55,590,109
2025-01-08,MH-PUNE-PHC-001,PARACETAMOL_500,Paracetamol 500mg Tablets,60,530,115
2025-01-09,MH-PUNE-PHC-001,PARACETAMOL_500,Paracetamol 500mg Tablets,63,467,109
2025-01-10,MH-PUNE-PHC-001,PARACETAMOL_500,Paracetamol 500mg Tablets,59,408,103
2025-01-11,MH-PUNE-PHC-001,PARACETAMOL_500,Paracetamol 500mg Tablets,59,349,112
2025-01-12,MH-PUNE-PHC-001,PARACETAMOL_500,Paracetamol 500mg Tablets,40,309,100
2025-01-13,MH-PUNE-PHC-001,PARACETAMOL_500,Paracetamol 500mg Tablets,41,268,90
2025-01-14,MH-PUNE-PHC-001,PARACETAMOL_500,Paracetamol 500mg Tablets,38,230,104
2025-01-15,MH-PUNE-PHC-001,PARACETAMOL_500,Paracetamol 500mg Tablets,41,614,97
2025-01-16,MH-PUNE-PHC-001,PARACETAMOL_500,Paracetamol 500mg Tablets,36,578,82
2025-01-17,MH-PUNE-PHC-001,PARACETAMOL_500,Paracetamol 500mg Tablets,40,538,92
2025-01-18,MH-PUNE-PHC-001,PARACETAMOL_500,Paracetamol 500mg Tablets,42,496,92
2025-01-19,MH-PUNE-PHC-001,PARACETAMOL_500,Paracetamol 500mg Tablets,41,455,92
2025-01-20,MH-PUNE-PHC-001,PARACETAMOL_500,Paracetamol 500mg Tablets,41,414,101
2025-01-21,MH-PUNE-PHC-001,PARACETAMOL_500,Paracetamol 500mg Tablets,43,371,102
2025-01-22,MH-PUNE-PHC-001,PARACETAMOL_500,Paracetamol 500mg Tablets,37,334,97
2025-01-23,MH-PUNE-PHC-001,PARACETAMOL_500,Paracetamol 500mg Tablets,41,293,97
2025-01-24,MH-PUNE-PHC-001,PARACETAMOL_500,Paracetamol 500mg Tablets,36,257,92
2025-01-25,MH-PUNE-PHC-001,PARACETAMOL_500,Paracetamol 500mg Tablets,43,214,100
2025-01-26,MH-PUNE-PHC-001,PARACETAMOL_500,Paracetamol 500mg Tablets,42,643,85
2025-01-27,MH-PUNE-PHC-001,PARACETAMOL_500,Paracetamol 500mg Tablets,37,606,90
2025-01-28,MH-PUNE-PHC-001,PARACETAMOL_500,Paracetamol 500mg Tablets,42,564,103
2025-01-29,MH-PUNE-PHC-001,PARACETAMOL_500,Paracetamol 500mg Tablets,41,523,89
2025-01-30,MH-PUNE-PHC-001,PARACETAMOL_500,Paracetamol 500mg Tablets,39,484,95
2025-01-31,MH-PUNE-PHC-001,PARACETAMOL_500,Paracetamol 500mg Tablets,39,445,94
2025-02-01,MH-PUNE-PHC-001,PARACETAMOL_500,Paracetamol 500mg Tablets,42,403,103
2025-02-02,MH-PUNE-PHC-001,PARACETAMOL_500,Paracetamol 500mg Tablets,38,365,83
2025-02-03,MH-PUNE-PHC-001,PARACETAMOL_500,Paracetamol 500mg Tablets,40,325,81
2025-02-04,MH-PUNE-PHC-001,PARACETAMOL_500,Paracetamol 500mg Tablets,41,284,103
2025-02-05,MH-PUNE-PHC-001,PARACETAMOL_500,Paracetamol 500mg Tablets,39,245,84
2025-02-06,MH-PUNE-PHC-001,PARACETAMOL_500,Paracetamol 500mg Tablets,41,204,94
2025-02-07,MH-PUNE-PHC-001,PARACETAMOL_500,Paracetamol 500mg Tablets,36,622,84
2025-02-08,MH-PUNE-PHC-001,PARACETAMOL_500,Paracetamol 500mg Tablets,40,582,101
2025-02-09,MH-PUNE-PHC-001,PARACETAMOL_500,Paracetamol 500mg Tablets,37,545,103
2025-02-10,MH-PUNE-PHC-001,PARACETAMOL_500,Paracetamol 500mg Tablets,39,506,98
2025-02-11,MH-PUNE-PHC-001,PARACETAMOL_500,Paracetamol 500mg Tablets,37,469,95
2025-02-12,MH-PUNE-PHC-001,PARACETAMOL_500,Paracetamol 500mg Tablets,39,430,100
2025-02-13,MH-PUNE-PHC-001,PARACETAMOL_500,Paracetamol 500mg Tablets,40,390,101
2025-02-14,MH-PUNE-PHC-001,PARACETAMOL_500,Paracetamol 500mg Tablets,42,348,83
2025-02-15,MH-PUNE-PHC-001,PARACETAMOL_500,Paracetamol 500mg Tablets,40,308,93
2024-11-18,MH-PUNE-PHC-001,AMOXICILLIN_500,Amoxicillin 500mg Capsules,22,438,99
2024-11-19,MH-PUNE-PHC-001,AMOXICILLIN_500,Amoxicillin 500mg Capsules,23,415,102
2024-11-20,MH-PUNE-PHC-001,AMOXICILLIN_500,Amoxicillin 500mg Capsules,28,387,103
2024-11-21,MH-PUNE-PHC-001,AMOXICILLIN_500,Amoxicillin 500mg Capsules,22,365,85
2024-11-22,MH-PUNE-PHC-001,AMOXICILLIN_500,Amoxicillin 500mg Capsules,28,337,91
2024-11-23,MH-PUNE-PHC-001,AMOXICILLIN_500,Amoxicillin 500mg Capsules,28,309,90
2024-11-24,MH-PUNE-PHC-001,AMOXICILLIN_500,Amoxicillin 500mg Capsules,28,281,96
2024-11-25,MH-PUNE-PHC-001,AMOXICILLIN_500,Amoxicillin 500mg Capsules,28,253,82
2024-11-26,MH-PUNE-PHC-001,AMOXICILLIN_500,Amoxicillin 500mg Capsules,24,229,101
2024-11-27,MH-PUNE-PHC-001,AMOXICILLIN_500,Amoxicillin 500mg Capsules,26,203,86
2024-11-28,MH-PUNE-PHC-001,AMOXICILLIN_500,Amoxicillin 500mg Capsules,21,182,97
2024-11-29,MH-PUNE-PHC-001,AMOXICILLIN_500,Amoxicillin 500mg Capsules,23,159,105
2024-11-30,MH-PUNE-PHC-001,AMOXICILLIN_500,Amoxicillin 500mg Capsules,27,508,104
2024-12-01,MH-PUNE-PHC-001,AMOXICILLIN_500,Amoxicillin 500mg Capsules,22,486,87
2024-12-02,MH-PUNE-PHC-001,AMOXICILLIN_500,Amoxicillin 500mg Capsules,22,464,82
2024-12-03,MH-PUNE-PHC-001,AMOXICILLIN_500,Amoxicillin 500mg Capsules,27,437,97
2024-12-04,MH-PUNE-PHC-001,AMOXICILLIN_500,Amoxicillin 500mg Capsules,21,416,100
2024-12-05,MH-PUNE-PHC-001,AMOXICILLIN_500,Amoxicillin 500mg Capsules,24,392,83
2024-12-06,MH-PUNE-PHC-001,AMOXICILLIN_500,Amoxicillin 500mg Capsules,28,364,84
2024-12-07,MH-PUNE-PHC-001,AMOXICILLIN_500,Amoxicillin 500mg Capsules,22,342,96
2024-12-08,MH-PUNE-PHC-001,AMOXICILLIN_500,Amoxicillin 500mg Capsules,25,317,91
2024-12-09,MH-PUNE-PHC-001,AMOXICILLIN_500,Amoxicillin 500mg Capsules,28,289,103
2024-12-10,MH-PUNE-PHC-001,AMOXICILLIN_500,Amoxicillin 500mg Capsules,24,265,98
2024-12-11,MH-PUNE-PHC-001,AMOXICILLIN_500,Amoxicillin 500mg Capsules,28,237,92
2024-12-12,MH-PUNE-PHC-001,AMOXICILLIN_500,Amoxicillin 500mg Capsules,22,215,97
2024-12-13,MH-PUNE-PHC-001,AMOXICILLIN_500,Amoxicillin 500mg Capsules,26,189,84
2024-12-14,MH-PUNE-PHC-001,AMOXICILLIN_500,Amoxicillin 500mg Capsules,25,164,105
2024-12-15,MH-PUNE-PHC-001,AMOXICILLIN_500,Amoxicillin 500mg Capsules,24,450,99
2024-12-16,MH-PUNE-PHC-001,AMOXICILLIN_500,Amoxicillin 500mg Capsules,22,428,82
2024-12-17,MH-PUNE-PHC-001,AMOXICILLIN_500,Amoxicillin 500mg Capsules,24,404,98
2024-12-18,MH-PUNE-PHC-001,AMOXICILLIN_500,Amoxicillin 500mg Capsules,25,379,99
2024-12-19,MH-PUNE-PHC-001,AMOXICILLIN_500,Amoxicillin 500mg Capsules,22,357,105
2024-12-20,MH-PUNE-PHC-001,AMOXICILLIN_500,Amoxicillin 500mg Capsules,26,331,82
2024-12-21,MH-PUNE-PHC-001,AMOXICILLIN_500,Amoxicillin 500mg Capsules,21,310,89
2024-12-22,MH-PUNE-PHC-001,AMOXICILLIN_500,Amoxicillin 500mg Capsules,21,289,84
2024-12-23,MH-PUNE-PHC-001,AMOXICILLIN_500,Amoxicillin 500mg Capsules,27,262,103
2024-12-24,MH-PUNE-PHC-001,AMOXICILLIN_500,Amoxicillin 500mg Capsules,22,240,84
2024-12-25,MH-PUNE-PHC-001,AMOXICILLIN_500,Amoxicillin 500mg Capsules,22,218,88
2024-12-26,MH-PUNE-PHC-001,AMOXICILLIN_500,Amoxicillin 500mg Capsules,21,197,85
2024-12-27,MH-PUNE-PHC-001,AMOXICILLIN_500,Amoxicillin 500mg Capsules,24,173,94
2024-12-28,MH-PUNE-PHC-001,AMOXICILLIN_500,Amoxicillin 500mg Capsules,22,507,101
2024-12-29,MH-PUNE-PHC-001,AMOXICILLIN_500,Amoxicillin 500mg Capsules,27,480,90
2024-12-30,MH-PUNE-PHC-001,AMOXICILLIN_500,Amoxicillin 500mg Capsules,22,458,82
2024-12-31,MH-PUNE-PHC-001,AMOXICILLIN_500,Amoxicillin 500mg Capsules,24,434,90
2025-01-01,MH-PUNE-PHC-001,AMOXICILLIN_500,Amoxicillin 500mg Capsules,22,412,88
2025-01-02,MH-PUNE-PHC-001,AMOXICILLIN_500,Amoxicillin 500mg Capsules,23,389,100
2025-01-03,MH-PUNE-PHC-001,AMOXICILLIN_500,Amoxicillin 500mg Capsules,26,363,82
2025-01-04,MH-PUNE-PHC-001,AMOXICILLIN_500,Amoxicillin 500mg Capsules,24,339,102
2025-01-05,MH-PUNE-PHC-001,AMOXICILLIN_500,Amoxicillin 500mg Capsules,26,313,91
2025-01-06,MH-PUNE-PHC-001,AMOXICILLIN_500,Amoxicillin 500mg Capsules,25,288,92
2025-01-07,MH-PUNE-PHC-001,AMOXICILLIN_500,Amoxicillin 500mg Capsules,22,266,105
2025-01-08,MH-PUNE-PHC-001,AMOXICILLIN_500,Amoxicillin 500mg Capsules,26,240,105
2025-01-09,MH-PUNE-PHC-001,AMOXICILLIN_500,Amoxicillin 500mg Capsules,27,213,98
2025-01-10,MH-PUNE-PHC-001,AMOXICILLIN_500,Amoxicillin 500mg Capsules,27,186,105
2025-01-11,MH-PUNE-PHC-001,AMOXICILLIN_500,Amoxicillin 500mg Capsules,27,159,81
2025-01-12,MH-PUNE-PHC-001,AMOXICILLIN_500,Amoxicillin 500mg Capsules,24,527,101
2025-01-13,MH-PUNE-PHC-001,AMOXICILLIN_500,Amoxicillin 500mg Capsules,24,503,97
2025-01-14,MH-PUNE-PHC-001,AMOXICILLIN_500,Amoxicillin 500mg Capsules,21,482,89
2025-01-15,MH-PUNE-PHC-001,AMOXICILLIN_500,Amoxicillin 500mg Capsules,28,454,96
2025-01-16,MH-PUNE-PHC-001,AMOXICILLIN_500,Amoxicillin 500mg Capsules,25,429,88
2025-01-17,MH-PUNE-PHC-001,AMOXICILLIN_500,Amoxicillin 500mg Capsules,23,406,101
2025-01-18,MH-PUNE-PHC-001,AMOXICILLIN_500,Amoxicillin 500mg Capsules,27,379,95
2025-01-19,MH-PUNE-PHC-001,AMOXICILLIN_500,Amoxicillin 500mg Capsules,21,358,100
2025-01-20,MH-PUNE-PHC-001,AMOXICILLIN_500,Amoxicillin 500mg Capsules,23,335,84
2025-01-21,MH-PUNE-PHC-001,AMOXICILLIN_500,Amoxicillin 500mg Capsules,25,310,83
2025-01-22,MH-PUNE-PHC-001,AMOXICILLIN_500,Amoxicillin 500mg Capsules,23,287,103
2025-01-23,MH-PUNE-PHC-001,AMOXICILLIN_500,Amoxicillin 500mg Capsules,28,259,84
2025-01-24,MH-PUNE-PHC-001,AMOXICILLIN_500,Amoxicillin 500mg Capsules,24,235,99
2025-01-25,MH-PUNE-PHC-001,AMOXICILLIN_500,Amoxicillin 500mg Capsules,21,214,105
2025-01-26,MH-PUNE-PHC-001,AMOXICILLIN_500,Amoxicillin 500mg Capsules,26,188,95
2025-01-27,MH-PUNE-PHC-001,AMOXICILLIN_500,Amoxicillin 500mg Capsules,26,162,92
2025-01-28,MH-PUNE-PHC-001,AMOXICILLIN_500,Amoxicillin 500mg Capsules,27,508,104
2025-01-29,MH-PUNE-PHC-001,AMOXICILLIN_500,Amoxicillin 500mg Capsules,21,487,103
2025-01-30,MH-PUNE-PHC-001,AMOXICILLIN_500,Amoxicillin 500mg Capsules,22,465,102
2025-01-31,MH-PUNE-PHC-001,AMOXICILLIN_500,Amoxicillin 500mg Capsules,21,444,85
2025-02-01,MH-PUNE-PHC-001,AMOXICILLIN_500,Amoxicillin 500mg Capsules,27,417,92
2025-02-02,MH-PUNE-PHC-001,AMOXICILLIN_500,Amoxicillin 500mg Capsules,25,392,101
2025-02-03,MH-PUNE-PHC-001,AMOXICILLIN_500,Amoxicillin 500mg Capsules,24,368,101
2025-02-04,MH-PUNE-PHC-001,AMOXICILLIN_500,Amoxicillin 500mg Capsules,21,347,89
2025-02-05,MH-PUNE-PHC-001,AMOXICILLIN_500,Amoxicillin 500mg Capsules,22,325,98
2025-02-06,MH-PUNE-PHC-001,AMOXICILLIN_500,Amoxicillin 500mg Capsules,22,303,81
2025-02-07,MH-PUNE-PHC-001,AMOXICILLIN_500,Amoxicillin 500mg Capsules,27,276,104
2025-02-08,MH-PUNE-PHC-001,AMOXICILLIN_500,Amoxicillin 500mg Capsules,24,252,93
2025-02-09,MH-PUNE-PHC-001,AMOXICILLIN_500,Amoxicillin 500mg Capsules,23,229,105
2025-02-10,MH-PUNE-PHC-001,AMOXICILLIN_500,Amoxicillin 500mg Capsules,25,204,105
2025-02-11,MH-PUNE-PHC-001,AMOXICILLIN_500,Amoxicillin 500mg Capsules,26,178,105
2025-02-12,MH-PUNE-PHC-001,AMOXICILLIN_500,Amoxicillin 500mg Capsules,23,155,83
2025-02-13,MH-PUNE-PHC-001,AMOXICILLIN_500,Amoxicillin 500mg Capsules,25,130,96
2025-02-14,MH-PUNE-PHC-001,AMOXICILLIN_500,Amoxicillin 500mg Capsules,23,107,92
2025-02-15,MH-PUNE-PHC-001,AMOXICILLIN_500,Amoxicillin 500mg Capsules,25,82,105
2024-11-18,MH-PUNE-PHC-001,AZITHROMYCIN_500,Azithromycin 500mg Tablets,16,264,104
2024-11-19,MH-PUNE-PHC-001,AZITHROMYCIN_500,Azithromycin 500mg Tablets,18,246,83
2024-11-20,MH-PUNE-PHC-001,AZITHROMYCIN_500,Azithromycin 500mg Tablets,15,231,96
2024-11-21,MH-PUNE-PHC-001,AZITHROMYCIN_500,Azithromycin 500mg Tablets,11,220,102
2024-11-22,MH-PUNE-PHC-001,AZITHROMYCIN_500,Azithromycin 500mg Tablets,16,204,94
2024-11-23,MH-PUNE-PHC-001,AZITHROMYCIN_500,Azithromycin 500mg Tablets,17,187,93
2024-11-24,MH-PUNE-PHC-001,AZITHROMYCIN_500,Azithromycin 500mg Tablets,12,175,99
2024-11-25,MH-PUNE-PHC-001,AZITHROMYCIN_500,Azithromycin 500mg Tablets,12,163,96
2024-11-26,MH-PUNE-PHC-001,AZITHROMYCIN_500,Azithromycin 500mg Tablets,17,146,88
2024-11-27,MH-PUNE-PHC-001,AZITHROMYCIN_500,Azithromycin 500mg Tablets,11,135,93
2024-11-28,MH-PUNE-PHC-001,AZITHROMYCIN_500,Azithromycin 500mg Tablets,18,117,96
2024-11-29,MH-PUNE-PHC-001,AZITHROMYCIN_500,Azithromycin 500mg Tablets,11,106,104
2024-11-30,MH-PUNE-PHC-001,AZITHROMYCIN_500,Azithromycin 500mg Tablets,15,91,103
2024-12-01,MH-PUNE-PHC-001,AZITHROMYCIN_500,Azithromycin 500mg Tablets,14,290,101
2024-12-02,MH-PUNE-PHC-001,AZITHROMYCIN_500,Azithromycin 500mg Tablets,12,278,88
2024-12-03,MH-PUNE-PHC-001,AZITHROMYCIN_500,Azithromycin 500mg Tablets,15,263,104
2024-12-04,MH-PUNE-PHC-001,AZITHROMYCIN_500,Azithromycin 500mg Tablets,13,250,103
2024-12-05,MH-PUNE-PHC-001,AZITHROMYCIN_500,Azithromycin 500mg Tablets,11,239,96
2024-12-06,MH-PUNE-PHC-001,AZITHROMYCIN_500,Azithromycin 500mg Tablets,17,222,91
2024-12-07,MH-PUNE-PHC-001,AZITHROMYCIN_500,Azithromycin 500mg Tablets,14,208,96
2024-12-08,MH-PUNE-PHC-001,AZITHROMYCIN_500,Azithromycin 500mg Tablets,18,190,105
2024-12-09,MH-PUNE-PHC-001,AZITHROMYCIN_500,Azithromycin 500mg Tablets,12,178,101
2024-12-10,MH-PUNE-PHC-001,AZITHROMYCIN_500,Azithromycin 500mg Tablets,13,165,97
2024-12-11,MH-PUNE-PHC-001,AZITHROMYCIN_500,Azithromycin 500mg Tablets,12,153,102
2024-12-12,MH-PUNE-PHC-001,AZITHROMYCIN_500,Azithromycin 500mg Tablets,13,140,104
2024-12-13,MH-PUNE-PHC-001,AZITHROMYCIN_500,Azithromycin 500mg Tablets,15,125,104
2024-12-14,MH-PUNE-PHC-001,AZITHROMYCIN_500,Azithromycin 500mg Tablets,14,111,102
2024-12-15,MH-PUNE-PHC-001,AZITHROMYCIN_500,Azithromycin 500mg Tablets,16,95,87
2024-12-16,MH-PUNE-PHC-001,AZITHROMYCIN_500,Azithromycin 500mg Tablets,12,308,83
2024-12-17,MH-PUNE-PHC-001,AZITHROMYCIN_500,Azithromycin 500mg Tablets,30,278,105
2024-12-18,MH-PUNE-PHC-001,AZITHROMYCIN_500,Azithromycin 500mg Tablets,31,247,98
2024-12-19,MH-PUNE-PHC-001,AZITHROMYCIN_500,Azithromycin 500mg Tablets,32,215,102
2024-12-20,MH-PUNE-PHC-001,AZITHROMYCIN_500,Azithromycin 500mg Tablets,30,185,101
2024-12-21,MH-PUNE-PHC-001,AZITHROMYCIN_500,Azithromycin 500mg Tablets,31,154,98
2024-12-22,MH-PUNE-PHC-001,AZITHROMYCIN_500,Azithromycin 500mg Tablets,29,125,104
2024-12-23,MH-PUNE-PHC-001,AZITHROMYCIN_500,Azithromycin 500mg Tablets,22,103,114
2024-12-24,MH-PUNE-PHC-001,AZITHROMYCIN_500,Azithromycin 500mg Tablets,40,63,104
2024-12-25,MH-PUNE-PHC-001,AZITHROMYCIN_500,Azithromycin 500mg Tablets,24,201,119
2024-12-26,MH-PUNE-PHC-001,AZITHROMYCIN_500,Azithromycin 500mg Tablets,24,177,114
2024-12-27,MH-PUNE-PHC-001,AZITHROMYCIN_500,Azithromycin 500mg Tablets,35,142,116
2024-12-28,MH-PUNE-PHC-001,AZITHROMYCIN_500,Azithromycin 500mg Tablets,33,109,110
2024-12-29,MH-PUNE-PHC-001,AZITHROMYCIN_500,Azithromycin 500mg Tablets,22,87,103
2024-12-30,MH-PUNE-PHC-001,AZITHROMYCIN_500,Azithromycin 500mg Tablets,32,221,108
2024-12-31,MH-PUNE-PHC-001,AZITHROMYCIN_500,Azithromycin 500mg Tablets,29,192,100
2025-01-01,MH-PUNE-PHC-001,AZITHROMYCIN_500,Azithromycin 500mg Tablets,30,162,97
2025-01-02,MH-PUNE-PHC-001,AZITHROMYCIN_500,Azithromycin 500mg Tablets,33,129,100
2025-01-03,MH-PUNE-PHC-001,AZITHROMYCIN_500,Azithromycin 500mg Tablets,23,106,101
2025-01-04,MH-PUNE-PHC-001,AZITHROMYCIN_500,Azithromycin 500mg Tablets,39,67,117
2025-01-05,MH-PUNE-PHC-001,AZITHROMYCIN_500,Azithromycin 500mg Tablets,33,263,102
2025-01-06,MH-PUNE-PHC-001,AZITHROMYCIN_500,Azithromycin 500mg Tablets,29,234,109
2025-01-07,MH-PUNE-PHC-001,AZITHROMYCIN_500,Azithromycin 500mg Tablets,34,200,116
2025-01-08,MH-PUNE-PHC-001,AZITHROMYCIN_500,Azithromycin 500mg Tablets,30,170,101
2025-01-09,MH-PUNE-PHC-001,AZITHROMYCIN_500,Azithromycin 500mg Tablets,32,138,112
2025-01-10,MH-PUNE-PHC-001,AZITHROMYCIN_500,Azithromycin 500mg Tablets,38,100,114
2025-01-11,MH-PUNE-PHC-001,AZITHROMYCIN_500,Azithromycin 500mg Tablets,30,70,105
2025-01-12,MH-PUNE-PHC-001,AZITHROMYCIN_500,Azithromycin 500mg Tablets,17,264,96
2025-01-13,MH-PUNE-PHC-001,AZITHROMYCIN_500,Azithromycin 500mg Tablets,13,251,93
2025-01-14,MH-PUNE-PHC-001,AZITHROMYCIN_500,Azithromycin 500mg Tablets,12,239,99
2025-01-15,MH-PUNE-PHC-001,AZITHROMYCIN_500,Azithromycin 500mg Tablets,13,226,87
2025-01-16,MH-PUNE-PHC-001,AZITHROMYCIN_500,Azithromycin 500mg Tablets,11,215,89
2025-01-17,MH-PUNE-PHC-001,AZITHROMYCIN_500,Azithromycin 500mg Tablets,15,200,86
2025-01-18,MH-PUNE-PHC-001,AZITHROMYCIN_500,Azithromycin 500mg Tablets,12,188,96
2025-01-19,MH-PUNE-PHC-001,AZITHROMYCIN_500,Azithromycin 500mg Tablets,12,176,84
2025-01-20,MH-PUNE-PHC-001,AZITHROMYCIN_500,Azithromycin 500mg Tablets,17,159,103
2025-01-21,MH-PUNE-PHC-001,AZITHROMYCIN_500,Azithromycin 500mg Tablets,14,145,82
2025-01-22,MH-PUNE-PHC-001,AZITHROMYCIN_500,Azithromycin 500mg Tablets,18,127,98
2025-01-23,MH-PUNE-PHC-001,AZITHROMYCIN_500,Azithromycin 500mg Tablets,13,114,92
2025-01-24,MH-PUNE-PHC-001,AZITHROMYCIN_500,Azithromycin 500mg Tablets,12,102,88
2025-01-25,MH-PUNE-PHC-001,AZITHROMYCIN_500,Azithromycin 500mg Tablets,11,91,97
2025-01-26,MH-PUNE-PHC-001,AZITHROMYCIN_500,Azithromycin 500mg Tablets,11,335,81
2025-01-27,MH-PUNE-PHC-001,AZITHROMYCIN_500,Azithromycin 500mg Tablets,13,322,83
2025-01-28,MH-PUNE-PHC-001,AZITHROMYCIN_500,Azithromycin 500mg Tablets,12,310,87
2025-01-29,MH-PUNE-PHC-001,AZITHROMYCIN_500,Azithromycin 500mg Tablets,15,295,90
2025-01-30,MH-PUNE-PHC-001,AZITHROMYCIN_500,Azithromycin 500mg Tablets,16,279,90
2025-01-31,MH-PUNE-PHC-001,AZITHROMYCIN_500,Azithromycin 500mg Tablets,16,263,84
2025-02-01,MH-PUNE-PHC-001,AZITHROMYCIN_500,Azithromycin 500mg Tablets,12,251,95
2025-02-02,MH-PUNE-PHC-001,AZITHROMYCIN_500,Azithromycin 500mg Tablets,15,236,91
2025-02-03,MH-PUNE-PHC-001,AZITHROMYCIN_500,Azithromycin 500mg Tablets,14,222,94
2025-02-04,MH-PUNE-PHC-001,AZITHROMYCIN_500,Azithromycin 500mg Tablets,11,211,93
2025-02-05,MH-PUNE-PHC-001,AZITHROMYCIN_500,Azithromycin 500mg Tablets,14,197,95
2025-02-06,MH-PUNE-PHC-001,AZITHROMYCIN_500,Azithromycin 500mg Tablets,12,185,82
2025-02-07,MH-PUNE-PHC-001,AZITHROMYCIN_500,Azithromycin 500mg Tablets,14,171,85
2025-02-08,MH-PUNE-PHC-001,AZITHROMYCIN_500,Azithromycin 500mg Tablets,13,158,100
2025-02-09,MH-PUNE-PHC-001,AZITHROMYCIN_500,Azithromycin 500mg Tablets,12,146,98
2025-02-10,MH-PUNE-PHC-001,AZITHROMYCIN_500,Azithromycin 500mg Tablets,15,131,95
2025-02-11,MH-PUNE-PHC-001,AZITHROMYCIN_500,Azithromycin 500mg Tablets,11,120,93
2025-02-12,MH-PUNE-PHC-001,AZITHROMYCIN_500,Azithromycin 500mg Tablets,16,104,103
2025-02-13,MH-PUNE-PHC-001,AZITHROMYCIN_500,Azithromycin 500mg Tablets,12,92,90
2025-02-14,MH-PUNE-PHC-001,AZITHROMYCIN_500,Azithromycin 500mg Tablets,12,80,96
2025-02-15,MH-PUNE-PHC-001,AZITHROMYCIN_500,Azithromycin 500mg Tablets,18,62,91
2024-11-18,MH-PUNE-PHC-001,METFORMIN_500,Metformin 500mg Tablets,24,479,90
2024-11-19,MH-PUNE-PHC-001,METFORMIN_500,Metformin 500mg Tablets,18,461,101
2024-11-20,MH-PUNE-PHC-001,METFORMIN_500,Metformin 500mg Tablets,23,438,98
2024-11-21,MH-PUNE-PHC-001,METFORMIN_500,Metformin 500mg Tablets,23,415,81
2024-11-22,MH-PUNE-PHC-001,METFORMIN_500,Metformin 500mg Tablets,22,393,99
2024-11-23,MH-PUNE-PHC-001,METFORMIN_500,Metformin 500mg Tablets,20,373,98
2024-11-24,MH-PUNE-PHC-001,METFORMIN_500,Metformin 500mg Tablets,25,348,81
2024-11-25,MH-PUNE-PHC-001,METFORMIN_500,Metformin 500mg Tablets,18,330,82
2024-11-26,MH-PUNE-PHC-001,METFORMIN_500,Metformin 500mg Tablets,25,305,96
2024-11-27,MH-PUNE-PHC-001,METFORMIN_500,Metformin 500mg Tablets,20,285,102
2024-11-28,MH-PUNE-PHC-001,METFORMIN_500,Metformin 500mg Tablets,20,265,101
2024-11-29,MH-PUNE-PHC-001,METFORMIN_500,Metformin 500mg Tablets,23,242,90
2024-11-30,MH-PUNE-PHC-001,METFORMIN_500,Metformin 500mg Tablets,21,221,84
2024-12-01,MH-PUNE-PHC-001,METFORMIN_500,Metformin 500mg Tablets,23,198,104
2024-12-02,MH-PUNE-PHC-001,METFORMIN_500,Metformin 500mg Tablets,25,173,86
2024-12-03,MH-PUNE-PHC-001,METFORMIN_500,Metformin 500mg Tablets,21,152,89
2024-12-04,MH-PUNE-PHC-001,METFORMIN_500,Metformin 500mg Tablets,21,131,94
2024-12-05,MH-PUNE-PHC-001,METFORMIN_500,Metformin 500mg Tablets,23,428,90
2024-12-06,MH-PUNE-PHC-001,METFORMIN_500,Metformin 500mg Tablets,23,405,99
2024-12-07,MH-PUNE-PHC-001,METFORMIN_500,Metformin 500mg Tablets,20,385,92
2024-12-08,MH-PUNE-PHC-001,METFORMIN_500,Metformin 500mg Tablets,22,363,105
2024-12-09,MH-PUNE-PHC-001,METFORMIN_500,Metformin 500mg Tablets,24,339,89
2024-12-10,MH-PUNE-PHC-001,METFORMIN_500,Metformin 500mg Tablets,19,320,95
2024-12-11,MH-PUNE-PHC-001,METFORMIN_500,Metformin 500mg Tablets,21,299,81
2024-12-12,MH-PUNE-PHC-001,METFORMIN_500,Metformin 500mg Tablets,23,276,101
2024-12-13,MH-PUNE-PHC-001,METFORMIN_500,Metformin 500mg Tablets,24,252,86
2024-12-14,MH-PUNE-PHC-001,METFORMIN_500,Metformin 500mg Tablets,22,230,100
2024-12-15,MH-PUNE-PHC-001,METFORMIN_500,Metformin 500mg Tablets,23,207,95
2024-12-16,MH-PUNE-PHC-001,METFORMIN_500,Metformin 500mg Tablets,24,183,84
2024-12-17,MH-PUNE-PHC-001,METFORMIN_500,Metformin 500mg Tablets,22,161,88
2024-12-18,MH-PUNE-PHC-001,METFORMIN_500,Metformin 500mg Tablets,22,139,91
2024-12-19,MH-PUNE-PHC-001,METFORMIN_500,Metformin 500mg Tablets,23,400,92
2024-12-20,MH-PUNE-PHC-001,METFORMIN_500,Metformin 500mg Tablets,25,375,104
2024-12-21,MH-PUNE-PHC-001,METFORMIN_500,Metformin 500mg Tablets,22,353,86
2024-12-22,MH-PUNE-PHC-001,METFORMIN_500,Metformin 500mg Tablets,24,329,98
2024-12-23,MH-PUNE-PHC-001,METFORMIN_500,Metformin 500mg Tablets,20,309,92
2024-12-24,MH-PUNE-PHC-001,METFORMIN_500,Metformin 500mg Tablets,20,289,100
2024-12-25,MH-PUNE-PHC-001,METFORMIN_500,Metformin 500mg Tablets,24,265,104
2024-12-26,MH-PUNE-PHC-001,METFORMIN_500,Metformin 500mg Tablets,20,245,85
2024-12-27,MH-PUNE-PHC-001,METFORMIN_500,Metformin 500mg Tablets,25,220,99
2024-12-28,MH-PUNE-PHC-001,METFORMIN_500,Metformin 500mg Tablets,24,196,98
2024-12-29,MH-PUNE-PHC-001,METFORMIN_500,Metformin 500mg Tablets,23,173,92
2024-12-30,MH-PUNE-PHC-001,METFORMIN_500,Metformin 500mg Tablets,25,148,83
2024-12-31,MH-PUNE-PHC-001,METFORMIN_500,Metformin 500mg Tablets,18,130,89
2025-01-01,MH-PUNE-PHC-001,METFORMIN_500,Metformin 500mg Tablets,18,389,103
2025-01-02,MH-PUNE-PHC-001,METFORMIN_500,Metformin 500mg Tablets,21,368,84
2025-01-03,MH-PUNE-PHC-001,METFORMIN_500,Metformin 500mg Tablets,22,346,95
2025-01-04,MH-PUNE-PHC-001,METFORMIN_500,Metformin 500mg Tablets,19,327,92
2025-01-05,MH-PUNE-PHC-001,METFORMIN_500,Metformin 500mg Tablets,18,309,82
2025-01-06,MH-PUNE-PHC-001,METFORMIN_500,Metformin 500mg Tablets,22,287,83
2025-01-07,MH-PUNE-PHC-001,METFORMIN_500,Metformin 500mg Tablets,24,263,90
2025-01-08,MH-PUNE-PHC-001,METFORMIN_500,Metformin 500mg Tablets,22,241,87
2025-01-09,MH-PUNE-PHC-001,METFORMIN_500,Metformin 500mg Tablets,20,221,100
2025-01-10,MH-PUNE-PHC-001,METFORMIN_500,Metformin 500mg Tablets,22,199,88
2025-01-11,MH-PUNE-PHC-001,METFORMIN_500,Metformin 500mg Tablets,23,176,98
2025-01-12,MH-PUNE-PHC-001,METFORMIN_500,Metformin 500mg Tablets,20,156,96
2025-01-13,MH-PUNE-PHC-001,METFORMIN_500,Metformin 500mg Tablets,24,132,104
2025-01-14,MH-PUNE-PHC-001,METFORMIN_500,Metformin 500mg Tablets,18,358,85
2025-01-15,MH-PUNE-PHC-001,METFORMIN_500,Metformin 500mg Tablets,20,338,95
2025-01-16,MH-PUNE-PHC-001,METFORMIN_500,Metformin 500mg Tablets,24,314,104
2025-01-17,MH-PUNE-PHC-001,METFORMIN_500,Metformin 500mg Tablets,23,291,94
2025-01-18,MH-PUNE-PHC-001,METFORMIN_500,Metformin 500mg Tablets,20,271,102
2025-01-19,MH-PUNE-PHC-001,METFORMIN_500,Metformin 500mg Tablets,19,252,95
2025-01-20,MH-PUNE-PHC-001,METFORMIN_500,Metformin 500mg Tablets,25,227,100
2025-01-21,MH-PUNE-PHC-001,METFORMIN_500,Metformin 500mg Tablets,19,208,88
2025-01-22,MH-PUNE-PHC-001,METFORMIN_500,Metformin 500mg Tablets,19,189,86
2025-01-23,MH-PUNE-PHC-001,METFORMIN_500,Metformin 500mg Tablets,24,165,90
2025-01-24,MH-PUNE-PHC-001,METFORMIN_500,Metformin 500mg Tablets,24,141,87
2025-01-25,MH-PUNE-PHC-001,METFORMIN_500,Metformin 500mg Tablets,22,368,98
2025-01-26,MH-PUNE-PHC-001,METFORMIN_500,Metformin 500mg Tablets,18,350,99
2025-01-27,MH-PUNE-PHC-001,METFORMIN_500,Metformin 500mg Tablets,20,330,84
2025-01-28,MH-PUNE-PHC-001,METFORMIN_500,Metformin 500mg Tablets,20,310,95
2025-01-29,MH-PUNE-PHC-001,METFORMIN_500,Metformin 500mg Tablets,22,288,96
2025-01-30,MH-PUNE-PHC-001,METFORMIN_500,Metformin 500mg Tablets,18,270,84
2025-01-31,MH-PUNE-PHC-001,METFORMIN_500,Metformin 500mg Tablets,24,246,84
2025-02-01,MH-PUNE-PHC-001,METFORMIN_500,Metformin 500mg Tablets,20,226,102
2025-02-02,MH-PUNE-PHC-001,METFORMIN_500,Metformin 500mg Tablets,19,207,96
2025-02-03,MH-PUNE-PHC-001,METFORMIN_500,Metformin 500mg Tablets,21,186,89
2025-02-04,MH-PUNE-PHC-001,METFORMIN_500,Metformin 500mg Tablets,24,162,99
2025-02-05,MH-PUNE-PHC-001,METFORMIN_500,Metformin 500mg Tablets,22,140,95
2025-02-06,MH-PUNE-PHC-001,METFORMIN_500,Metformin 500mg Tablets,23,357,95
2025-02-07,MH-PUNE-PHC-001,METFORMIN_500,Metformin 500mg Tablets,21,336,104
2025-02-08,MH-PUNE-PHC-001,METFORMIN_500,Metformin 500mg Tablets,25,311,99
2025-02-09,MH-PUNE-PHC-001,METFORMIN_500,Metformin 500mg Tablets,24,287,86
2025-02-10,MH-PUNE-PHC-001,METFORMIN_500,Metformin 500mg Tablets,25,262,87
2025-02-11,MH-PUNE-PHC-001,METFORMIN_500,Metformin 500mg Tablets,19,243,89
2025-02-12,MH-PUNE-PHC-001,METFORMIN_500,Metformin 500mg Tablets,20,223,85
2025-02-13,MH-PUNE-PHC-001,METFORMIN_500,Metformin 500mg Tablets,19,204,82
2025-02-14,MH-PUNE-PHC-001,METFORMIN_500,Metformin 500mg Tablets,20,184,90
2025-02-15,MH-PUNE-PHC-001,METFORMIN_500,Metformin 500mg Tablets,19,165,98
2024-11-18,MH-PUNE-PHC-001,INSULIN_REGULAR,Insulin Regular (100IU/ml),5,229,82
2024-11-19,MH-PUNE-PHC-001,INSULIN_REGULAR,Insulin Regular (100IU/ml),4,225,100
2024-11-20,MH-PUNE-PHC-001,INSULIN_REGULAR,Insulin Regular (100IU/ml),4,221,88
2024-11-21,MH-PUNE-PHC-001,INSULIN_REGULAR,Insulin Regular (100IU/ml),6,215,100
2024-11-22,MH-PUNE-PHC-001,INSULIN_REGULAR,Insulin Regular (100IU/ml),8,207,94
2024-11-23,MH-PUNE-PHC-001,INSULIN_REGULAR,Insulin Regular (100IU/ml),4,203,93
2024-11-24,MH-PUNE-PHC-001,INSULIN_REGULAR,Insulin Regular (100IU/ml),1,202,97
2024-11-25,MH-PUNE-PHC-001,INSULIN_REGULAR,Insulin Regular (100IU/ml),2,200,83
2024-11-26,MH-PUNE-PHC-001,INSULIN_REGULAR,Insulin Regular (100IU/ml),3,197,103
2024-11-27,MH-PUNE-PHC-001,INSULIN_REGULAR,Insulin Regular (100IU/ml),3,194,85
2024-11-28,MH-PUNE-PHC-001,INSULIN_REGULAR,Insulin Regular (100IU/ml),8,186,93
2024-11-29,MH-PUNE-PHC-001,INSULIN_REGULAR,Insulin Regular (100IU/ml),5,181,84
2024-11-30,MH-PUNE-PHC-001,INSULIN_REGULAR,Insulin Regular (100IU/ml),3,178,84
2024-12-01,MH-PUNE-PHC-001,INSULIN_REGULAR,Insulin Regular (100IU/ml),1,177,96
2024-12-02,MH-PUNE-PHC-001,INSULIN_REGULAR,Insulin Regular (100IU/ml),7,170,92
2024-12-03,MH-PUNE-PHC-001,INSULIN_REGULAR,Insulin Regular (100IU/ml),7,163,102
2024-12-04,MH-PUNE-PHC-001,INSULIN_REGULAR,Insulin Regular (100IU/ml),3,160,96
2024-12-05,MH-PUNE-PHC-001,INSULIN_REGULAR,Insulin Regular (100IU/ml),3,157,99
2024-12-06,MH-PUNE-PHC-001,INSULIN_REGULAR,Insulin Regular (100IU/ml),3,154,83
2024-12-07,MH-PUNE-PHC-001,INSULIN_REGULAR,Insulin Regular (100IU/ml),4,150,105
2024-12-08,MH-PUNE-PHC-001,INSULIN_REGULAR,Insulin Regular (100IU/ml),3,147,99
2024-12-09,MH-PUNE-PHC-001,INSULIN_REGULAR,Insulin Regular (100IU/ml),8,139,103
2024-12-10,MH-PUNE-PHC-001,INSULIN_REGULAR,Insulin Regular (100IU/ml),2,137,100
2024-12-11,MH-PUNE-PHC-001,INSULIN_REGULAR,Insulin Regular (100IU/ml),2,135,81
2024-12-12,MH-PUNE-PHC-001,INSULIN_REGULAR,Insulin Regular (100IU/ml),8,127,83
2024-12-13,MH-PUNE-PHC-001,INSULIN_REGULAR,Insulin Regular (100IU/ml),7,120,95
2024-12-14,MH-PUNE-PHC-001,INSULIN_REGULAR,Insulin Regular (100IU/ml),5,115,102
2024-12-15,MH-PUNE-PHC-001,INSULIN_REGULAR,Insulin Regular (100IU/ml),5,110,104
2024-12-16,MH-PUNE-PHC-001,INSULIN_REGULAR,Insulin Regular (100IU/ml),7,103,94
2024-12-17,MH-PUNE-PHC-001,INSULIN_REGULAR,Insulin Regular (100IU/ml),1,102,95
2024-12-18,MH-PUNE-PHC-001,INSULIN_REGULAR,Insulin Regular (100IU/ml),2,100,91
2024-12-19,MH-PUNE-PHC-001,INSULIN_REGULAR,Insulin Regular (100IU/ml),1,99,82
2024-12-20,MH-PUNE-PHC-001,INSULIN_REGULAR,Insulin Regular (100IU/ml),8,91,104
2024-12-21,MH-PUNE-PHC-001,INSULIN_REGULAR,Insulin Regular (100IU/ml),7,84,105
2024-12-22,MH-PUNE-PHC-001,INSULIN_REGULAR,Insulin Regular (100IU/ml),7,77,99
2024-12-23,MH-PUNE-PHC-001,INSULIN_REGULAR,Insulin Regular (100IU/ml),5,72,93
2024-12-24,MH-PUNE-PHC-001,INSULIN_REGULAR,Insulin Regular (100IU/ml),2,70,91
2024-12-25,MH-PUNE-PHC-001,INSULIN_REGULAR,Insulin Regular (100IU/ml),6,64,83
2024-12-26,MH-PUNE-PHC-001,INSULIN_REGULAR,Insulin Regular (100IU/ml),7,57,82
2024-12-27,MH-PUNE-PHC-001,INSULIN_REGULAR,Insulin Regular (100IU/ml),7,50,87
2024-12-28,MH-PUNE-PHC-001,INSULIN_REGULAR,Insulin Regular (100IU/ml),2,48,105
2024-12-29,MH-PUNE-PHC-001,INSULIN_REGULAR,Insulin Regular (100IU/ml),8,40,93
2024-12-30,MH-PUNE-PHC-001,INSULIN_REGULAR,Insulin Regular (100IU/ml),6,34,90
2024-12-31,MH-PUNE-PHC-001,INSULIN_REGULAR,Insulin Regular (100IU/ml),2,95,100
2025-01-01,MH-PUNE-PHC-001,INSULIN_REGULAR,Insulin Regular (100IU/ml),2,93,89
2025-01-02,MH-PUNE-PHC-001,INSULIN_REGULAR,Insulin Regular (100IU/ml),5,88,103
2025-01-03,MH-PUNE-PHC-001,INSULIN_REGULAR,Insulin Regular (100IU/ml),5,83,84
2025-01-04,MH-PUNE-PHC-001,INSULIN_REGULAR,Insulin Regular (100IU/ml),7,76,98
2025-01-05,MH-PUNE-PHC-001,INSULIN_REGULAR,Insulin Regular (100IU/ml),8,68,98
2025-01-06,MH-PUNE-PHC-001,INSULIN_REGULAR,Insulin Regular (100IU/ml),1,67,95
2025-01-07,MH-PUNE-PHC-001,INSULIN_REGULAR,Insulin Regular (100IU/ml),5,62,105
2025-01-08,MH-PUNE-PHC-001,INSULIN_REGULAR,Insulin Regular (100IU/ml),5,57,105
2025-01-09,MH-PUNE-PHC-001,INSULIN_REGULAR,Insulin Regular (100IU/ml),5,52,102
2025-01-10,MH-PUNE-PHC-001,INSULIN_REGULAR,Insulin Regular (100IU/ml),6,46,95
2025-01-11,MH-PUNE-PHC-001,INSULIN_REGULAR,Insulin Regular (100IU/ml),5,41,92
2025-01-12,MH-PUNE-PHC-001,INSULIN_REGULAR,Insulin Regular (100IU/ml),5,36,96
2025-01-13,MH-PUNE-PHC-001,INSULIN_REGULAR,Insulin Regular (100IU/ml),2,34,102
2025-01-14,MH-PUNE-PHC-001,INSULIN_REGULAR,Insulin Regular (100IU/ml),5,185,85
2025-01-15,MH-PUNE-PHC-001,INSULIN_REGULAR,Insulin Regular (100IU/ml),8,177,88
2025-01-16,MH-PUNE-PHC-001,INSULIN_REGULAR,Insulin Regular (100IU/ml),7,170,84
2025-01-17,MH-PUNE-PHC-001,INSULIN_REGULAR,Insulin Regular (100IU/ml),4,166,102
2025-01-18,MH-PUNE-PHC-001,INSULIN_REGULAR,Insulin Regular (100IU/ml),1,165,82
2025-01-19,MH-PUNE-PHC-001,INSULIN_REGULAR,Insulin Regular (100IU/ml),5,160,82
2025-01-20,MH-PUNE-PHC-001,INSULIN_REGULAR,Insulin Regular (100IU/ml),1,159,84
2025-01-21,MH-PUNE-PHC-001,INSULIN_REGULAR,Insulin Regular (100IU/ml),2,157,85
2025-01-22,MH-PUNE-PHC-001,INSULIN_REGULAR,Insulin Regular (100IU/ml),7,150,88
2025-01-23,MH-PUNE-PHC-001,INSULIN_REGULAR,Insulin Regular (100IU/ml),1,149,89
2025-01-24,MH-PUNE-PHC-001,INSULIN_REGULAR,Insulin Regular (100IU/ml),5,144,89
2025-01-25,MH-PUNE-PHC-001,INSULIN_REGULAR,Insulin Regular (100IU/ml),4,140,95
2025-01-26,MH-PUNE-PHC-001,INSULIN_REGULAR,Insulin Regular (100IU/ml),2,138,105
2025-01-27,MH-PUNE-PHC-001,INSULIN_REGULAR,Insulin Regular (100IU/ml),2,136,82
2025-01-28,MH-PUNE-PHC-001,INSULIN_REGULAR,Insulin Regular (100IU/ml),1,135,82
2025-01-29,MH-PUNE-PHC-001,INSULIN_REGULAR,Insulin Regular (100IU/ml),6,129,91
2025-01-30,MH-PUNE-PHC-001,INSULIN_REGULAR,Insulin Regular (100IU/ml),5,124,82
2025-01-31,MH-PUNE-PHC-001,INSULIN_REGULAR,Insulin Regular (100IU/ml),4,120,91
2025-02-01,MH-PUNE-PHC-001,INSULIN_REGULAR,Insulin Regular (100IU/ml),5,115,102
2025-02-02,MH-PUNE-PHC-001,INSULIN_REGULAR,Insulin Regular (100IU/ml),6,109,105
2025-02-03,MH-PUNE-PHC-001,INSULIN_REGULAR,Insulin Regular (100IU/ml),8,101,99
2025-02-04,MH-PUNE-PHC-001,INSULIN_REGULAR,Insulin Regular (100IU/ml),8,93,95
2025-02-05,MH-PUNE-PHC-001,INSULIN_REGULAR,Insulin Regular (100IU/ml),4,89,96
2025-02-06,MH-PUNE-PHC-001,INSULIN_REGULAR,Insulin Regular (100IU/ml),3,86,86
2025-02-07,MH-PUNE-PHC-001,INSULIN_REGULAR,Insulin Regular (100IU/ml),5,81,97
2025-02-08,MH-PUNE-PHC-001,INSULIN_REGULAR,Insulin Regular (100IU/ml),4,77,93
2025-02-09,MH-PUNE-PHC-001,INSULIN_REGULAR,Insulin Regular (100IU/ml),2,75,87
2025-02-10,MH-PUNE-PHC-001,INSULIN_REGULAR,Insulin Regular (100IU/ml),5,70,104
2025-02-11,MH-PUNE-PHC-001,INSULIN_REGULAR,Insulin Regular (100IU/ml),5,65,83
2025-02-12,MH-PUNE-PHC-001,INSULIN_REGULAR,Insulin Regular (100IU/ml),5,60,84
2025-02-13,MH-PUNE-PHC-001,INSULIN_REGULAR,Insulin Regular (100IU/ml),7,53,104
2025-02-14,MH-PUNE-PHC-001,INSULIN_REGULAR,Insulin Regular (100IU/ml),1,52,81
2025-02-15,MH-PUNE-PHC-001,INSULIN_REGULAR,Insulin Regular (100IU/ml),6,46,104
2024-11-18,MH-PUNE-PHC-001,RABIES_VACCINE,Anti-Rabies Vaccine (ARV),6,75,90
2024-11-19,MH-PUNE-PHC-001,RABIES_VACCINE,Anti-Rabies Vaccine (ARV),2,73,100
2024-11-20,MH-PUNE-PHC-001,RABIES_VACCINE,Anti-Rabies Vaccine (ARV),1,72,100
2024-11-21,MH-PUNE-PHC-001,RABIES_VACCINE,Anti-Rabies Vaccine (ARV),1,71,99
2024-11-22,MH-PUNE-PHC-001,RABIES_VACCINE,Anti-Rabies Vaccine (ARV),3,68,93
2024-11-23,MH-PUNE-PHC-001,RABIES_VACCINE,Anti-Rabies Vaccine (ARV),3,65,87
2024-11-24,MH-PUNE-PHC-001,RABIES_VACCINE,Anti-Rabies Vaccine (ARV),1,64,92
2024-11-25,MH-PUNE-PHC-001,RABIES_VACCINE,Anti-Rabies Vaccine (ARV),1,63,101
2024-11-26,MH-PUNE-PHC-001,RABIES_VACCINE,Anti-Rabies Vaccine (ARV),7,56,97
2024-11-27,MH-PUNE-PHC-001,RABIES_VACCINE,Anti-Rabies Vaccine (ARV),6,50,97
2024-11-28,MH-PUNE-PHC-001,RABIES_VACCINE,Anti-Rabies Vaccine (ARV),2,48,97
2024-11-29,MH-PUNE-PHC-001,RABIES_VACCINE,Anti-Rabies Vaccine (ARV),3,45,83
2024-11-30,MH-PUNE-PHC-001,RABIES_VACCINE,Anti-Rabies Vaccine (ARV),6,39,89
2024-12-01,MH-PUNE-PHC-001,RABIES_VACCINE,Anti-Rabies Vaccine (ARV),3,36,87
2024-12-02,MH-PUNE-PHC-001,RABIES_VACCINE,Anti-Rabies Vaccine (ARV),3,33,94
2024-12-03,MH-PUNE-PHC-001,RABIES_VACCINE,Anti-Rabies Vaccine (ARV),1,32,91
2024-12-04,MH-PUNE-PHC-001,RABIES_VACCINE,Anti-Rabies Vaccine (ARV),1,31,92
2024-12-05,MH-PUNE-PHC-001,RABIES_VACCINE,Anti-Rabies Vaccine (ARV),7,24,100
2024-12-06,MH-PUNE-PHC-001,RABIES_VACCINE,Anti-Rabies Vaccine (ARV),2,87,102
2024-12-07,MH-PUNE-PHC-001,RABIES_VACCINE,Anti-Rabies Vaccine (ARV),3,84,105
2024-12-08,MH-PUNE-PHC-001,RABIES_VACCINE,Anti-Rabies Vaccine (ARV),1,83,98
2024-12-09,MH-PUNE-PHC-001,RABIES_VACCINE,Anti-Rabies Vaccine (ARV),1,82,97
2024-12-10,MH-PUNE-PHC-001,RABIES_VACCINE,Anti-Rabies Vaccine (ARV),7,75,82
2024-12-11,MH-PUNE-PHC-001,RABIES_VACCINE,Anti-Rabies Vaccine (ARV),3,72,102
2024-12-12,MH-PUNE-PHC-001,RABIES_VACCINE,Anti-Rabies Vaccine (ARV),3,69,89
2024-12-13,MH-PUNE-PHC-001,RABIES_VACCINE,Anti-Rabies Vaccine (ARV),6,63,98
2024-12-14,MH-PUNE-PHC-001,RABIES_VACCINE,Anti-Rabies Vaccine (ARV),6,57,82
2024-12-15,MH-PUNE-PHC-001,RABIES_VACCINE,Anti-Rabies Vaccine (ARV),1,56,85
2024-12-16,MH-PUNE-PHC-001,RABIES_VACCINE,Anti-Rabies Vaccine (ARV),5,51,95
2024-12-17,MH-PUNE-PHC-001,RABIES_VACCINE,Anti-Rabies Vaccine (ARV),5,46,99
2024-12-18,MH-PUNE-PHC-001,RABIES_VACCINE,Anti-Rabies Vaccine (ARV),1,45,92
2024-12-19,MH-PUNE-PHC-001,RABIES_VACCINE,Anti-Rabies Vaccine (ARV),3,42,92
2024-12-20,MH-PUNE-PHC-001,RABIES_VACCINE,Anti-Rabies Vaccine (ARV),3,39,105
2024-12-21,MH-PUNE-PHC-001,RABIES_VACCINE,Anti-Rabies Vaccine (ARV),1,38,101
2024-12-22,MH-PUNE-PHC-001,RABIES_VACCINE,Anti-Rabies Vaccine (ARV),3,35,92
2024-12-23,MH-PUNE-PHC-001,RABIES_VACCINE,Anti-Rabies Vaccine (ARV),1,34,103
2024-12-24,MH-PUNE-PHC-001,RABIES_VACCINE,Anti-Rabies Vaccine (ARV),5,29,93
2024-12-25,MH-PUNE-PHC-001,RABIES_VACCINE,Anti-Rabies Vaccine (ARV),1,89,85
2024-12-26,MH-PUNE-PHC-001,RABIES_VACCINE,Anti-Rabies Vaccine (ARV),7,82,87
2024-12-27,MH-PUNE-PHC-001,RABIES_VACCINE,Anti-Rabies Vaccine (ARV),1,81,94
2024-12-28,MH-PUNE-PHC-001,RABIES_VACCINE,Anti-Rabies Vaccine (ARV),1,80,82
2024-12-29,MH-PUNE-PHC-001,RABIES_VACCINE,Anti-Rabies Vaccine (ARV),4,76,88
2024-12-30,MH-PUNE-PHC-001,RABIES_VACCINE,Anti-Rabies Vaccine (ARV),7,69,92
2024-12-31,MH-PUNE-PHC-001,RABIES_VACCINE,Anti-Rabies Vaccine (ARV),6,63,105
2025-01-01,MH-PUNE-PHC-001,RABIES_VACCINE,Anti-Rabies Vaccine (ARV),4,59,95
2025-01-02,MH-PUNE-PHC-001,RABIES_VACCINE,Anti-Rabies Vaccine (ARV),5,54,90
2025-01-03,MH-PUNE-PHC-001,RABIES_VACCINE,Anti-Rabies Vaccine (ARV),1,53,100
2025-01-04,MH-PUNE-PHC-001,RABIES_VACCINE,Anti-Rabies Vaccine (ARV),5,48,98
2025-01-05,MH-PUNE-PHC-001,RABIES_VACCINE,Anti-Rabies Vaccine (ARV),4,44,101
2025-01-06,MH-PUNE-PHC-001,RABIES_VACCINE,Anti-Rabies Vaccine (ARV),6,38,97
2025-01-07,MH-PUNE-PHC-001,RABIES_VACCINE,Anti-Rabies Vaccine (ARV),7,31,93
2025-01-08,MH-PUNE-PHC-001,RABIES_VACCINE,Anti-Rabies Vaccine (ARV),1,30,93
2025-01-09,MH-PUNE-PHC-001,RABIES_VACCINE,Anti-Rabies Vaccine (ARV),1,29,99
2025-01-10,MH-PUNE-PHC-001,RABIES_VACCINE,Anti-Rabies Vaccine (ARV),3,129,81
2025-01-11,MH-PUNE-PHC-001,RABIES_VACCINE,Anti-Rabies Vaccine (ARV),2,127,104
2025-01-12,MH-PUNE-PHC-001,RABIES_VACCINE,Anti-Rabies Vaccine (ARV),2,125,91
2025-01-13,MH-PUNE-PHC-001,RABIES_VACCINE,Anti-Rabies Vaccine (ARV),6,119,96
2025-01-14,MH-PUNE-PHC-001,RABIES_VACCINE,Anti-Rabies Vaccine (ARV),1,118,84
2025-01-15,MH-PUNE-PHC-001,RABIES_VACCINE,Anti-Rabies Vaccine (ARV),1,117,96
2025-01-16,MH-PUNE-PHC-001,RABIES_VACCINE,Anti-Rabies Vaccine (ARV),7,110,91
2025-01-17,MH-PUNE-PHC-001,RABIES_VACCINE,Anti-Rabies Vaccine (ARV),3,107,104
2025-01-18,MH-PUNE-PHC-001,RABIES_VACCINE,Anti-Rabies Vaccine (ARV),6,101,99
2025-01-19,MH-PUNE-PHC-001,RABIES_VACCINE,Anti-Rabies Vaccine (ARV),2,99,105
2025-01-20,MH-PUNE-PHC-001,RABIES_VACCINE,Anti-Rabies Vaccine (ARV),4,95,87
2025-01-21,MH-PUNE-PHC-001,RABIES_VACCINE,Anti-Rabies Vaccine (ARV),1,94,95
2025-01-22,MH-PUNE-PHC-001,RABIES_VACCINE,Anti-Rabies Vaccine (ARV),2,92,91
2025-01-23,MH-PUNE-PHC-001,RABIES_VACCINE,Anti-Rabies Vaccine (ARV),2,90,96
2025-01-24,MH-PUNE-PHC-001,RABIES_VACCINE,Anti-Rabies Vaccine (ARV),7,83,82
2025-01-25,MH-PUNE-PHC-001,RABIES_VACCINE,Anti-Rabies Vaccine (ARV),4,79,100
2025-01-26,MH-PUNE-PHC-001,RABIES_VACCINE,Anti-Rabies Vaccine (ARV),6,73,104
2025-01-27,MH-PUNE-PHC-001,RABIES_VACCINE,Anti-Rabies Vaccine (ARV),7,66,102
2025-01-28,MH-PUNE-PHC-001,RABIES_VACCINE,Anti-Rabies Vaccine (ARV),2,64,93
2025-01-29,MH-PUNE-PHC-001,RABIES_VACCINE,Anti-Rabies Vaccine (ARV),3,61,99
2025-01-30,MH-PUNE-PHC-001,RABIES_VACCINE,Anti-Rabies Vaccine (ARV),2,59,104
2025-01-31,MH-PUNE-PHC-001,RABIES_VACCINE,Anti-Rabies Vaccine (ARV),1,58,88
2025-02-01,MH-PUNE-PHC-001,RABIES_VACCINE,Anti-Rabies Vaccine (ARV),2,56,100
2025-02-02,MH-PUNE-PHC-001,RABIES_VACCINE,Anti-Rabies Vaccine (ARV),4,52,84
2025-02-03,MH-PUNE-PHC-001,RABIES_VACCINE,Anti-Rabies Vaccine (ARV),5,47,87
2025-02-04,MH-PUNE-PHC-001,RABIES_VACCINE,Anti-Rabies Vaccine (ARV),6,41,92
2025-02-05,MH-PUNE-PHC-001,RABIES_VACCINE,Anti-Rabies Vaccine (ARV),3,38,87
2025-02-06,MH-PUNE-PHC-001,RABIES_VACCINE,Anti-Rabies Vaccine (ARV),3,35,92
2025-02-07,MH-PUNE-PHC-001,RABIES_VACCINE,Anti-Rabies Vaccine (ARV),1,34,102
2025-02-08,MH-PUNE-PHC-001,RABIES_VACCINE,Anti-Rabies Vaccine (ARV),1,33,96
2025-02-09,MH-PUNE-PHC-001,RABIES_VACCINE,Anti-Rabies Vaccine (ARV),3,30,102
2025-02-10,MH-PUNE-PHC-001,RABIES_VACCINE,Anti-Rabies Vaccine (ARV),4,26,81
2025-02-11,MH-PUNE-PHC-001,RABIES_VACCINE,Anti-Rabies Vaccine (ARV),1,25,94
2025-02-12,MH-PUNE-PHC-001,RABIES_VACCINE,Anti-Rabies Vaccine (ARV),5,20,96
2025-02-13,MH-PUNE-PHC-001,RABIES_VACCINE,Anti-Rabies Vaccine (ARV),2,18,83
2025-02-14,MH-PUNE-PHC-001,RABIES_VACCINE,Anti-Rabies Vaccine (ARV),1,17,100
2025-02-15,MH-PUNE-PHC-001,RABIES_VACCINE,Anti-Rabies Vaccine (ARV),1,16,98
2024-11-18,MH-PUNE-PHC-001,OXYGEN_CYLINDER,Medical Oxygen D-Type,5,82,101
2024-11-19,MH-PUNE-PHC-001,OXYGEN_CYLINDER,Medical Oxygen D-Type,3,79,90
2024-11-20,MH-PUNE-PHC-001,OXYGEN_CYLINDER,Medical Oxygen D-Type,1,78,100
2024-11-21,MH-PUNE-PHC-001,OXYGEN_CYLINDER,Medical Oxygen D-Type,1,77,98
2024-11-22,MH-PUNE-PHC-001,OXYGEN_CYLINDER,Medical Oxygen D-Type,3,74,85
2024-11-23,MH-PUNE-PHC-001,OXYGEN_CYLINDER,Medical Oxygen D-Type,4,70,87
2024-11-24,MH-PUNE-PHC-001,OXYGEN_CYLINDER,Medical Oxygen D-Type,1,69,101
2024-11-25,MH-PUNE-PHC-001,OXYGEN_CYLINDER,Medical Oxygen D-Type,2,67,89
2024-11-26,MH-PUNE-PHC-001,OXYGEN_CYLINDER,Medical Oxygen D-Type,1,66,104
2024-11-27,MH-PUNE-PHC-001,OXYGEN_CYLINDER,Medical Oxygen D-Type,4,62,83
2024-11-28,MH-PUNE-PHC-001,OXYGEN_CYLINDER,Medical Oxygen D-Type,1,61,97
2024-11-29,MH-PUNE-PHC-001,OXYGEN_CYLINDER,Medical Oxygen D-Type,1,60,95
2024-11-30,MH-PUNE-PHC-001,OXYGEN_CYLINDER,Medical Oxygen D-Type,3,57,98
2024-12-01,MH-PUNE-PHC-001,OXYGEN_CYLINDER,Medical Oxygen D-Type,1,56,102
2024-12-02,MH-PUNE-PHC-001,OXYGEN_CYLINDER,Medical Oxygen D-Type,5,51,100
2024-12-03,MH-PUNE-PHC-001,OXYGEN_CYLINDER,Medical Oxygen D-Type,1,50,91
2024-12-04,MH-PUNE-PHC-001,OXYGEN_CYLINDER,Medical Oxygen D-Type,1,49,93
2024-12-05,MH-PUNE-PHC-001,OXYGEN_CYLINDER,Medical Oxygen D-Type,3,46,89
2024-12-06,MH-PUNE-PHC-001,OXYGEN_CYLINDER,Medical Oxygen D-Type,4,42,100
2024-12-07,MH-PUNE-PHC-001,OXYGEN_CYLINDER,Medical Oxygen D-Type,2,40,92
2024-12-08,MH-PUNE-PHC-001,OXYGEN_CYLINDER,Medical Oxygen D-Type,1,39,87
2024-12-09,MH-PUNE-PHC-001,OXYGEN_CYLINDER,Medical Oxygen D-Type,1,38,81
2024-12-10,MH-PUNE-PHC-001,OXYGEN_CYLINDER,Medical Oxygen D-Type,1,37,94
2024-12-11,MH-PUNE-PHC-001,OXYGEN_CYLINDER,Medical Oxygen D-Type,1,36,96
2024-12-12,MH-PUNE-PHC-001,OXYGEN_CYLINDER,Medical Oxygen D-Type,1,35,90
2024-12-13,MH-PUNE-PHC-001,OXYGEN_CYLINDER,Medical Oxygen D-Type,1,34,96
2024-12-14,MH-PUNE-PHC-001,OXYGEN_CYLINDER,Medical Oxygen D-Type,3,31,90
2024-12-15,MH-PUNE-PHC-001,OXYGEN_CYLINDER,Medical Oxygen D-Type,1,30,105
2024-12-16,MH-PUNE-PHC-001,OXYGEN_CYLINDER,Medical Oxygen D-Type,3,27,100
2024-12-17,MH-PUNE-PHC-001,OXYGEN_CYLINDER,Medical Oxygen D-Type,1,26,103
2024-12-18,MH-PUNE-PHC-001,OXYGEN_CYLINDER,Medical Oxygen D-Type,3,23,81
2024-12-19,MH-PUNE-PHC-001,OXYGEN_CYLINDER,Medical Oxygen D-Type,3,20,88
2024-12-20,MH-PUNE-PHC-001,OXYGEN_CYLINDER,Medical Oxygen D-Type,1,19,85
2024-12-21,MH-PUNE-PHC-001,OXYGEN_CYLINDER,Medical Oxygen D-Type,5,14,91
2024-12-22,MH-PUNE-PHC-001,OXYGEN_CYLINDER,Medical Oxygen D-Type,1,13,82
2024-12-23,MH-PUNE-PHC-001,OXYGEN_CYLINDER,Medical Oxygen D-Type,3,10,91
2024-12-24,MH-PUNE-PHC-001,OXYGEN_CYLINDER,Medical Oxygen D-Type,3,10,100
2024-12-25,MH-PUNE-PHC-001,OXYGEN_CYLINDER,Medical Oxygen D-Type,1,10,82
2024-12-26,MH-PUNE-PHC-001,OXYGEN_CYLINDER,Medical Oxygen D-Type,1,10,104
2024-12-27,MH-PUNE-PHC-001,OXYGEN_CYLINDER,Medical Oxygen D-Type,4,10,88
2024-12-28,MH-PUNE-PHC-001,OXYGEN_CYLINDER,Medical Oxygen D-Type,2,10,85
2024-12-29,MH-PUNE-PHC-001,OXYGEN_CYLINDER,Medical Oxygen D-Type,1,10,86
2024-12-30,MH-PUNE-PHC-001,OXYGEN_CYLINDER,Medical Oxygen D-Type,1,10,95
2024-12-31,MH-PUNE-PHC-001,OXYGEN_CYLINDER,Medical Oxygen D-Type,1,10,93
2025-01-01,MH-PUNE-PHC-001,OXYGEN_CYLINDER,Medical Oxygen D-Type,1,10,81
2025-01-02,MH-PUNE-PHC-001,OXYGEN_CYLINDER,Medical Oxygen D-Type,5,10,103
2025-01-03,MH-PUNE-PHC-001,OXYGEN_CYLINDER,Medical Oxygen D-Type,1,10,95
2025-01-04,MH-PUNE-PHC-001,OXYGEN_CYLINDER,Medical Oxygen D-Type,2,10,83
2025-01-05,MH-PUNE-PHC-001,OXYGEN_CYLINDER,Medical Oxygen D-Type,4,10,98
2025-01-06,MH-PUNE-PHC-001,OXYGEN_CYLINDER,Medical Oxygen D-Type,4,10,82
2025-01-07,MH-PUNE-PHC-001,OXYGEN_CYLINDER,Medical Oxygen D-Type,2,10,90
2025-01-08,MH-PUNE-PHC-001,OXYGEN_CYLINDER,Medical Oxygen D-Type,1,10,84
2025-01-09,MH-PUNE-PHC-001,OXYGEN_CYLINDER,Medical Oxygen D-Type,1,10,93
2025-01-10,MH-PUNE-PHC-001,OXYGEN_CYLINDER,Medical Oxygen D-Type,1,10,88
2025-01-11,MH-PUNE-PHC-001,OXYGEN_CYLINDER,Medical Oxygen D-Type,1,10,98
2025-01-12,MH-PUNE-PHC-001,OXYGEN_CYLINDER,Medical Oxygen D-Type,1,10,89
2025-01-13,MH-PUNE-PHC-001,OXYGEN_CYLINDER,Medical Oxygen D-Type,1,10,102
2025-01-14,MH-PUNE-PHC-001,OXYGEN_CYLINDER,Medical Oxygen D-Type,5,10,83
2025-01-15,MH-PUNE-PHC-001,OXYGEN_CYLINDER,Medical Oxygen D-Type,4,10,83
2025-01-16,MH-PUNE-PHC-001,OXYGEN_CYLINDER,Medical Oxygen D-Type,1,10,99
2025-01-17,MH-PUNE-PHC-001,OXYGEN_CYLINDER,Medical Oxygen D-Type,4,10,93
2025-01-18,MH-PUNE-PHC-001,OXYGEN_CYLINDER,Medical Oxygen D-Type,1,10,94
2025-01-19,MH-PUNE-PHC-001,OXYGEN_CYLINDER,Medical Oxygen D-Type,5,10,86
2025-01-20,MH-PUNE-PHC-001,OXYGEN_CYLINDER,Medical Oxygen D-Type,1,10,102
2025-01-21,MH-PUNE-PHC-001,OXYGEN_CYLINDER,Medical Oxygen D-Type,1,10,101
2025-01-22,MH-PUNE-PHC-001,OXYGEN_CYLINDER,Medical Oxygen D-Type,1,10,96
2025-01-23,MH-PUNE-PHC-001,OXYGEN_CYLINDER,Medical Oxygen D-Type,4,10,104
2025-01-24,MH-PUNE-PHC-001,OXYGEN_CYLINDER,Medical Oxygen D-Type,1,10,104
2025-01-25,MH-PUNE-PHC-001,OXYGEN_CYLINDER,Medical Oxygen D-Type,1,10,84
2025-01-26,MH-PUNE-PHC-001,OXYGEN_CYLINDER,Medical Oxygen D-Type,1,10,97
2025-01-27,MH-PUNE-PHC-001,OXYGEN_CYLINDER,Medical Oxygen D-Type,1,10,85
2025-01-28,MH-PUNE-PHC-001,OXYGEN_CYLINDER,Medical Oxygen D-Type,5,10,81
2025-01-29,MH-PUNE-PHC-001,OXYGEN_CYLINDER,Medical Oxygen D-Type,1,10,98
2025-01-30,MH-PUNE-PHC-001,OXYGEN_CYLINDER,Medical Oxygen D-Type,1,10,84
2025-01-31,MH-PUNE-PHC-001,OXYGEN_CYLINDER,Medical Oxygen D-Type,2,10,86
2025-02-01,MH-PUNE-PHC-001,OXYGEN_CYLINDER,Medical Oxygen D-Type,1,10,94
2025-02-02,MH-PUNE-PHC-001,OXYGEN_CYLINDER,Medical Oxygen D-Type,1,10,84
2025-02-03,MH-PUNE-PHC-001,OXYGEN_CYLINDER,Medical Oxygen D-Type,4,10,90
2025-02-04,MH-PUNE-PHC-001,OXYGEN_CYLINDER,Medical Oxygen D-Type,4,10,89
2025-02-05,MH-PUNE-PHC-001,OXYGEN_CYLINDER,Medical Oxygen D-Type,1,10,96
2025-02-06,MH-PUNE-PHC-001,OXYGEN_CYLINDER,Medical Oxygen D-Type,4,10,86
2025-02-07,MH-PUNE-PHC-001,OXYGEN_CYLINDER,Medical Oxygen D-Type,3,10,85
2025-02-08,MH-PUNE-PHC-001,OXYGEN_CYLINDER,Medical Oxygen D-Type,1,10,103
2025-02-09,MH-PUNE-PHC-001,OXYGEN_CYLINDER,Medical Oxygen D-Type,1,10,104
2025-02-10,MH-PUNE-PHC-001,OXYGEN_CYLINDER,Medical Oxygen D-Type,1,10,89
2025-02-11,MH-PUNE-PHC-001,OXYGEN_CYLINDER,Medical Oxygen D-Type,4,10,83
2025-02-12,MH-PUNE-PHC-001,OXYGEN_CYLINDER,Medical Oxygen D-Type,4,10,100
2025-02-13,MH-PUNE-PHC-001,OXYGEN_CYLINDER,Medical Oxygen D-Type,1,10,82
2025-02-14,MH-PUNE-PHC-001,OXYGEN_CYLINDER,Medical Oxygen D-Type,1,10,86
2025-02-15,MH-PUNE-PHC-001,OXYGEN_CYLINDER,Medical Oxygen D-Type,3,10,105
2024-11-18,MH-PUNE-PHC-002,ORS,ORS Packets (Oral Rehydration),14,290,81
2024-11-19,MH-PUNE-PHC-002,ORS,ORS Packets (Oral Rehydration),19,271,65
2024-11-20,MH-PUNE-PHC-002,ORS,ORS Packets (Oral Rehydration),16,255,85
2024-11-21,MH-PUNE-PHC-002,ORS,ORS Packets (Oral Rehydration),17,238,73
2024-11-22,MH-PUNE-PHC-002,ORS,ORS Packets (Oral Rehydration),21,217,79
2024-11-23,MH-PUNE-PHC-002,ORS,ORS Packets (Oral Rehydration),21,196,63
2024-11-24,MH-PUNE-PHC-002,ORS,ORS Packets (Oral Rehydration),19,177,70
2024-11-25,MH-PUNE-PHC-002,ORS,ORS Packets (Oral Rehydration),16,161,66
2024-11-26,MH-PUNE-PHC-002,ORS,ORS Packets (Oral Rehydration),15,146,73
2024-11-27,MH-PUNE-PHC-002,ORS,ORS Packets (Oral Rehydration),19,127,64
2024-11-28,MH-PUNE-PHC-002,ORS,ORS Packets (Oral Rehydration),21,106,64
2024-11-29,MH-PUNE-PHC-002,ORS,ORS Packets (Oral Rehydration),17,344,78
2024-11-30,MH-PUNE-PHC-002,ORS,ORS Packets (Oral Rehydration),19,325,61
2024-12-01,MH-PUNE-PHC-002,ORS,ORS Packets (Oral Rehydration),17,308,85
2024-12-02,MH-PUNE-PHC-002,ORS,ORS Packets (Oral Rehydration),14,294,64
2024-12-03,MH-PUNE-PHC-002,ORS,ORS Packets (Oral Rehydration),15,279,84
2024-12-04,MH-PUNE-PHC-002,ORS,ORS Packets (Oral Rehydration),17,262,76
2024-12-05,MH-PUNE-PHC-002,ORS,ORS Packets (Oral Rehydration),19,243,81
2024-12-06,MH-PUNE-PHC-002,ORS,ORS Packets (Oral Rehydration),21,222,85
2024-12-07,MH-PUNE-PHC-002,ORS,ORS Packets (Oral Rehydration),14,208,82
2024-12-08,MH-PUNE-PHC-002,ORS,ORS Packets (Oral Rehydration),14,194,66
2024-12-09,MH-PUNE-PHC-002,ORS,ORS Packets (Oral Rehydration),21,173,69
2024-12-10,MH-PUNE-PHC-002,ORS,ORS Packets (Oral Rehydration),16,157,70
2024-12-11,MH-PUNE-PHC-002,ORS,ORS Packets (Oral Rehydration),18,139,69
2024-12-12,MH-PUNE-PHC-002,ORS,ORS Packets (Oral Rehydration),17,122,77
2024-12-13,MH-PUNE-PHC-002,ORS,ORS Packets (Oral Rehydration),18,104,73
2024-12-14,MH-PUNE-PHC-002,ORS,ORS Packets (Oral Rehydration),21,351,78
2024-12-15,MH-PUNE-PHC-002,ORS,ORS Packets (Oral Rehydration),21,330,76
2024-12-16,MH-PUNE-PHC-002,ORS,ORS Packets (Oral Rehydration),19,311,73
2024-12-17,MH-PUNE-PHC-002,ORS,ORS Packets (Oral Rehydration),21,290,62
2024-12-18,MH-PUNE-PHC-002,ORS,ORS Packets (Oral Rehydration),21,269,65
2024-12-19,MH-PUNE-PHC-002,ORS,ORS Packets (Oral Rehydration),17,252,75
2024-12-20,MH-PUNE-PHC-002,ORS,ORS Packets (Oral Rehydration),15,237,73
2024-12-21,MH-PUNE-PHC-002,ORS,ORS Packets (Oral Rehydration),16,221,69
2024-12-22,MH-PUNE-PHC-002,ORS,ORS Packets (Oral Rehydration),15,206,68
2024-12-23,MH-PUNE-PHC-002,ORS,ORS Packets (Oral Rehydration),18,188,68
2024-12-24,MH-PUNE-PHC-002,ORS,ORS Packets (Oral Rehydration),14,174,63
2024-12-25,MH-PUNE-PHC-002,ORS,ORS Packets (Oral Rehydration),15,159,73
2024-12-26,MH-PUNE-PHC-002,ORS,ORS Packets (Oral Rehydration),21,138,68
2024-12-27,MH-PUNE-PHC-002,ORS,ORS Packets (Oral Rehydration),16,122,72
2024-12-28,MH-PUNE-PHC-002,ORS,ORS Packets (Oral Rehydration),20,102,82
2024-12-29,MH-PUNE-PHC-002,ORS,ORS Packets (Oral Rehydration),15,332,62
2024-12-30,MH-PUNE-PHC-002,ORS,ORS Packets (Oral Rehydration),20,312,79
2024-12-31,MH-PUNE-PHC-002,ORS,ORS Packets (Oral Rehydration),17,295,85
2025-01-01,MH-PUNE-PHC-002,ORS,ORS Packets (Oral Rehydration),21,274,79
2025-01-02,MH-PUNE-PHC-002,ORS,ORS Packets (Oral Rehydration),19,255,72
2025-01-03,MH-PUNE-PHC-002,ORS,ORS Packets (Oral Rehydration),21,234,73
2025-01-04,MH-PUNE-PHC-002,ORS,ORS Packets (Oral Rehydration),19,215,70
2025-01-05,MH-PUNE-PHC-002,ORS,ORS Packets (Oral Rehydration),19,196,80
2025-01-06,MH-PUNE-PHC-002,ORS,ORS Packets (Oral Rehydration),18,178,84
2025-01-07,MH-PUNE-PHC-002,ORS,ORS Packets (Oral Rehydration),19,159,66
2025-01-08,MH-PUNE-PHC-002,ORS,ORS Packets (Oral Rehydration),18,141,78
2025-01-09,MH-PUNE-PHC-002,ORS,ORS Packets (Oral Rehydration),21,120,69
2025-01-10,MH-PUNE-PHC-002,ORS,ORS Packets (Oral Rehydration),17,103,69
2025-01-11,MH-PUNE-PHC-002,ORS,ORS Packets (Oral Rehydration),14,325,82
2025-01-12,MH-PUNE-PHC-002,ORS,ORS Packets (Oral Rehydration),21,304,61
2025-01-13,MH-PUNE-PHC-002,ORS,ORS Packets (Oral Rehydration),20,284,77
2025-01-14,MH-PUNE-PHC-002,ORS,ORS Packets (Oral Rehydration),18,266,76
2025-01-15,MH-PUNE-PHC-002,ORS,ORS Packets (Oral Rehydration),21,245,70
2025-01-16,MH-PUNE-PHC-002,ORS,ORS Packets (Oral Rehydration),17,228,68
2025-01-17,MH-PUNE-PHC-002,ORS,ORS Packets (Oral Rehydration),37,191,109
2025-01-18,MH-PUNE-PHC-002,ORS,ORS Packets (Oral Rehydration),31,160,90
2025-01-19,MH-PUNE-PHC-002,ORS,ORS Packets (Oral Rehydration),37,123,110
2025-01-20,MH-PUNE-PHC-002,ORS,ORS Packets (Oral Rehydration),31,92,89
2025-01-21,MH-PUNE-PHC-002,ORS,ORS Packets (Oral Rehydration),32,347,90
2025-01-22,MH-PUNE-PHC-002,ORS,ORS Packets (Oral Rehydration),31,316,91
2025-01-23,MH-PUNE-PHC-002,ORS,ORS Packets (Oral Rehydration),44,272,117
2025-01-24,MH-PUNE-PHC-002,ORS,ORS Packets (Oral Rehydration),41,231,98
2025-01-25,MH-PUNE-PHC-002,ORS,ORS Packets (Oral Rehydration),27,204,97
2025-01-26,MH-PUNE-PHC-002,ORS,ORS Packets (Oral Rehydration),36,168,116
2025-01-27,MH-PUNE-PHC-002,ORS,ORS Packets (Oral Rehydration),36,132,118
2025-01-28,MH-PUNE-PHC-002,ORS,ORS Packets (Oral Rehydration),27,105,88
2025-01-29,MH-PUNE-PHC-002,ORS,ORS Packets (Oral Rehydration),28,283,105
2025-01-30,MH-PUNE-PHC-002,ORS,ORS Packets (Oral Rehydration),28,255,114
2025-01-31,MH-PUNE-PHC-002,ORS,ORS Packets (Oral Rehydration),29,226,98
2025-02-01,MH-PUNE-PHC-002,ORS,ORS Packets (Oral Rehydration),38,188,95
2025-02-02,MH-PUNE-PHC-002,ORS,ORS Packets (Oral Rehydration),50,138,111
2025-02-03,MH-PUNE-PHC-002,ORS,ORS Packets (Oral Rehydration),42,96,118
2025-02-04,MH-PUNE-PHC-002,ORS,ORS Packets (Oral Rehydration),27,331,117
2025-02-05,MH-PUNE-PHC-002,ORS,ORS Packets (Oral Rehydration),39,292,102
2025-02-06,MH-PUNE-PHC-002,ORS,ORS Packets (Oral Rehydration),40,252,120
2025-02-07,MH-PUNE-PHC-002,ORS,ORS Packets (Oral Rehydration),33,219,102
2025-02-08,MH-PUNE-PHC-002,ORS,ORS Packets (Oral Rehydration),40,179,85
2025-02-09,MH-PUNE-PHC-002,ORS,ORS Packets (Oral Rehydration),38,141,109
2025-02-10,MH-PUNE-PHC-002,ORS,ORS Packets (Oral Rehydration),32,109,111
2025-02-11,MH-PUNE-PHC-002,ORS,ORS Packets (Oral Rehydration),29,80,119
2025-02-12,MH-PUNE-PHC-002,ORS,ORS Packets (Oral Rehydration),47,33,103
2025-02-13,MH-PUNE-PHC-002,ORS,ORS Packets (Oral Rehydration),46,10,99
2025-02-14,MH-PUNE-PHC-002,ORS,ORS Packets (Oral Rehydration),43,10,116
2025-02-15,MH-PUNE-PHC-002,ORS,ORS Packets (Oral Rehydration),46,10,86
2024-11-18,MH-PUNE-PHC-002,PARACETAMOL_500,Paracetamol 500mg Tablets,41,627,85
2024-11-19,MH-PUNE-PHC-002,PARACETAMOL_500,Paracetamol 500mg Tablets,38,589,83
2024-11-20,MH-PUNE-PHC-002,PARACETAMOL_500,Paracetamol 500mg Tablets,37,552,74
2024-11-21,MH-PUNE-PHC-002,PARACETAMOL_500,Paracetamol 500mg Tablets,39,513,66
2024-11-22,MH-PUNE-PHC-002,PARACETAMOL_500,Paracetamol 500mg Tablets,37,476,71
2024-11-23,MH-PUNE-PHC-002,PARACETAMOL_500,Paracetamol 500mg Tablets,37,439,66
2024-11-24,MH-PUNE-PHC-002,PARACETAMOL_500,Paracetamol 500mg Tablets,37,402,68
2024-11-25,MH-PUNE-PHC-002,PARACETAMOL_500,Paracetamol 500mg Tablets,43,359,76
2024-11-26,MH-PUNE-PHC-002,PARACETAMOL_500,Paracetamol 500mg Tablets,36,323,73
2024-11-27,MH-PUNE-PHC-002,PARACETAMOL_500,Paracetamol 500mg Tablets,43,280,63
2024-11-28,MH-PUNE-PHC-002,PARACETAMOL_500,Paracetamol 500mg Tablets,37,243,79
2024-11-29,MH-PUNE-PHC-002,PARACETAMOL_500,Paracetamol 500mg Tablets,43,200,62
2024-11-30,MH-PUNE-PHC-002,PARACETAMOL_500,Paracetamol 500mg Tablets,39,630,74
2024-12-01,MH-PUNE-PHC-002,PARACETAMOL_500,Paracetamol 500mg Tablets,39,591,74
2024-12-02,MH-PUNE-PHC-002,PARACETAMOL_500,Paracetamol 500mg Tablets,42,549,82
2024-12-03,MH-PUNE-PHC-002,PARACETAMOL_500,Paracetamol 500mg Tablets,38,511,77
2024-12-04,MH-PUNE-PHC-002,PARACETAMOL_500,Paracetamol 500mg Tablets,42,469,75
2024-12-05,MH-PUNE-PHC-002,PARACETAMOL_500,Paracetamol 500mg Tablets,38,431,73
2024-12-06,MH-PUNE-PHC-002,PARACETAMOL_500,Paracetamol 500mg Tablets,38,393,80
2024-12-07,MH-PUNE-PHC-002,PARACETAMOL_500,Paracetamol 500mg Tablets,42,351,75
2024-12-08,MH-PUNE-PHC-002,PARACETAMOL_500,Paracetamol 500mg Tablets,38,313,69
2024-12-09,MH-PUNE-PHC-002,PARACETAMOL_500,Paracetamol 500mg Tablets,36,277,82
2024-12-10,MH-PUNE-PHC-002,PARACETAMOL_500,Paracetamol 500mg Tablets,42,235,70
2024-12-11,MH-PUNE-PHC-002,PARACETAMOL_500,Paracetamol 500mg Tablets,42,656,77
2024-12-12,MH-PUNE-PHC-002,PARACETAMOL_500,Paracetamol 500mg Tablets,38,618,68
2024-12-13,MH-PUNE-PHC-002,PARACETAMOL_500,Paracetamol 500mg Tablets,38,580,79
2024-12-14,MH-PUNE-PHC-002,PARACETAMOL_500,Paracetamol 500mg Tablets,42,538,82
2024-12-15,MH-PUNE-PHC-002,PARACETAMOL_500,Paracetamol 500mg Tablets,43,495,71
2024-12-16,MH-PUNE-PHC-002,PARACETAMOL_500,Paracetamol 500mg Tablets,39,456,65
2024-12-17,MH-PUNE-PHC-002,PARACETAMOL_500,Paracetamol 500mg Tablets,46,410,95
2024-12-18,MH-PUNE-PHC-002,PARACETAMOL_500,Paracetamol 500mg Tablets,52,358,84
2024-12-19,MH-PUNE-PHC-002,PARACETAMOL_500,Paracetamol 500mg Tablets,58,300,99
2024-12-20,MH-PUNE-PHC-002,PARACETAMOL_500,Paracetamol 500mg Tablets,51,249,81
2024-12-21,MH-PUNE-PHC-002,PARACETAMOL_500,Paracetamol 500mg Tablets,57,192,79
2024-12-22,MH-PUNE-PHC-002,PARACETAMOL_500,Paracetamol 500mg Tablets,62,610,99
2024-12-23,MH-PUNE-PHC-002,PARACETAMOL_500,Paracetamol 500mg Tablets,51,559,82
2024-12-24,MH-PUNE-PHC-002,PARACETAMOL_500,Paracetamol 500mg Tablets,58,501,78
2024-12-25,MH-PUNE-PHC-002,PARACETAMOL_500,Paracetamol 500mg Tablets,52,449,91
2024-12-26,MH-PUNE-PHC-002,PARACETAMOL_500,Paracetamol 500mg Tablets,54,395,93
2024-12-27,MH-PUNE-PHC-002,PARACETAMOL_500,Paracetamol 500mg Tablets,56,339,84
2024-12-28,MH-PUNE-PHC-002,PARACETAMOL_500,Paracetamol 500mg Tablets,49,290,88
2024-12-29,MH-PUNE-PHC-002,PARACETAMOL_500,Paracetamol 500mg Tablets,57,233,80
2024-12-30,MH-PUNE-PHC-002,PARACETAMOL_500,Paracetamol 500mg Tablets,60,669,93
2024-12-31,MH-PUNE-PHC-002,PARACETAMOL_500,Paracetamol 500mg Tablets,61,608,81
2025-01-01,MH-PUNE-PHC-002,PARACETAMOL_500,Paracetamol 500mg Tablets,54,554,88
2025-01-02,MH-PUNE-PHC-002,PARACETAMOL_500,Paracetamol 500mg Tablets,51,503,84
2025-01-03,MH-PUNE-PHC-002,PARACETAMOL_500,Paracetamol 500mg Tablets,44,459,98
2025-01-04,MH-PUNE-PHC-002,PARACETAMOL_500,Paracetamol 500mg Tablets,53,406,87
2025-01-05,MH-PUNE-PHC-002,PARACETAMOL_500,Paracetamol 500mg Tablets,62,344,84
2025-01-06,MH-PUNE-PHC-002,PARACETAMOL_500,Paracetamol 500mg Tablets,48,296,100
2025-01-07,MH-PUNE-PHC-002,PARACETAMOL_500,Paracetamol 500mg Tablets,52,244,76
2025-01-08,MH-PUNE-PHC-002,PARACETAMOL_500,Paracetamol 500mg Tablets,57,187,86
2025-01-09,MH-PUNE-PHC-002,PARACETAMOL_500,Paracetamol 500mg Tablets,52,548,84
2025-01-10,MH-PUNE-PHC-002,PARACETAMOL_500,Paracetamol 500mg Tablets,56,492,91
2025-01-11,MH-PUNE-PHC-002,PARACETAMOL_500,Paracetamol 500mg Tablets,56,436,88
2025-01-12,MH-PUNE-PHC-002,PARACETAMOL_500,Paracetamol 500mg Tablets,38,398,74
2025-01-13,MH-PUNE-PHC-002,PARACETAMOL_500,Paracetamol 500mg Tablets,42,356,61
2025-01-14,MH-PUNE-PHC-002,PARACETAMOL_500,Paracetamol 500mg Tablets,39,317,73
2025-01-15,MH-PUNE-PHC-002,PARACETAMOL_500,Paracetamol 500mg Tablets,43,274,84
2025-01-16,MH-PUNE-PHC-002,PARACETAMOL_500,Paracetamol 500mg Tablets,43,231,72
2025-01-17,MH-PUNE-PHC-002,PARACETAMOL_500,Paracetamol 500mg Tablets,36,633,74
2025-01-18,MH-PUNE-PHC-002,PARACETAMOL_500,Paracetamol 500mg Tablets,39,594,75
2025-01-19,MH-PUNE-PHC-002,PARACETAMOL_500,Paracetamol 500mg Tablets,43,551,72
2025-01-20,MH-PUNE-PHC-002,PARACETAMOL_500,Paracetamol 500mg Tablets,40,511,82
2025-01-21,MH-PUNE-PHC-002,PARACETAMOL_500,Paracetamol 500mg Tablets,40,471,64
2025-01-22,MH-PUNE-PHC-002,PARACETAMOL_500,Paracetamol 500mg Tablets,42,429,62
2025-01-23,MH-PUNE-PHC-002,PARACETAMOL_500,Paracetamol 500mg Tablets,41,388,84
2025-01-24,MH-PUNE-PHC-002,PARACETAMOL_500,Paracetamol 500mg Tablets,42,346,76
2025-01-25,MH-PUNE-PHC-002,PARACETAMOL_500,Paracetamol 500mg Tablets,38,308,61
2025-01-26,MH-PUNE-PHC-002,PARACETAMOL_500,Paracetamol 500mg Tablets,36,272,61
2025-01-27,MH-PUNE-PHC-002,PARACETAMOL_500,Paracetamol 500mg Tablets,37,235,77
2025-01-28,MH-PUNE-PHC-002,PARACETAMOL_500,Paracetamol 500mg Tablets,39,630,66
2025-01-29,MH-PUNE-PHC-002,PARACETAMOL_500,Paracetamol 500mg Tablets,40,590,65
2025-01-30,MH-PUNE-PHC-002,PARACETAMOL_500,Paracetamol 500mg Tablets,41,549,77
2025-01-31,MH-PUNE-PHC-002,PARACETAMOL_500,Paracetamol 500mg Tablets,38,511,77
2025-02-01,MH-PUNE-PHC-002,PARACETAMOL_500,Paracetamol 500mg Tablets,37,474,78
2025-02-02,MH-PUNE-PHC-002,PARACETAMOL_500,Paracetamol 500mg Tablets,40,434,81
2025-02-03,MH-PUNE-PHC-002,PARACETAMOL_500,Paracetamol 500mg Tablets,39,395,61
2025-02-04,MH-PUNE-PHC-002,PARACETAMOL_500,Paracetamol 500mg Tablets,36,359,66
2025-02-05,MH-PUNE-PHC-002,PARACETAMOL_500,Paracetamol 500mg Tablets,37,322,68
2025-02-06,MH-PUNE-PHC-002,PARACETAMOL_500,Paracetamol 500mg Tablets,36,286,83
2025-02-07,MH-PUNE-PHC-002,PARACETAMOL_500,Paracetamol 500mg Tablets,39,247,68
2025-02-08,MH-PUNE-PHC-002,PARACETAMOL_500,Paracetamol 500mg Tablets,42,205,71
2025-02-09,MH-PUNE-PHC-002,PARACETAMOL_500,Paracetamol 500mg Tablets,40,583,76
2025-02-10,MH-PUNE-PHC-002,PARACETAMOL_500,Paracetamol 500mg Tablets,41,542,66
2025-02-11,MH-PUNE-PHC-002,PARACETAMOL_500,Paracetamol 500mg Tablets,37,505,78
2025-02-12,MH-PUNE-PHC-002,PARACETAMOL_500,Paracetamol 500mg Tablets,43,462,77
2025-02-13,MH-PUNE-PHC-002,PARACETAMOL_500,Paracetamol 500mg Tablets,41,421,70
2025-02-14,MH-PUNE-PHC-002,PARACETAMOL_500,Paracetamol 500mg Tablets,42,379,65
2025-02-15,MH-PUNE-PHC-002,PARACETAMOL_500,Paracetamol 500mg Tablets,38,341,79
2024-11-18,MH-PUNE-PHC-002,AMOXICILLIN_500,Amoxicillin 500mg Capsules,26,494,79
2024-11-19,MH-PUNE-PHC-002,AMOXICILLIN_500,Amoxicillin 500mg Capsules,23,471,73
2024-11-20,MH-PUNE-PHC-002,AMOXICILLIN_500,Amoxicillin 500mg Capsules,24,447,79
2024-11-21,MH-PUNE-PHC-002,AMOXICILLIN_500,Amoxicillin 500mg Capsules,24,423,76
2024-11-22,MH-PUNE-PHC-002,AMOXICILLIN_500,Amoxicillin 500mg Capsules,22,401,85
2024-11-23,MH-PUNE-PHC-002,AMOXICILLIN_500,Amoxicillin 500mg Capsules,25,376,80
2024-11-24,MH-PUNE-PHC-002,AMOXICILLIN_500,Amoxicillin 500mg Capsules,26,350,80
2024-11-25,MH-PUNE-PHC-002,AMOXICILLIN_500,Amoxicillin 500mg Capsules,28,322,85
2024-11-26,MH-PUNE-PHC-002,AMOXICILLIN_500,Amoxicillin 500mg Capsules,24,298,79
2024-11-27,MH-PUNE-PHC-002,AMOXICILLIN_500,Amoxicillin 500mg Capsules,22,276,73
2024-11-28,MH-PUNE-PHC-002,AMOXICILLIN_500,Amoxicillin 500mg Capsules,27,249,71
2024-11-29,MH-PUNE-PHC-002,AMOXICILLIN_500,Amoxicillin 500mg Capsules,23,226,68
2024-11-30,MH-PUNE-PHC-002,AMOXICILLIN_500,Amoxicillin 500mg Capsules,25,201,67
2024-12-01,MH-PUNE-PHC-002,AMOXICILLIN_500,Amoxicillin 500mg Capsules,23,178,61
2024-12-02,MH-PUNE-PHC-002,AMOXICILLIN_500,Amoxicillin 500mg Capsules,26,530,72
2024-12-03,MH-PUNE-PHC-002,AMOXICILLIN_500,Amoxicillin 500mg Capsules,28,502,82
2024-12-04,MH-PUNE-PHC-002,AMOXICILLIN_500,Amoxicillin 500mg Capsules,25,477,76
2024-12-05,MH-PUNE-PHC-002,AMOXICILLIN_500,Amoxicillin 500mg Capsules,28,449,81
2024-12-06,MH-PUNE-PHC-002,AMOXICILLIN_500,Amoxicillin 500mg Capsules,27,422,70
2024-12-07,MH-PUNE-PHC-002,AMOXICILLIN_500,Amoxicillin 500mg Capsules,23,399,83
2024-12-08,MH-PUNE-PHC-002,AMOXICILLIN_500,Amoxicillin 500mg Capsules,26,373,77
2024-12-09,MH-PUNE-PHC-002,AMOXICILLIN_500,Amoxicillin 500mg Capsules,27,346,64
2024-12-10,MH-PUNE-PHC-002,AMOXICILLIN_500,Amoxicillin 500mg Capsules,27,319,69
2024-12-11,MH-PUNE-PHC-002,AMOXICILLIN_500,Amoxicillin 500mg Capsules,26,293,67
2024-12-12,MH-PUNE-PHC-002,AMOXICILLIN_500,Amoxicillin 500mg Capsules,28,265,61
2024-12-13,MH-PUNE-PHC-002,AMOXICILLIN_500,Amoxicillin 500mg Capsules,22,243,85
2024-12-14,MH-PUNE-PHC-002,AMOXICILLIN_500,Amoxicillin 500mg Capsules,28,215,72
2024-12-15,MH-PUNE-PHC-002,AMOXICILLIN_500,Amoxicillin 500mg Capsules,21,194,78
2024-12-16,MH-PUNE-PHC-002,AMOXICILLIN_500,Amoxicillin 500mg Capsules,22,172,77
2024-12-17,MH-PUNE-PHC-002,AMOXICILLIN_500,Amoxicillin 500mg Capsules,25,487,85
2024-12-18,MH-PUNE-PHC-002,AMOXICILLIN_500,Amoxicillin 500mg Capsules,21,466,82
2024-12-19,MH-PUNE-PHC-002,AMOXICILLIN_500,Amoxicillin 500mg Capsules,26,440,78
2024-12-20,MH-PUNE-PHC-002,AMOXICILLIN_500,Amoxicillin 500mg Capsules,25,415,83
2024-12-21,MH-PUNE-PHC-002,AMOXICILLIN_500,Amoxicillin 500mg Capsules,28,387,66
2024-12-22,MH-PUNE-PHC-002,AMOXICILLIN_500,Amoxicillin 500mg Capsules,24,363,62
2024-12-23,MH-PUNE-PHC-002,AMOXICILLIN_500,Amoxicillin 500mg Capsules,27,336,66
2024-12-24,MH-PUNE-PHC-002,AMOXICILLIN_500,Amoxicillin 500mg Capsules,27,309,63
2024-12-25,MH-PUNE-PHC-002,AMOXICILLIN_500,Amoxicillin 500mg Capsules,26,283,83
2024-12-26,MH-PUNE-PHC-002,AMOXICILLIN_500,Amoxicillin 500mg Capsules,21,262,69
2024-12-27,MH-PUNE-PHC-002,AMOXICILLIN_500,Amoxicillin 500mg Capsules,28,234,81
2024-12-28,MH-PUNE-PHC-002,AMOXICILLIN_500,Amoxicillin 500mg Capsules,24,210,80
2024-12-29,MH-PUNE-PHC-002,AMOXICILLIN_500,Amoxicillin 500mg Capsules,25,185,76
2024-12-30,MH-PUNE-PHC-002,AMOXICILLIN_500,Amoxicillin 500mg Capsules,23,162,65
2024-12-31,MH-PUNE-PHC-002,AMOXICILLIN_500,Amoxicillin 500mg Capsules,22,462,84
2025-01-01,MH-PUNE-PHC-002,AMOXICILLIN_500,Amoxicillin 500mg Capsules,22,440,65
2025-01-02,MH-PUNE-PHC-002,AMOXICILLIN_500,Amoxicillin 500mg Capsules,22,418,81
2025-01-03,MH-PUNE-PHC-002,AMOXICILLIN_500,Amoxicillin 500mg Capsules,23,395,73
2025-01-04,MH-PUNE-PHC-002,AMOXICILLIN_500,Amoxicillin 500mg Capsules,24,371,71
2025-01-05,MH-PUNE-PHC-002,AMOXICILLIN_500,Amoxicillin 500mg Capsules,28,343,81
2025-01-06,MH-PUNE-PHC-002,AMOXICILLIN_500,Amoxicillin 500mg Capsules,24,319,62
2025-01-07,MH-PUNE-PHC-002,AMOXICILLIN_500,Amoxicillin 500mg Capsules,23,296,80
2025-01-08,MH-PUNE-PHC-002,AMOXICILLIN_500,Amoxicillin 500mg Capsules,22,274,85
2025-01-09,MH-PUNE-PHC-002,AMOXICILLIN_500,Amoxicillin 500mg Capsules,23,251,79
2025-01-10,MH-PUNE-PHC-002,AMOXICILLIN_500,Amoxicillin 500mg Capsules,23,228,78
2025-01-11,MH-PUNE-PHC-002,AMOXICILLIN_500,Amoxicillin 500mg Capsules,27,201,66
2025-01-12,MH-PUNE-PHC-002,AMOXICILLIN_500,Amoxicillin 500mg Capsules,26,175,74
2025-01-13,MH-PUNE-PHC-002,AMOXICILLIN_500,Amoxicillin 500mg Capsules,22,514,66
2025-01-14,MH-PUNE-PHC-002,AMOXICILLIN_500,Amoxicillin 500mg Capsules,21,493,83
2025-01-15,MH-PUNE-PHC-002,AMOXICILLIN_500,Amoxicillin 500mg Capsules,22,471,65
2025-01-16,MH-PUNE-PHC-002,AMOXICILLIN_500,Amoxicillin 500mg Capsules,26,445,83
2025-01-17,MH-PUNE-PHC-002,AMOXICILLIN_500,Amoxicillin 500mg Capsules,21,424,73
2025-01-18,MH-PUNE-PHC-002,AMOXICILLIN_500,Amoxicillin 500mg Capsules,24,400,70
2025-01-19,MH-PUNE-PHC-002,AMOXICILLIN_500,Amoxicillin 500mg Capsules,24,376,85
2025-01-20,MH-PUNE-PHC-002,AMOXICILLIN_500,Amoxicillin 500mg Capsules,28,348,78
2025-01-21,MH-PUNE-PHC-002,AMOXICILLIN_500,Amoxicillin 500mg Capsules,23,325,80
2025-01-22,MH-PUNE-PHC-002,AMOXICILLIN_500,Amoxicillin 500mg Capsules,21,304,82
2025-01-23,MH-PUNE-PHC-002,AMOXICILLIN_500,Amoxicillin 500mg Capsules,27,277,77
2025-01-24,MH-PUNE-PHC-002,AMOXICILLIN_500,Amoxicillin 500mg Capsules,25,252,69
2025-01-25,MH-PUNE-PHC-002,AMOXICILLIN_500,Amoxicillin 500mg Capsules,21,231,61
2025-01-26,MH-PUNE-PHC-002,AMOXICILLIN_500,Amoxicillin 500mg Capsules,27,204,71
2025-01-27,MH-PUNE-PHC-002,AMOXICILLIN_500,Amoxicillin 500mg Capsules,28,176,83
2025-01-28,MH-PUNE-PHC-002,AMOXICILLIN_500,Amoxicillin 500mg Capsules,23,489,82
2025-01-29,MH-PUNE-PHC-002,AMOXICILLIN_500,Amoxicillin 500mg Capsules,23,466,84
2025-01-30,MH-PUNE-PHC-002,AMOXICILLIN_500,Amoxicillin 500mg Capsules,25,441,77
2025-01-31,MH-PUNE-PHC-002,AMOXICILLIN_500,Amoxicillin 500mg Capsules,26,415,70
2025-02-01,MH-PUNE-PHC-002,AMOXICILLIN_500,Amoxicillin 500mg Capsules,27,388,61
2025-02-02,MH-PUNE-PHC-002,AMOXICILLIN_500,Amoxicillin 500mg Capsules,25,363,73
2025-02-03,MH-PUNE-PHC-002,AMOXICILLIN_500,Amoxicillin 500mg Capsules,21,342,62
2025-02-04,MH-PUNE-PHC-002,AMOXICILLIN_500,Amoxicillin 500mg Capsules,26,316,80
2025-02-05,MH-PUNE-PHC-002,AMOXICILLIN_500,Amoxicillin 500mg Capsules,21,295,80
2025-02-06,MH-PUNE-PHC-002,AMOXICILLIN_500,Amoxicillin 500mg Capsules,23,272,62
2025-02-07,MH-PUNE-PHC-002,AMOXICILLIN_500,Amoxicillin 500mg Capsules,23,249,77
2025-02-08,MH-PUNE-PHC-002,AMOXICILLIN_500,Amoxicillin 500mg Capsules,26,223,66
2025-02-09,MH-PUNE-PHC-002,AMOXICILLIN_500,Amoxicillin 500mg Capsules,27,196,82
2025-02-10,MH-PUNE-PHC-002,AMOXICILLIN_500,Amoxicillin 500mg Capsules,27,169,70
2025-02-11,MH-PUNE-PHC-002,AMOXICILLIN_500,Amoxicillin 500mg Capsules,21,148,66
2025-02-12,MH-PUNE-PHC-002,AMOXICILLIN_500,Amoxicillin 500mg Capsules,28,120,71
2025-02-13,MH-PUNE-PHC-002,AMOXICILLIN_500,Amoxicillin 500mg Capsules,26,94,64
2025-02-14,MH-PUNE-PHC-002,AMOXICILLIN_500,Amoxicillin 500mg Capsules,28,66,67
2025-02-15,MH-PUNE-PHC-002,AMOXICILLIN_500,Amoxicillin 500mg Capsules,26,40,75
2024-11-18,MH-PUNE-PHC-002,AZITHROMYCIN_500,Azithromycin 500mg Tablets,11,281,84
2024-11-19,MH-PUNE-PHC-002,AZITHROMYCIN_500,Azithromycin 500mg Tablets,15,266,80
2024-11-20,MH-PUNE-PHC-002,AZITHROMYCIN_500,Azithromycin 500mg Tablets,16,250,75
2024-11-21,MH-PUNE-PHC-002,AZITHROMYCIN_500,Azithromycin 500mg Tablets,12,238,62
2024-11-22,MH-PUNE-PHC-002,AZITHROMYCIN_500,Azithromycin 500mg Tablets,18,220,62
2024-11-23,MH-PUNE-PHC-002,AZITHROMYCIN_500,Azithromycin 500mg Tablets,13,207,85
2024-11-24,MH-PUNE-PHC-002,AZITHROMYCIN_500,Azithromycin 500mg Tablets,12,195,82
2024-11-25,MH-PUNE-PHC-002,AZITHROMYCIN_500,Azithromycin 500mg Tablets,14,181,71
2024-11-26,MH-PUNE-PHC-002,AZITHROMYCIN_500,Azithromycin 500mg Tablets,13,168,77
2024-11-27,MH-PUNE-PHC-002,AZITHROMYCIN_500,Azithromycin 500mg Tablets,14,154,71
2024-11-28,MH-PUNE-PHC-002,AZITHROMYCIN_500,Azithromycin 500mg Tablets,11,143,80
2024-11-29,MH-PUNE-PHC-002,AZITHROMYCIN_500,Azithromycin 500mg Tablets,17,126,68
2024-11-30,MH-PUNE-PHC-002,AZITHROMYCIN_500,Azithromycin 500mg Tablets,18,108,71
2024-12-01,MH-PUNE-PHC-002,AZITHROMYCIN_500,Azithromycin 500mg Tablets,14,94,84
2024-12-02,MH-PUNE-PHC-002,AZITHROMYCIN_500,Azithromycin 500mg Tablets,14,312,81
2024-12-03,MH-PUNE-PHC-002,AZITHROMYCIN_500,Azithromycin 500mg Tablets,18,294,67
2024-12-04,MH-PUNE-PHC-002,AZITHROMYCIN_500,Azithromycin 500mg Tablets,16,278,71
2024-12-05,MH-PUNE-PHC-002,AZITHROMYCIN_500,Azithromycin 500mg Tablets,18,260,81
2024-12-06,MH-PUNE-PHC-002,AZITHROMYCIN_500,Azithromycin 500mg Tablets,16,244,78
2024-12-07,MH-PUNE-PHC-002,AZITHROMYCIN_500,Azithromycin 500mg Tablets,15,229,84
2024-12-08,MH-PUNE-PHC-002,AZITHROMYCIN_500,Azithromycin 500mg Tablets,17,212,61
2024-12-09,MH-PUNE-PHC-002,AZITHROMYCIN_500,Azithromycin 500mg Tablets,18,194,69
2024-12-10,MH-PUNE-PHC-002,AZITHROMYCIN_500,Azithromycin 500mg Tablets,16,178,76
2024-12-11,MH-PUNE-PHC-002,AZITHROMYCIN_500,Azithromycin 500mg Tablets,18,160,84
2024-12-12,MH-PUNE-PHC-002,AZITHROMYCIN_500,Azithromycin 500mg Tablets,14,146,71
2024-12-13,MH-PUNE-PHC-002,AZITHROMYCIN_500,Azithromycin 500mg Tablets,13,133,81
2024-12-14,MH-PUNE-PHC-002,AZITHROMYCIN_500,Azithromycin 500mg Tablets,11,122,66
2024-12-15,MH-PUNE-PHC-002,AZITHROMYCIN_500,Azithromycin 500mg Tablets,11,111,69
2024-12-16,MH-PUNE-PHC-002,AZITHROMYCIN_500,Azithromycin 500mg Tablets,14,97,63
2024-12-17,MH-PUNE-PHC-002,AZITHROMYCIN_500,Azithromycin 500mg Tablets,35,62,92
2024-12-18,MH-PUNE-PHC-002,AZITHROMYCIN_500,Azithromycin 500mg Tablets,26,214,98
2024-12-19,MH-PUNE-PHC-002,AZITHROMYCIN_500,Azithromycin 500mg Tablets,31,183,87
2024-12-20,MH-PUNE-PHC-002,AZITHROMYCIN_500,Azithromycin 500mg Tablets,30,153,76
2024-12-21,MH-PUNE-PHC-002,AZITHROMYCIN_500,Azithromycin 500mg Tablets,34,119,83
2024-12-22,MH-PUNE-PHC-002,AZITHROMYCIN_500,Azithromycin 500mg Tablets,39,80,81
2024-12-23,MH-PUNE-PHC-002,AZITHROMYCIN_500,Azithromycin 500mg Tablets,26,297,78
2024-12-24,MH-PUNE-PHC-002,AZITHROMYCIN_500,Azithromycin 500mg Tablets,30,267,77
2024-12-25,MH-PUNE-PHC-002,AZITHROMYCIN_500,Azithromycin 500mg Tablets,40,227,84
2024-12-26,MH-PUNE-PHC-002,AZITHROMYCIN_500,Azithromycin 500mg Tablets,30,197,88
2024-12-27,MH-PUNE-PHC-002,AZITHROMYCIN_500,Azithromycin 500mg Tablets,27,170,88
2024-12-28,MH-PUNE-PHC-002,AZITHROMYCIN_500,Azithromycin 500mg Tablets,36,134,93
2024-12-29,MH-PUNE-PHC-002,AZITHROMYCIN_500,Azithromycin 500mg Tablets,23,111,78
2024-12-30,MH-PUNE-PHC-002,AZITHROMYCIN_500,Azithromycin 500mg Tablets,20,91,96
2024-12-31,MH-PUNE-PHC-002,AZITHROMYCIN_500,Azithromycin 500mg Tablets,32,287,100
2025-01-01,MH-PUNE-PHC-002,AZITHROMYCIN_500,Azithromycin 500mg Tablets,27,260,96
2025-01-02,MH-PUNE-PHC-002,AZITHROMYCIN_500,Azithromycin 500mg Tablets,20,240,100
2025-01-03,MH-PUNE-PHC-002,AZITHROMYCIN_500,Azithromycin 500mg Tablets,33,207,97
2025-01-04,MH-PUNE-PHC-002,AZITHROMYCIN_500,Azithromycin 500mg Tablets,32,175,84
2025-01-05,MH-PUNE-PHC-002,AZITHROMYCIN_500,Azithromycin 500mg Tablets,29,146,84
2025-01-06,MH-PUNE-PHC-002,AZITHROMYCIN_500,Azithromycin 500mg Tablets,25,121,92
2025-01-07,MH-PUNE-PHC-002,AZITHROMYCIN_500,Azithromycin 500mg Tablets,27,94,82
2025-01-08,MH-PUNE-PHC-002,AZITHROMYCIN_500,Azithromycin 500mg Tablets,40,228,86
2025-01-09,MH-PUNE-PHC-002,AZITHROMYCIN_500,Azithromycin 500mg Tablets,32,196,77
2025-01-10,MH-PUNE-PHC-002,AZITHROMYCIN_500,Azithromycin 500mg Tablets,24,172,99
2025-01-11,MH-PUNE-PHC-002,AZITHROMYCIN_500,Azithromycin 500mg Tablets,30,142,86
2025-01-12,MH-PUNE-PHC-002,AZITHROMYCIN_500,Azithromycin 500mg Tablets,17,125,82
2025-01-13,MH-PUNE-PHC-002,AZITHROMYCIN_500,Azithromycin 500mg Tablets,14,111,82
2025-01-14,MH-PUNE-PHC-002,AZITHROMYCIN_500,Azithromycin 500mg Tablets,12,99,65
2025-01-15,MH-PUNE-PHC-002,AZITHROMYCIN_500,Azithromycin 500mg Tablets,18,81,64
2025-01-16,MH-PUNE-PHC-002,AZITHROMYCIN_500,Azithromycin 500mg Tablets,14,309,74
2025-01-17,MH-PUNE-PHC-002,AZITHROMYCIN_500,Azithromycin 500mg Tablets,16,293,85
2025-01-18,MH-PUNE-PHC-002,AZITHROMYCIN_500,Azithromycin 500mg Tablets,17,276,71
2025-01-19,MH-PUNE-PHC-002,AZITHROMYCIN_500,Azithromycin 500mg Tablets,17,259,76
2025-01-20,MH-PUNE-PHC-002,AZITHROMYCIN_500,Azithromycin 500mg Tablets,18,241,71
2025-01-21,MH-PUNE-PHC-002,AZITHROMYCIN_500,Azithromycin 500mg Tablets,14,227,72
2025-01-22,MH-PUNE-PHC-002,AZITHROMYCIN_500,Azithromycin 500mg Tablets,18,209,77
2025-01-23,MH-PUNE-PHC-002,AZITHROMYCIN_500,Azithromycin 500mg Tablets,16,193,61
2025-01-24,MH-PUNE-PHC-002,AZITHROMYCIN_500,Azithromycin 500mg Tablets,17,176,81
2025-01-25,MH-PUNE-PHC-002,AZITHROMYCIN_500,Azithromycin 500mg Tablets,18,158,79
2025-01-26,MH-PUNE-PHC-002,AZITHROMYCIN_500,Azithromycin 500mg Tablets,17,141,62
2025-01-27,MH-PUNE-PHC-002,AZITHROMYCIN_500,Azithromycin 500mg Tablets,12,129,68
2025-01-28,MH-PUNE-PHC-002,AZITHROMYCIN_500,Azithromycin 500mg Tablets,12,117,82
2025-01-29,MH-PUNE-PHC-002,AZITHROMYCIN_500,Azithromycin 500mg Tablets,16,101,75
2025-01-30,MH-PUNE-PHC-002,AZITHROMYCIN_500,Azithromycin 500mg Tablets,14,87,73
2025-01-31,MH-PUNE-PHC-002,AZITHROMYCIN_500,Azithromycin 500mg Tablets,18,323,84
2025-02-01,MH-PUNE-PHC-002,AZITHROMYCIN_500,Azithromycin 500mg Tablets,14,309,73
2025-02-02,MH-PUNE-PHC-002,AZITHROMYCIN_500,Azithromycin 500mg Tablets,11,298,64
2025-02-03,MH-PUNE-PHC-002,AZITHROMYCIN_500,Azithromycin 500mg Tablets,16,282,70
2025-02-04,MH-PUNE-PHC-002,AZITHROMYCIN_500,Azithromycin 500mg Tablets,11,271,81
2025-02-05,MH-PUNE-PHC-002,AZITHROMYCIN_500,Azithromycin 500mg Tablets,13,258,82
2025-02-06,MH-PUNE-PHC-002,AZITHROMYCIN_500,Azithromycin 500mg Tablets,12,246,76
2025-02-07,MH-PUNE-PHC-002,AZITHROMYCIN_500,Azithromycin 500mg Tablets,16,230,84
2025-02-08,MH-PUNE-PHC-002,AZITHROMYCIN_500,Azithromycin 500mg Tablets,16,214,72
2025-02-09,MH-PUNE-PHC-002,AZITHROMYCIN_500,Azithromycin 500mg Tablets,13,201,81
2025-02-10,MH-PUNE-PHC-002,AZITHROMYCIN_500,Azithromycin 500mg Tablets,11,190,84
2025-02-11,MH-PUNE-PHC-002,AZITHROMYCIN_500,Azithromycin 500mg Tablets,17,173,78
2025-02-12,MH-PUNE-PHC-002,AZITHROMYCIN_500,Azithromycin 500mg Tablets,11,162,85
2025-02-13,MH-PUNE-PHC-002,AZITHROMYCIN_500,Azithromycin 500mg Tablets,15,147,67
2025-02-14,MH-PUNE-PHC-002,AZITHROMYCIN_500,Azithromycin 500mg Tablets,13,134,84
2025-02-15,MH-PUNE-PHC-002,AZITHROMYCIN_500,Azithromycin 500mg Tablets,11,123,63
2024-11-18,MH-PUNE-PHC-002,METFORMIN_500,Metformin 500mg Tablets,23,511,71
2024-11-19,MH-PUNE-PHC-002,METFORMIN_500,Metformin 500mg Tablets,24,487,77
2024-11-20,MH-PUNE-PHC-002,METFORMIN_500,Metformin 500mg Tablets,23,464,71
2024-11-21,MH-PUNE-PHC-002,METFORMIN_500,Metformin 500mg Tablets,18,446,76
2024-11-22,MH-PUNE-PHC-002,METFORMIN_500,Metformin 500mg Tablets,22,424,75
2024-11-23,MH-PUNE-PHC-002,METFORMIN_500,Metformin 500mg Tablets,19,405,78
2024-11-24,MH-PUNE-PHC-002,METFORMIN_500,Metformin 500mg Tablets,25,380,64
2024-11-25,MH-PUNE-PHC-002,METFORMIN_500,Metformin 500mg Tablets,20,360,66
2024-11-26,MH-PUNE-PHC-002,METFORMIN_500,Metformin 500mg Tablets,21,339,61
2024-11-27,MH-PUNE-PHC-002,METFORMIN_500,Metformin 500mg Tablets,21,318,82
2024-11-28,MH-PUNE-PHC-002,METFORMIN_500,Metformin 500mg Tablets,23,295,82
2024-11-29,MH-PUNE-PHC-002,METFORMIN_500,Metformin 500mg Tablets,23,272,74
2024-11-30,MH-PUNE-PHC-002,METFORMIN_500,Metformin 500mg Tablets,21,251,64
2024-12-01,MH-PUNE-PHC-002,METFORMIN_500,Metformin 500mg Tablets,23,228,82
2024-12-02,MH-PUNE-PHC-002,METFORMIN_500,Metformin 500mg Tablets,24,204,64
2024-12-03,MH-PUNE-PHC-002,METFORMIN_500,Metformin 500mg Tablets,21,183,65
2024-12-04,MH-PUNE-PHC-002,METFORMIN_500,Metformin 500mg Tablets,23,160,79
2024-12-05,MH-PUNE-PHC-002,METFORMIN_500,Metformin 500mg Tablets,20,140,76
2024-12-06,MH-PUNE-PHC-002,METFORMIN_500,Metformin 500mg Tablets,19,420,69
2024-12-07,MH-PUNE-PHC-002,METFORMIN_500,Metformin 500mg Tablets,18,402,71
2024-12-08,MH-PUNE-PHC-002,METFORMIN_500,Metformin 500mg Tablets,19,383,62
2024-12-09,MH-PUNE-PHC-002,METFORMIN_500,Metformin 500mg Tablets,23,360,67
2024-12-10,MH-PUNE-PHC-002,METFORMIN_500,Metformin 500mg Tablets,19,341,73
2024-12-11,MH-PUNE-PHC-002,METFORMIN_500,Metformin 500mg Tablets,18,323,78
2024-12-12,MH-PUNE-PHC-002,METFORMIN_500,Metformin 500mg Tablets,21,302,80
2024-12-13,MH-PUNE-PHC-002,METFORMIN_500,Metformin 500mg Tablets,20,282,85
2024-12-14,MH-PUNE-PHC-002,METFORMIN_500,Metformin 500mg Tablets,21,261,77
2024-12-15,MH-PUNE-PHC-002,METFORMIN_500,Metformin 500mg Tablets,21,240,61
2024-12-16,MH-PUNE-PHC-002,METFORMIN_500,Metformin 500mg Tablets,23,217,61
2024-12-17,MH-PUNE-PHC-002,METFORMIN_500,Metformin 500mg Tablets,22,195,73
2024-12-18,MH-PUNE-PHC-002,METFORMIN_500,Metformin 500mg Tablets,24,171,80
2024-12-19,MH-PUNE-PHC-002,METFORMIN_500,Metformin 500mg Tablets,22,149,73
2024-12-20,MH-PUNE-PHC-002,METFORMIN_500,Metformin 500mg Tablets,22,127,68
2024-12-21,MH-PUNE-PHC-002,METFORMIN_500,Metformin 500mg Tablets,20,358,74
2024-12-22,MH-PUNE-PHC-002,METFORMIN_500,Metformin 500mg Tablets,23,335,65
2024-12-23,MH-PUNE-PHC-002,METFORMIN_500,Metformin 500mg Tablets,23,312,76
2024-12-24,MH-PUNE-PHC-002,METFORMIN_500,Metformin 500mg Tablets,23,289,81
2024-12-25,MH-PUNE-PHC-002,METFORMIN_500,Metformin 500mg Tablets,19,270,81
2024-12-26,MH-PUNE-PHC-002,METFORMIN_500,Metformin 500mg Tablets,25,245,82
2024-12-27,MH-PUNE-PHC-002,METFORMIN_500,Metformin 500mg Tablets,22,223,77
2024-12-28,MH-PUNE-PHC-002,METFORMIN_500,Metformin 500mg Tablets,25,198,74
2024-12-29,MH-PUNE-PHC-002,METFORMIN_500,Metformin 500mg Tablets,24,174,70
2024-12-30,MH-PUNE-PHC-002,METFORMIN_500,Metformin 500mg Tablets,20,154,74
2024-12-31,MH-PUNE-PHC-002,METFORMIN_500,Metformin 500mg Tablets,23,131,76
2025-01-01,MH-PUNE-PHC-002,METFORMIN_500,Metformin 500mg Tablets,21,390,72
2025-01-02,MH-PUNE-PHC-002,METFORMIN_500,Metformin 500mg Tablets,19,371,65
2025-01-03,MH-PUNE-PHC-002,METFORMIN_500,Metformin 500mg Tablets,22,349,71
2025-01-04,MH-PUNE-PHC-002,METFORMIN_500,Metformin 500mg Tablets,19,330,69
2025-01-05,MH-PUNE-PHC-002,METFORMIN_500,Metformin 500mg Tablets,20,310,76
2025-01-06,MH-PUNE-PHC-002,METFORMIN_500,Metformin 500mg Tablets,21,289,70
2025-01-07,MH-PUNE-PHC-002,METFORMIN_500,Metformin 500mg Tablets,23,266,73
2025-01-08,MH-PUNE-PHC-002,METFORMIN_500,Metformin 500mg Tablets,19,247,64
2025-01-09,MH-PUNE-PHC-002,METFORMIN_500,Metformin 500mg Tablets,23,224,69
2025-01-10,MH-PUNE-PHC-002,METFORMIN_500,Metformin 500mg Tablets,24,200,66
2025-01-11,MH-PUNE-PHC-002,METFORMIN_500,Metformin 500mg Tablets,23,177,77
2025-01-12,MH-PUNE-PHC-002,METFORMIN_500,Metformin 500mg Tablets,18,159,79
2025-01-13,MH-PUNE-PHC-002,METFORMIN_500,Metformin 500mg Tablets,18,141,85
2025-01-14,MH-PUNE-PHC-002,METFORMIN_500,Metformin 500mg Tablets,19,363,63
2025-01-15,MH-PUNE-PHC-002,METFORMIN_500,Metformin 500mg Tablets,25,338,62
2025-01-16,MH-PUNE-PHC-002,METFORMIN_500,Metformin 500mg Tablets,20,318,70
2025-01-17,MH-PUNE-PHC-002,METFORMIN_500,Metformin 500mg Tablets,21,297,67
2025-01-18,MH-PUNE-PHC-002,METFORMIN_500,Metformin 500mg Tablets,23,274,61
2025-01-19,MH-PUNE-PHC-002,METFORMIN_500,Metformin 500mg Tablets,20,254,75
2025-01-20,MH-PUNE-PHC-002,METFORMIN_500,Metformin 500mg Tablets,25,229,74
2025-01-21,MH-PUNE-PHC-002,METFORMIN_500,Metformin 500mg Tablets,22,207,61
2025-01-22,MH-PUNE-PHC-002,METFORMIN_500,Metformin 500mg Tablets,25,182,78
2025-01-23,MH-PUNE-PHC-002,METFORMIN_500,Metformin 500mg Tablets,22,160,83
2025-01-24,MH-PUNE-PHC-002,METFORMIN_500,Metformin 500mg Tablets,18,142,75
2025-01-25,MH-PUNE-PHC-002,METFORMIN_500,Metformin 500mg Tablets,20,391,68
2025-01-26,MH-PUNE-PHC-002,METFORMIN_500,Metformin 500mg Tablets,24,367,80
2025-01-27,MH-PUNE-PHC-002,METFORMIN_500,Metformin 500mg Tablets,21,346,71
2025-01-28,MH-PUNE-PHC-002,METFORMIN_500,Metformin 500mg Tablets,21,325,83
2025-01-29,MH-PUNE-PHC-002,METFORMIN_500,Metformin 500mg Tablets,21,304,62
2025-01-30,MH-PUNE-PHC-002,METFORMIN_500,Metformin 500mg Tablets,24,280,67
2025-01-31,MH-PUNE-PHC-002,METFORMIN_500,Metformin 500mg Tablets,18,262,62
2025-02-01,MH-PUNE-PHC-002,METFORMIN_500,Metformin 500mg Tablets,19,243,73
2025-02-02,MH-PUNE-PHC-002,METFORMIN_500,Metformin 500mg Tablets,18,225,70
2025-02-03,MH-PUNE-PHC-002,METFORMIN_500,Metformin 500mg Tablets,23,202,63
2025-02-04,MH-PUNE-PHC-002,METFORMIN_500,Metformin 500mg Tablets,25,177,63
2025-02-05,MH-PUNE-PHC-002,METFORMIN_500,Metformin 500mg Tablets,19,158,73
2025-02-06,MH-PUNE-PHC-002,METFORMIN_500,Metformin 500mg Tablets,23,135,75
2025-02-07,MH-PUNE-PHC-002,METFORMIN_500,Metformin 500mg Tablets,23,403,63
2025-02-08,MH-PUNE-PHC-002,METFORMIN_500,Metformin 500mg Tablets,21,382,78
2025-02-09,MH-PUNE-PHC-002,METFORMIN_500,Metformin 500mg Tablets,20,362,71
2025-02-10,MH-PUNE-PHC-002,METFORMIN_500,Metformin 500mg Tablets,22,340,69
2025-02-11,MH-PUNE-PHC-002,METFORMIN_500,Metformin 500mg Tablets,25,315,74
2025-02-12,MH-PUNE-PHC-002,METFORMIN_500,Metformin 500mg Tablets,21,294,76
2025-02-13,MH-PUNE-PHC-002,METFORMIN_500,Metformin 500mg Tablets,20,274,83
2025-02-14,MH-PUNE-PHC-002,METFORMIN_500,Metformin 500mg Tablets,25,249,66
2025-02-15,MH-PUNE-PHC-002,METFORMIN_500,Metformin 500mg Tablets,25,224,61
2024-11-18,MH-PUNE-PHC-002,INSULIN_REGULAR,Insulin Regular (100IU/ml),8,125,84
2024-11-19,MH-PUNE-PHC-002,INSULIN_REGULAR,Insulin Regular (100IU/ml),3,122,82
2024-11-20,MH-PUNE-PHC-002,INSULIN_REGULAR,Insulin Regular (100IU/ml),8,114,77
2024-11-21,MH-PUNE-PHC-002,INSULIN_REGULAR,Insulin Regular (100IU/ml),7,107,67
2024-11-22,MH-PUNE-PHC-002,INSULIN_REGULAR,Insulin Regular (100IU/ml),7,100,75
2024-11-23,MH-PUNE-PHC-002,INSULIN_REGULAR,Insulin Regular (100IU/ml),6,94,78
2024-11-24,MH-PUNE-PHC-002,INSULIN_REGULAR,Insulin Regular (100IU/ml),2,92,84
2024-11-25,MH-PUNE-PHC-002,INSULIN_REGULAR,Insulin Regular (100IU/ml),5,87,80
2024-11-26,MH-PUNE-PHC-002,INSULIN_REGULAR,Insulin Regular (100IU/ml),4,83,70
2024-11-27,MH-PUNE-PHC-002,INSULIN_REGULAR,Insulin Regular (100IU/ml),6,77,66
2024-11-28,MH-PUNE-PHC-002,INSULIN_REGULAR,Insulin Regular (100IU/ml),6,71,82
2024-11-29,MH-PUNE-PHC-002,INSULIN_REGULAR,Insulin Regular (100IU/ml),5,66,79
2024-11-30,MH-PUNE-PHC-002,INSULIN_REGULAR,Insulin Regular (100IU/ml),8,58,73
2024-12-01,MH-PUNE-PHC-002,INSULIN_REGULAR,Insulin Regular (100IU/ml),6,52,69
2024-12-02,MH-PUNE-PHC-002,INSULIN_REGULAR,Insulin Regular (100IU/ml),4,48,68
2024-12-03,MH-PUNE-PHC-002,INSULIN_REGULAR,Insulin Regular (100IU/ml),3,45,74
2024-12-04,MH-PUNE-PHC-002,INSULIN_REGULAR,Insulin Regular (100IU/ml),7,38,71
2024-12-05,MH-PUNE-PHC-002,INSULIN_REGULAR,Insulin Regular (100IU/ml),7,31,81
2024-12-06,MH-PUNE-PHC-002,INSULIN_REGULAR,Insulin Regular (100IU/ml),3,118,79
2024-12-07,MH-PUNE-PHC-002,INSULIN_REGULAR,Insulin Regular (100IU/ml),7,111,82
2024-12-08,MH-PUNE-PHC-002,INSULIN_REGULAR,Insulin Regular (100IU/ml),8,103,71
2024-12-09,MH-PUNE-PHC-002,INSULIN_REGULAR,Insulin Regular (100IU/ml),8,95,69
2024-12-10,MH-PUNE-PHC-002,INSULIN_REGULAR,Insulin Regular (100IU/ml),2,93,64
2024-12-11,MH-PUNE-PHC-002,INSULIN_REGULAR,Insulin Regular (100IU/ml),6,87,72
2024-12-12,MH-PUNE-PHC-002,INSULIN_REGULAR,Insulin Regular (100IU/ml),1,86,64
2024-12-13,MH-PUNE-PHC-002,INSULIN_REGULAR,Insulin Regular (100IU/ml),5,81,62
2024-12-14,MH-PUNE-PHC-002,INSULIN_REGULAR,Insulin Regular (100IU/ml),6,75,63
2024-12-15,MH-PUNE-PHC-002,INSULIN_REGULAR,Insulin Regular (100IU/ml),7,68,68
2024-12-16,MH-PUNE-PHC-002,INSULIN_REGULAR,Insulin Regular (100IU/ml),6,62,85
2024-12-17,MH-PUNE-PHC-002,INSULIN_REGULAR,Insulin Regular (100IU/ml),8,54,83
2024-12-18,MH-PUNE-PHC-002,INSULIN_REGULAR,Insulin Regular (100IU/ml),8,46,80
2024-12-19,MH-PUNE-PHC-002,INSULIN_REGULAR,Insulin Regular (100IU/ml),2,44,82
2024-12-20,MH-PUNE-PHC-002,INSULIN_REGULAR,Insulin Regular (100IU/ml),6,38,63
2024-12-21,MH-PUNE-PHC-002,INSULIN_REGULAR,Insulin Regular (100IU/ml),5,33,82
2024-12-22,MH-PUNE-PHC-002,INSULIN_REGULAR,Insulin Regular (100IU/ml),7,153,64
2024-12-23,MH-PUNE-PHC-002,INSULIN_REGULAR,Insulin Regular (100IU/ml),7,146,71
2024-12-24,MH-PUNE-PHC-002,INSULIN_REGULAR,Insulin Regular (100IU/ml),4,142,64
2024-12-25,MH-PUNE-PHC-002,INSULIN_REGULAR,Insulin Regular (100IU/ml),6,136,66
2024-12-26,MH-PUNE-PHC-002,INSULIN_REGULAR,Insulin Regular (100IU/ml),2,134,65
2024-12-27,MH-PUNE-PHC-002,INSULIN_REGULAR,Insulin Regular (100IU/ml),6,128,70
2024-12-28,MH-PUNE-PHC-002,INSULIN_REGULAR,Insulin Regular (100IU/ml),4,124,81
2024-12-29,MH-PUNE-PHC-002,INSULIN_REGULAR,Insulin Regular (100IU/ml),5,119,65
2024-12-30,MH-PUNE-PHC-002,INSULIN_REGULAR,Insulin Regular (100IU/ml),7,112,85
2024-12-31,MH-PUNE-PHC-002,INSULIN_REGULAR,Insulin Regular (100IU/ml),3,109,74
2025-01-01,MH-PUNE-PHC-002,INSULIN_REGULAR,Insulin Regular (100IU/ml),8,101,73
2025-01-02,MH-PUNE-PHC-002,INSULIN_REGULAR,Insulin Regular (100IU/ml),5,96,65
2025-01-03,MH-PUNE-PHC-002,INSULIN_REGULAR,Insulin Regular (100IU/ml),2,94,78
2025-01-04,MH-PUNE-PHC-002,INSULIN_REGULAR,Insulin Regular (100IU/ml),5,89,65
2025-01-05,MH-PUNE-PHC-002,INSULIN_REGULAR,Insulin Regular (100IU/ml),2,87,61
2025-01-06,MH-PUNE-PHC-002,INSULIN_REGULAR,Insulin Regular (100IU/ml),5,82,61
2025-01-07,MH-PUNE-PHC-002,INSULIN_REGULAR,Insulin Regular (100IU/ml),3,79,81
2025-01-08,MH-PUNE-PHC-002,INSULIN_REGULAR,Insulin Regular (100IU/ml),6,73,69
2025-01-09,MH-PUNE-PHC-002,INSULIN_REGULAR,Insulin Regular (100IU/ml),5,68,66
2025-01-10,MH-PUNE-PHC-002,INSULIN_REGULAR,Insulin Regular (100IU/ml),2,66,64
2025-01-11,MH-PUNE-PHC-002,INSULIN_REGULAR,Insulin Regular (100IU/ml),2,64,79
2025-01-12,MH-PUNE-PHC-002,INSULIN_REGULAR,Insulin Regular (100IU/ml),6,58,64
2025-01-13,MH-PUNE-PHC-002,INSULIN_REGULAR,Insulin Regular (100IU/ml),6,52,82
2025-01-14,MH-PUNE-PHC-002,INSULIN_REGULAR,Insulin Regular (100IU/ml),4,48,73
2025-01-15,MH-PUNE-PHC-002,INSULIN_REGULAR,Insulin Regular (100IU/ml),1,47,83
2025-01-16,MH-PUNE-PHC-002,INSULIN_REGULAR,Insulin Regular (100IU/ml),3,44,68
2025-01-17,MH-PUNE-PHC-002,INSULIN_REGULAR,Insulin Regular (100IU/ml),4,40,81
2025-01-18,MH-PUNE-PHC-002,INSULIN_REGULAR,Insulin Regular (100IU/ml),3,37,84
2025-01-19,MH-PUNE-PHC-002,INSULIN_REGULAR,Insulin Regular (100IU/ml),1,36,67
2025-01-20,MH-PUNE-PHC-002,INSULIN_REGULAR,Insulin Regular (100IU/ml),2,34,72
2025-01-21,MH-PUNE-PHC-002,INSULIN_REGULAR,Insulin Regular (100IU/ml),1,123,83
2025-01-22,MH-PUNE-PHC-002,INSULIN_REGULAR,Insulin Regular (100IU/ml),1,122,78
2025-01-23,MH-PUNE-PHC-002,INSULIN_REGULAR,Insulin Regular (100IU/ml),7,115,61
2025-01-24,MH-PUNE-PHC-002,INSULIN_REGULAR,Insulin Regular (100IU/ml),2,113,68
2025-01-25,MH-PUNE-PHC-002,INSULIN_REGULAR,Insulin Regular (100IU/ml),6,107,62
2025-01-26,MH-PUNE-PHC-002,INSULIN_REGULAR,Insulin Regular (100IU/ml),7,100,67
2025-01-27,MH-PUNE-PHC-002,INSULIN_REGULAR,Insulin Regular (100IU/ml),5,95,85
2025-01-28,MH-PUNE-PHC-002,INSULIN_REGULAR,Insulin Regular (100IU/ml),3,92,82
2025-01-29,MH-PUNE-PHC-002,INSULIN_REGULAR,Insulin Regular (100IU/ml),3,89,85
2025-01-30,MH-PUNE-PHC-002,INSULIN_REGULAR,Insulin Regular (100IU/ml),3,86,62
2025-01-31,MH-PUNE-PHC-002,INSULIN_REGULAR,Insulin Regular (100IU/ml),4,82,78
2025-02-01,MH-PUNE-PHC-002,INSULIN_REGULAR,Insulin Regular (100IU/ml),4,78,70
2025-02-02,MH-PUNE-PHC-002,INSULIN_REGULAR,Insulin Regular (100IU/ml),4,74,75
2025-02-03,MH-PUNE-PHC-002,INSULIN_REGULAR,Insulin Regular (100IU/ml),6,68,84
2025-02-04,MH-PUNE-PHC-002,INSULIN_REGULAR,Insulin Regular (100IU/ml),1,67,69
2025-02-05,MH-PUNE-PHC-002,INSULIN_REGULAR,Insulin Regular (100IU/ml),8,59,76
2025-02-06,MH-PUNE-PHC-002,INSULIN_REGULAR,Insulin Regular (100IU/ml),6,53,71
2025-02-07,MH-PUNE-PHC-002,INSULIN_REGULAR,Insulin Regular (100IU/ml),8,45,77
2025-02-08,MH-PUNE-PHC-002,INSULIN_REGULAR,Insulin Regular (100IU/ml),4,41,81
2025-02-09,MH-PUNE-PHC-002,INSULIN_REGULAR,Insulin Regular (100IU/ml),3,38,80
2025-02-10,MH-PUNE-PHC-002,INSULIN_REGULAR,Insulin Regular (100IU/ml),5,33,83
2025-02-11,MH-PUNE-PHC-002,INSULIN_REGULAR,Insulin Regular (100IU/ml),1,32,79
2025-02-12,MH-PUNE-PHC-002,INSULIN_REGULAR,Insulin Regular (100IU/ml),1,31,71
2025-02-13,MH-PUNE-PHC-002,INSULIN_REGULAR,Insulin Regular (100IU/ml),7,24,81
2025-02-14,MH-PUNE-PHC-002,INSULIN_REGULAR,Insulin Regular (100IU/ml),7,17,75
2025-02-15,MH-PUNE-PHC-002,INSULIN_REGULAR,Insulin Regular (100IU/ml),7,10,76
2024-11-18,MH-PUNE-PHC-002,RABIES_VACCINE,Anti-Rabies Vaccine (ARV),1,167,76
2024-11-19,MH-PUNE-PHC-002,RABIES_VACCINE,Anti-Rabies Vaccine (ARV),7,160,63
2024-11-20,MH-PUNE-PHC-002,RABIES_VACCINE,Anti-Rabies Vaccine (ARV),4,156,84
2024-11-21,MH-PUNE-PHC-002,RABIES_VACCINE,Anti-Rabies Vaccine (ARV),2,154,64
2024-11-22,MH-PUNE-PHC-002,RABIES_VACCINE,Anti-Rabies Vaccine (ARV),4,150,78
2024-11-23,MH-PUNE-PHC-002,RABIES_VACCINE,Anti-Rabies Vaccine (ARV),1,149,64
2024-11-24,MH-PUNE-PHC-002,RABIES_VACCINE,Anti-Rabies Vaccine (ARV),7,142,74
2024-11-25,MH-PUNE-PHC-002,RABIES_VACCINE,Anti-Rabies Vaccine (ARV),5,137,84
2024-11-26,MH-PUNE-PHC-002,RABIES_VACCINE,Anti-Rabies Vaccine (ARV),4,133,61
2024-11-27,MH-PUNE-PHC-002,RABIES_VACCINE,Anti-Rabies Vaccine (ARV),2,131,80
2024-11-28,MH-PUNE-PHC-002,RABIES_VACCINE,Anti-Rabies Vaccine (ARV),1,130,79
2024-11-29,MH-PUNE-PHC-002,RABIES_VACCINE,Anti-Rabies Vaccine (ARV),3,127,65
2024-11-30,MH-PUNE-PHC-002,RABIES_VACCINE,Anti-Rabies Vaccine (ARV),1,126,69
2024-12-01,MH-PUNE-PHC-002,RABIES_VACCINE,Anti-Rabies Vaccine (ARV),2,124,69
2024-12-02,MH-PUNE-PHC-002,RABIES_VACCINE,Anti-Rabies Vaccine (ARV),2,122,64
2024-12-03,MH-PUNE-PHC-002,RABIES_VACCINE,Anti-Rabies Vaccine (ARV),7,115,82
2024-12-04,MH-PUNE-PHC-002,RABIES_VACCINE,Anti-Rabies Vaccine (ARV),5,110,81
2024-12-05,MH-PUNE-PHC-002,RABIES_VACCINE,Anti-Rabies Vaccine (ARV),6,104,78
2024-12-06,MH-PUNE-PHC-002,RABIES_VACCINE,Anti-Rabies Vaccine (ARV),6,98,73
2024-12-07,MH-PUNE-PHC-002,RABIES_VACCINE,Anti-Rabies Vaccine (ARV),6,92,63
2024-12-08,MH-PUNE-PHC-002,RABIES_VACCINE,Anti-Rabies Vaccine (ARV),2,90,77
2024-12-09,MH-PUNE-PHC-002,RABIES_VACCINE,Anti-Rabies Vaccine (ARV),7,83,65
2024-12-10,MH-PUNE-PHC-002,RABIES_VACCINE,Anti-Rabies Vaccine (ARV),5,78,66
2024-12-11,MH-PUNE-PHC-002,RABIES_VACCINE,Anti-Rabies Vaccine (ARV),6,72,67
2024-12-12,MH-PUNE-PHC-002,RABIES_VACCINE,Anti-Rabies Vaccine (ARV),5,67,80
2024-12-13,MH-PUNE-PHC-002,RABIES_VACCINE,Anti-Rabies Vaccine (ARV),5,62,65
2024-12-14,MH-PUNE-PHC-002,RABIES_VACCINE,Anti-Rabies Vaccine (ARV),1,61,79
2024-12-15,MH-PUNE-PHC-002,RABIES_VACCINE,Anti-Rabies Vaccine (ARV),5,56,85
2024-12-16,MH-PUNE-PHC-002,RABIES_VACCINE,Anti-Rabies Vaccine (ARV),1,55,62
2024-12-17,MH-PUNE-PHC-002,RABIES_VACCINE,Anti-Rabies Vaccine (ARV),3,52,74
2024-12-18,MH-PUNE-PHC-002,RABIES_VACCINE,Anti-Rabies Vaccine (ARV),3,49,69
2024-12-19,MH-PUNE-PHC-002,RABIES_VACCINE,Anti-Rabies Vaccine (ARV),5,44,77
2024-12-20,MH-PUNE-PHC-002,RABIES_VACCINE,Anti-Rabies Vaccine (ARV),6,38,80
2024-12-21,MH-PUNE-PHC-002,RABIES_VACCINE,Anti-Rabies Vaccine (ARV),4,34,69
2024-12-22,MH-PUNE-PHC-002,RABIES_VACCINE,Anti-Rabies Vaccine (ARV),3,31,68
2024-12-23,MH-PUNE-PHC-002,RABIES_VACCINE,Anti-Rabies Vaccine (ARV),5,26,78
2024-12-24,MH-PUNE-PHC-002,RABIES_VACCINE,Anti-Rabies Vaccine (ARV),6,134,79
2024-12-25,MH-PUNE-PHC-002,RABIES_VACCINE,Anti-Rabies Vaccine (ARV),2,132,74
2024-12-26,MH-PUNE-PHC-002,RABIES_VACCINE,Anti-Rabies Vaccine (ARV),5,127,76
2024-12-27,MH-PUNE-PHC-002,RABIES_VACCINE,Anti-Rabies Vaccine (ARV),1,126,61
2024-12-28,MH-PUNE-PHC-002,RABIES_VACCINE,Anti-Rabies Vaccine (ARV),1,125,62
2024-12-29,MH-PUNE-PHC-002,RABIES_VACCINE,Anti-Rabies Vaccine (ARV),3,122,83
2024-12-30,MH-PUNE-PHC-002,RABIES_VACCINE,Anti-Rabies Vaccine (ARV),2,120,63
2024-12-31,MH-PUNE-PHC-002,RABIES_VACCINE,Anti-Rabies Vaccine (ARV),1,119,61
2025-01-01,MH-PUNE-PHC-002,RABIES_VACCINE,Anti-Rabies Vaccine (ARV),6,113,75
2025-01-02,MH-PUNE-PHC-002,RABIES_VACCINE,Anti-Rabies Vaccine (ARV),4,109,76
2025-01-03,MH-PUNE-PHC-002,RABIES_VACCINE,Anti-Rabies Vaccine (ARV),7,102,61
2025-01-04,MH-PUNE-PHC-002,RABIES_VACCINE,Anti-Rabies Vaccine (ARV),7,95,72
2025-01-05,MH-PUNE-PHC-002,RABIES_VACCINE,Anti-Rabies Vaccine (ARV),1,94,85
2025-01-06,MH-PUNE-PHC-002,RABIES_VACCINE,Anti-Rabies Vaccine (ARV),2,92,73
2025-01-07,MH-PUNE-PHC-002,RABIES_VACCINE,Anti-Rabies Vaccine (ARV),7,85,61
2025-01-08,MH-PUNE-PHC-002,RABIES_VACCINE,Anti-Rabies Vaccine (ARV),3,82,61
2025-01-09,MH-PUNE-PHC-002,RABIES_VACCINE,Anti-Rabies Vaccine (ARV),2,80,70
2025-01-10,MH-PUNE-PHC-002,RABIES_VACCINE,Anti-Rabies Vaccine (ARV),2,78,61
2025-01-11,MH-PUNE-PHC-002,RABIES_VACCINE,Anti-Rabies Vaccine (ARV),6,72,81
2025-01-12,MH-PUNE-PHC-002,RABIES_VACCINE,Anti-Rabies Vaccine (ARV),6,66,74
2025-01-13,MH-PUNE-PHC-002,RABIES_VACCINE,Anti-Rabies Vaccine (ARV),1,65,85
2025-01-14,MH-PUNE-PHC-002,RABIES_VACCINE,Anti-Rabies Vaccine (ARV),1,64,74
2025-01-15,MH-PUNE-PHC-002,RABIES_VACCINE,Anti-Rabies Vaccine (ARV),1,63,81
2025-01-16,MH-PUNE-PHC-002,RABIES_VACCINE,Anti-Rabies Vaccine (ARV),3,60,72
2025-01-17,MH-PUNE-PHC-002,RABIES_VACCINE,Anti-Rabies Vaccine (ARV),5,55,82
2025-01-18,MH-PUNE-PHC-002,RABIES_VACCINE,Anti-Rabies Vaccine (ARV),2,53,64
2025-01-19,MH-PUNE-PHC-002,RABIES_VACCINE,Anti-Rabies Vaccine (ARV),7,46,75
2025-01-20,MH-PUNE-PHC-002,RABIES_VACCINE,Anti-Rabies Vaccine (ARV),7,39,65
2025-01-21,MH-PUNE-PHC-002,RABIES_VACCINE,Anti-Rabies Vaccine (ARV),6,33,78
2025-01-22,MH-PUNE-PHC-002,RABIES_VACCINE,Anti-Rabies Vaccine (ARV),4,29,82
2025-01-23,MH-PUNE-PHC-002,RABIES_VACCINE,Anti-Rabies Vaccine (ARV),2,142,61
2025-01-24,MH-PUNE-PHC-002,RABIES_VACCINE,Anti-Rabies Vaccine (ARV),1,141,72
2025-01-25,MH-PUNE-PHC-002,RABIES_VACCINE,Anti-Rabies Vaccine (ARV),7,134,66
2025-01-26,MH-PUNE-PHC-002,RABIES_VACCINE,Anti-Rabies Vaccine (ARV),1,133,78
2025-01-27,MH-PUNE-PHC-002,RABIES_VACCINE,Anti-Rabies Vaccine (ARV),1,132,67
2025-01-28,MH-PUNE-PHC-002,RABIES_VACCINE,Anti-Rabies Vaccine (ARV),7,125,72
2025-01-29,MH-PUNE-PHC-002,RABIES_VACCINE,Anti-Rabies Vaccine (ARV),1,124,84
2025-01-30,MH-PUNE-PHC-002,RABIES_VACCINE,Anti-Rabies Vaccine (ARV),1,123,83
2025-01-31,MH-PUNE-PHC-002,RABIES_VACCINE,Anti-Rabies Vaccine (ARV),3,120,64
2025-02-01,MH-PUNE-PHC-002,RABIES_VACCINE,Anti-Rabies Vaccine (ARV),6,114,77
2025-02-02,MH-PUNE-PHC-002,RABIES_VACCINE,Anti-Rabies Vaccine (ARV),7,107,82
2025-02-03,MH-PUNE-PHC-002,RABIES_VACCINE,Anti-Rabies Vaccine (ARV),6,101,80
2025-02-04,MH-PUNE-PHC-002,RABIES_VACCINE,Anti-Rabies Vaccine (ARV),6,95,67
2025-02-05,MH-PUNE-PHC-002,RABIES_VACCINE,Anti-Rabies Vaccine (ARV),3,92,61
2025-02-06,MH-PUNE-PHC-002,RABIES_VACCINE,Anti-Rabies Vaccine (ARV),1,91,65
2025-02-07,MH-PUNE-PHC-002,RABIES_VACCINE,Anti-Rabies Vaccine (ARV),4,87,68
2025-02-08,MH-PUNE-PHC-002,RABIES_VACCINE,Anti-Rabies Vaccine (ARV),1,86,64
2025-02-09,MH-PUNE-PHC-002,RABIES_VACCINE,Anti-Rabies Vaccine (ARV),1,85,81
2025-02-10,MH-PUNE-PHC-002,RABIES_VACCINE,Anti-Rabies Vaccine (ARV),3,82,66
2025-02-11,MH-PUNE-PHC-002,RABIES_VACCINE,Anti-Rabies Vaccine (ARV),6,76,82
2025-02-12,MH-PUNE-PHC-002,RABIES_VACCINE,Anti-Rabies Vaccine (ARV),6,70,63
2025-02-13,MH-PUNE-PHC-002,RABIES_VACCINE,Anti-Rabies Vaccine (ARV),5,65,67
2025-02-14,MH-PUNE-PHC-002,RABIES_VACCINE,Anti-Rabies Vaccine (ARV),1,64,66
2025-02-15,MH-PUNE-PHC-002,RABIES_VACCINE,Anti-Rabies Vaccine (ARV),1,63,73
2024-11-18,MH-PUNE-PHC-002,OXYGEN_CYLINDER,Medical Oxygen D-Type,3,173,82
2024-11-19,MH-PUNE-PHC-002,OXYGEN_CYLINDER,Medical Oxygen D-Type,2,171,64
2024-11-20,MH-PUNE-PHC-002,OXYGEN_CYLINDER,Medical Oxygen D-Type,1,170,78
2024-11-21,MH-PUNE-PHC-002,OXYGEN_CYLINDER,Medical Oxygen D-Type,3,167,70
2024-11-22,MH-PUNE-PHC-002,OXYGEN_CYLINDER,Medical Oxygen D-Type,5,162,71
2024-11-23,MH-PUNE-PHC-002,OXYGEN_CYLINDER,Medical Oxygen D-Type,3,159,77
2024-11-24,MH-PUNE-PHC-002,OXYGEN_CYLINDER,Medical Oxygen D-Type,1,158,82
2024-11-25,MH-PUNE-PHC-002,OXYGEN_CYLINDER,Medical Oxygen D-Type,4,154,84
2024-11-26,MH-PUNE-PHC-002,OXYGEN_CYLINDER,Medical Oxygen D-Type,5,149,84
2024-11-27,MH-PUNE-PHC-002,OXYGEN_CYLINDER,Medical Oxygen D-Type,1,148,76
2024-11-28,MH-PUNE-PHC-002,OXYGEN_CYLINDER,Medical Oxygen D-Type,1,147,69
2024-11-29,MH-PUNE-PHC-002,OXYGEN_CYLINDER,Medical Oxygen D-Type,3,144,78
2024-11-30,MH-PUNE-PHC-002,OXYGEN_CYLINDER,Medical Oxygen D-Type,1,143,74
2024-12-01,MH-PUNE-PHC-002,OXYGEN_CYLINDER,Medical Oxygen D-Type,4,139,69
2024-12-02,MH-PUNE-PHC-002,OXYGEN_CYLINDER,Medical Oxygen D-Type,3,136,83
2024-12-03,MH-PUNE-PHC-002,OXYGEN_CYLINDER,Medical Oxygen D-Type,1,135,72
2024-12-04,MH-PUNE-PHC-002,OXYGEN_CYLINDER,Medical Oxygen D-Type,1,134,73
2024-12-05,MH-PUNE-PHC-002,OXYGEN_CYLINDER,Medical Oxygen D-Type,1,133,61
2024-12-06,MH-PUNE-PHC-002,OXYGEN_CYLINDER,Medical Oxygen D-Type,5,128,71
2024-12-07,MH-PUNE-PHC-002,OXYGEN_CYLINDER,Medical Oxygen D-Type,2,126,64
2024-12-08,MH-PUNE-PHC-002,OXYGEN_CYLINDER,Medical Oxygen D-Type,2,124,81
2024-12-09,MH-PUNE-PHC-002,OXYGEN_CYLINDER,Medical Oxygen D-Type,4,120,66
2024-12-10,MH-PUNE-PHC-002,OXYGEN_CYLINDER,Medical Oxygen D-Type,1,119,78
2024-12-11,MH-PUNE-PHC-002,OXYGEN_CYLINDER,Medical Oxygen D-Type,1,118,80
2024-12-12,MH-PUNE-PHC-002,OXYGEN_CYLINDER,Medical Oxygen D-Type,1,117,76
2024-12-13,MH-PUNE-PHC-002,OXYGEN_CYLINDER,Medical Oxygen D-Type,5,112,69
2024-12-14,MH-PUNE-PHC-002,OXYGEN_CYLINDER,Medical Oxygen D-Type,1,111,66
2024-12-15,MH-PUNE-PHC-002,OXYGEN_CYLINDER,Medical Oxygen D-Type,1,110,65
2024-12-16,MH-PUNE-PHC-002,OXYGEN_CYLINDER,Medical Oxygen D-Type,4,106,70
2024-12-17,MH-PUNE-PHC-002,OXYGEN_CYLINDER,Medical Oxygen D-Type,1,105,80
2024-12-18,MH-PUNE-PHC-002,OXYGEN_CYLINDER,Medical Oxygen D-Type,3,102,75
2024-12-19,MH-PUNE-PHC-002,OXYGEN_CYLINDER,Medical Oxygen D-Type,1,101,72
2024-12-20,MH-PUNE-PHC-002,OXYGEN_CYLINDER,Medical Oxygen D-Type,3,98,61
2024-12-21,MH-PUNE-PHC-002,OXYGEN_CYLINDER,Medical Oxygen D-Type,1,97,70
2024-12-22,MH-PUNE-PHC-002,OXYGEN_CYLINDER,Medical Oxygen D-Type,5,92,62
2024-12-23,MH-PUNE-PHC-002,OXYGEN_CYLINDER,Medical Oxygen D-Type,1,91,68
2024-12-24,MH-PUNE-PHC-002,OXYGEN_CYLINDER,Medical Oxygen D-Type,3,88,73
2024-12-25,MH-PUNE-PHC-002,OXYGEN_CYLINDER,Medical Oxygen D-Type,1,87,82
2024-12-26,MH-PUNE-PHC-002,OXYGEN_CYLINDER,Medical Oxygen D-Type,1,86,71
2024-12-27,MH-PUNE-PHC-002,OXYGEN_CYLINDER,Medical Oxygen D-Type,1,85,74
2024-12-28,MH-PUNE-PHC-002,OXYGEN_CYLINDER,Medical Oxygen D-Type,2,83,77
2024-12-29,MH-PUNE-PHC-002,OXYGEN_CYLINDER,Medical Oxygen D-Type,2,81,72
2024-12-30,MH-PUNE-PHC-002,OXYGEN_CYLINDER,Medical Oxygen D-Type,1,80,65
2024-12-31,MH-PUNE-PHC-002,OXYGEN_CYLINDER,Medical Oxygen D-Type,5,75,85
2025-01-01,MH-PUNE-PHC-002,OXYGEN_CYLINDER,Medical Oxygen D-Type,1,74,64
2025-01-02,MH-PUNE-PHC-002,OXYGEN_CYLINDER,Medical Oxygen D-Type,1,73,81
2025-01-03,MH-PUNE-PHC-002,OXYGEN_CYLINDER,Medical Oxygen D-Type,3,70,82
2025-01-04,MH-PUNE-PHC-002,OXYGEN_CYLINDER,Medical Oxygen D-Type,1,69,68
2025-01-05,MH-PUNE-PHC-002,OXYGEN_CYLINDER,Medical Oxygen D-Type,1,68,78
2025-01-06,MH-PUNE-PHC-002,OXYGEN_CYLINDER,Medical Oxygen D-Type,1,67,71
2025-01-07,MH-PUNE-PHC-002,OXYGEN_CYLINDER,Medical Oxygen D-Type,1,66,83
2025-01-08,MH-PUNE-PHC-002,OXYGEN_CYLINDER,Medical Oxygen D-Type,1,65,83
2025-01-09,MH-PUNE-PHC-002,OXYGEN_CYLINDER,Medical Oxygen D-Type,1,64,63
2025-01-10,MH-PUNE-PHC-002,OXYGEN_CYLINDER,Medical Oxygen D-Type,1,63,78
2025-01-11,MH-PUNE-PHC-002,OXYGEN_CYLINDER,Medical Oxygen D-Type,3,60,68
2025-01-12,MH-PUNE-PHC-002,OXYGEN_CYLINDER,Medical Oxygen D-Type,3,57,77
2025-01-13,MH-PUNE-PHC-002,OXYGEN_CYLINDER,Medical Oxygen D-Type,5,52,64
2025-01-14,MH-PUNE-PHC-002,OXYGEN_CYLINDER,Medical Oxygen D-Type,5,47,61
2025-01-15,MH-PUNE-PHC-002,OXYGEN_CYLINDER,Medical Oxygen D-Type,2,45,80
2025-01-16,MH-PUNE-PHC-002,OXYGEN_CYLINDER,Medical Oxygen D-Type,3,42,78
2025-01-17,MH-PUNE-PHC-002,OXYGEN_CYLINDER,Medical Oxygen D-Type,4,38,70
2025-01-18,MH-PUNE-PHC-002,OXYGEN_CYLINDER,Medical Oxygen D-Type,3,35,68
2025-01-19,MH-PUNE-PHC-002,OXYGEN_CYLINDER,Medical Oxygen D-Type,2,33,69
2025-01-20,MH-PUNE-PHC-002,OXYGEN_CYLINDER,Medical Oxygen D-Type,4,29,75
2025-01-21,MH-PUNE-PHC-002,OXYGEN_CYLINDER,Medical Oxygen D-Type,1,28,75
2025-01-22,MH-PUNE-PHC-002,OXYGEN_CYLINDER,Medical Oxygen D-Type,3,25,62
2025-01-23,MH-PUNE-PHC-002,OXYGEN_CYLINDER,Medical Oxygen D-Type,1,24,72
2025-01-24,MH-PUNE-PHC-002,OXYGEN_CYLINDER,Medical Oxygen D-Type,1,23,81
2025-01-25,MH-PUNE-PHC-002,OXYGEN_CYLINDER,Medical Oxygen D-Type,1,22,73
2025-01-26,MH-PUNE-PHC-002,OXYGEN_CYLINDER,Medical Oxygen D-Type,1,21,84
2025-01-27,MH-PUNE-PHC-002,OXYGEN_CYLINDER,Medical Oxygen D-Type,4,17,74
2025-01-28,MH-PUNE-PHC-002,OXYGEN_CYLINDER,Medical Oxygen D-Type,1,16,67
2025-01-29,MH-PUNE-PHC-002,OXYGEN_CYLINDER,Medical Oxygen D-Type,4,12,64
2025-01-30,MH-PUNE-PHC-002,OXYGEN_CYLINDER,Medical Oxygen D-Type,4,10,68
2025-01-31,MH-PUNE-PHC-002,OXYGEN_CYLINDER,Medical Oxygen D-Type,3,10,84
2025-02-01,MH-PUNE-PHC-002,OXYGEN_CYLINDER,Medical Oxygen D-Type,5,10,66
2025-02-02,MH-PUNE-PHC-002,OXYGEN_CYLINDER,Medical Oxygen D-Type,3,10,76
2025-02-03,MH-PUNE-PHC-002,OXYGEN_CYLINDER,Medical Oxygen D-Type,1,10,67
2025-02-04,MH-PUNE-PHC-002,OXYGEN_CYLINDER,Medical Oxygen D-Type,1,10,66
2025-02-05,MH-PUNE-PHC-002,OXYGEN_CYLINDER,Medical Oxygen D-Type,1,10,69
2025-02-06,MH-PUNE-PHC-002,OXYGEN_CYLINDER,Medical Oxygen D-Type,3,10,65
2025-02-07,MH-PUNE-PHC-002,OXYGEN_CYLINDER,Medical Oxygen D-Type,2,10,70
2025-02-08,MH-PUNE-PHC-002,OXYGEN_CYLINDER,Medical Oxygen D-Type,2,10,68
2025-02-09,MH-PUNE-PHC-002,OXYGEN_CYLINDER,Medical Oxygen D-Type,1,10,66
2025-02-10,MH-PUNE-PHC-002,OXYGEN_CYLINDER,Medical Oxygen D-Type,4,10,67
2025-02-11,MH-PUNE-PHC-002,OXYGEN_CYLINDER,Medical Oxygen D-Type,1,10,78
2025-02-12,MH-PUNE-PHC-002,OXYGEN_CYLINDER,Medical Oxygen D-Type,1,10,78
2025-02-13,MH-PUNE-PHC-002,OXYGEN_CYLINDER,Medical Oxygen D-Type,1,10,68
2025-02-14,MH-PUNE-PHC-002,OXYGEN_CYLINDER,Medical Oxygen D-Type,1,10,66
2025-02-15,MH-PUNE-PHC-002,OXYGEN_CYLINDER,Medical Oxygen D-Type,1,10,71
2024-11-18,MH-PUNE-PHC-003,ORS,ORS Packets (Oral Rehydration),20,438,105
2024-11-19,MH-PUNE-PHC-003,ORS,ORS Packets (Oral Rehydration),20,418,111
2024-11-20,MH-PUNE-PHC-003,ORS,ORS Packets (Oral Rehydration),17,401,104
2024-11-21,MH-PUNE-PHC-003,ORS,ORS Packets (Oral Rehydration),14,387,114
2024-11-22,MH-PUNE-PHC-003,ORS,ORS Packets (Oral Rehydration),20,367,116
2024-11-23,MH-PUNE-PHC-003,ORS,ORS Packets (Oral Rehydration),16,351,119
2024-11-24,MH-PUNE-PHC-003,ORS,ORS Packets (Oral Rehydration),16,335,101
2024-11-25,MH-PUNE-PHC-003,ORS,ORS Packets (Oral Rehydration),19,316,109
2024-11-26,MH-PUNE-PHC-003,ORS,ORS Packets (Oral Rehydration),21,295,98
2024-11-27,MH-PUNE-PHC-003,ORS,ORS Packets (Oral Rehydration),16,279,110
2024-11-28,MH-PUNE-PHC-003,ORS,ORS Packets (Oral Rehydration),21,258,112
2024-11-29,MH-PUNE-PHC-003,ORS,ORS Packets (Oral Rehydration),18,240,102
2024-11-30,MH-PUNE-PHC-003,ORS,ORS Packets (Oral Rehydration),14,226,97
2024-12-01,MH-PUNE-PHC-003,ORS,ORS Packets (Oral Rehydration),16,210,101
2024-12-02,MH-PUNE-PHC-003,ORS,ORS Packets (Oral Rehydration),18,192,119
2024-12-03,MH-PUNE-PHC-003,ORS,ORS Packets (Oral Rehydration),14,178,117
2024-12-04,MH-PUNE-PHC-003,ORS,ORS Packets (Oral Rehydration),21,157,112
2024-12-05,MH-PUNE-PHC-003,ORS,ORS Packets (Oral Rehydration),16,141,113
2024-12-06,MH-PUNE-PHC-003,ORS,ORS Packets (Oral Rehydration),17,124,119
2024-12-07,MH-PUNE-PHC-003,ORS,ORS Packets (Oral Rehydration),16,108,107
2024-12-08,MH-PUNE-PHC-003,ORS,ORS Packets (Oral Rehydration),18,345,121
2024-12-09,MH-PUNE-PHC-003,ORS,ORS Packets (Oral Rehydration),21,324,100
2024-12-10,MH-PUNE-PHC-003,ORS,ORS Packets (Oral Rehydration),14,310,100
2024-12-11,MH-PUNE-PHC-003,ORS,ORS Packets (Oral Rehydration),19,291,108
2024-12-12,MH-PUNE-PHC-003,ORS,ORS Packets (Oral Rehydration),15,276,107
2024-12-13,MH-PUNE-PHC-003,ORS,ORS Packets (Oral Rehydration),18,258,99
2024-12-14,MH-PUNE-PHC-003,ORS,ORS Packets (Oral Rehydration),16,242,120
2024-12-15,MH-PUNE-PHC-003,ORS,ORS Packets (Oral Rehydration),16,226,120
2024-12-16,MH-PUNE-PHC-003,ORS,ORS Packets (Oral Rehydration),21,205,104
2024-12-17,MH-PUNE-PHC-003,ORS,ORS Packets (Oral Rehydration),18,187,117
2024-12-18,MH-PUNE-PHC-003,ORS,ORS Packets (Oral Rehydration),20,167,115
2024-12-19,MH-PUNE-PHC-003,ORS,ORS Packets (Oral Rehydration),18,149,102
2024-12-20,MH-PUNE-PHC-003,ORS,ORS Packets (Oral Rehydration),20,129,111
2024-12-21,MH-PUNE-PHC-003,ORS,ORS Packets (Oral Rehydration),21,108,103
2024-12-22,MH-PUNE-PHC-003,ORS,ORS Packets (Oral Rehydration),15,387,100
2024-12-23,MH-PUNE-PHC-003,ORS,ORS Packets (Oral Rehydration),20,367,106
2024-12-24,MH-PUNE-PHC-003,ORS,ORS Packets (Oral Rehydration),18,349,115
2024-12-25,MH-PUNE-PHC-003,ORS,ORS Packets (Oral Rehydration),14,335,101
2024-12-26,MH-PUNE-PHC-003,ORS,ORS Packets (Oral Rehydration),14,321,99
2024-12-27,MH-PUNE-PHC-003,ORS,ORS Packets (Oral Rehydration),15,306,101
2024-12-28,MH-PUNE-PHC-003,ORS,ORS Packets (Oral Rehydration),16,290,110
2024-12-29,MH-PUNE-PHC-003,ORS,ORS Packets (Oral Rehydration),17,273,107
2024-12-30,MH-PUNE-PHC-003,ORS,ORS Packets (Oral Rehydration),21,252,112
2024-12-31,MH-PUNE-PHC-003,ORS,ORS Packets (Oral Rehydration),15,237,103
2025-01-01,MH-PUNE-PHC-003,ORS,ORS Packets (Oral Rehydration),15,222,106
2025-01-02,MH-PUNE-PHC-003,ORS,ORS Packets (Oral Rehydration),17,205,116
2025-01-03,MH-PUNE-PHC-003,ORS,ORS Packets (Oral Rehydration),21,184,103
2025-01-04,MH-PUNE-PHC-003,ORS,ORS Packets (Oral Rehydration),21,163,111
2025-01-05,MH-PUNE-PHC-003,ORS,ORS Packets (Oral Rehydration),17,146,103
2025-01-06,MH-PUNE-PHC-003,ORS,ORS Packets (Oral Rehydration),15,131,98
2025-01-07,MH-PUNE-PHC-003,ORS,ORS Packets (Oral Rehydration),19,112,108
2025-01-08,MH-PUNE-PHC-003,ORS,ORS Packets (Oral Rehydration),15,394,115
2025-01-09,MH-PUNE-PHC-003,ORS,ORS Packets (Oral Rehydration),16,378,101
2025-01-10,MH-PUNE-PHC-003,ORS,ORS Packets (Oral Rehydration),16,362,108
2025-01-11,MH-PUNE-PHC-003,ORS,ORS Packets (Oral Rehydration),14,348,115
2025-01-12,MH-PUNE-PHC-003,ORS,ORS Packets (Oral Rehydration),14,334,116
2025-01-13,MH-PUNE-PHC-003,ORS,ORS Packets (Oral Rehydration),18,316,101
2025-01-14,MH-PUNE-PHC-003,ORS,ORS Packets (Oral Rehydration),17,299,108
2025-01-15,MH-PUNE-PHC-003,ORS,ORS Packets (Oral Rehydration),17,282,112
2025-01-16,MH-PUNE-PHC-003,ORS,ORS Packets (Oral Rehydration),18,264,111
2025-01-17,MH-PUNE-PHC-003,ORS,ORS Packets (Oral Rehydration),37,227,134
2025-01-18,MH-PUNE-PHC-003,ORS,ORS Packets (Oral Rehydration),42,185,135
2025-01-19,MH-PUNE-PHC-003,ORS,ORS Packets (Oral Rehydration),28,157,159
2025-01-20,MH-PUNE-PHC-003,ORS,ORS Packets (Oral Rehydration),40,117,129
2025-01-21,MH-PUNE-PHC-003,ORS,ORS Packets (Oral Rehydration),49,344,129
2025-01-22,MH-PUNE-PHC-003,ORS,ORS Packets (Oral Rehydration),41,303,148
2025-01-23,MH-PUNE-PHC-003,ORS,ORS Packets (Oral Rehydration),43,260,144
2025-01-24,MH-PUNE-PHC-003,ORS,ORS Packets (Oral Rehydration),26,234,167
2025-01-25,MH-PUNE-PHC-003,ORS,ORS Packets (Oral Rehydration),37,197,138
2025-01-26,MH-PUNE-PHC-003,ORS,ORS Packets (Oral Rehydration),41,156,151
2025-01-27,MH-PUNE-PHC-003,ORS,ORS Packets (Oral Rehydration),44,112,153
2025-01-28,MH-PUNE-PHC-003,ORS,ORS Packets (Oral Rehydration),47,268,163
2025-01-29,MH-PUNE-PHC-003,ORS,ORS Packets (Oral Rehydration),31,237,125
2025-01-30,MH-PUNE-PHC-003,ORS,ORS Packets (Oral Rehydration),30,207,126
2025-01-31,MH-PUNE-PHC-003,ORS,ORS Packets (Oral Rehydration),43,164,136
2025-02-01,MH-PUNE-PHC-003,ORS,ORS Packets (Oral Rehydration),49,115,151
2025-02-02,MH-PUNE-PHC-003,ORS,ORS Packets (Oral Rehydration),34,366,128
2025-02-03,MH-PUNE-PHC-003,ORS,ORS Packets (Oral Rehydration),44,322,143
2025-02-04,MH-PUNE-PHC-003,ORS,ORS Packets (Oral Rehydration),35,287,129
2025-02-05,MH-PUNE-PHC-003,ORS,ORS Packets (Oral Rehydration),34,253,144
2025-02-06,MH-PUNE-PHC-003,ORS,ORS Packets (Oral Rehydration),46,207,152
2025-02-07,MH-PUNE-PHC-003,ORS,ORS Packets (Oral Rehydration),33,174,143
2025-02-08,MH-PUNE-PHC-003,ORS,ORS Packets (Oral Rehydration),43,131,140
2025-02-09,MH-PUNE-PHC-003,ORS,ORS Packets (Oral Rehydration),43,88,141
2025-02-10,MH-PUNE-PHC-003,ORS,ORS Packets (Oral Rehydration),49,39,143
2025-02-11,MH-PUNE-PHC-003,ORS,ORS Packets (Oral Rehydration),42,10,143
2025-02-12,MH-PUNE-PHC-003,ORS,ORS Packets (Oral Rehydration),27,10,150
2025-02-13,MH-PUNE-PHC-003,ORS,ORS Packets (Oral Rehydration),46,10,125
2025-02-14,MH-PUNE-PHC-003,ORS,ORS Packets (Oral Rehydration),30,10,127
2025-02-15,MH-PUNE-PHC-003,ORS,ORS Packets (Oral Rehydration),30,10,150
2024-11-18,MH-PUNE-PHC-003,PARACETAMOL_500,Paracetamol 500mg Tablets,43,578,97
2024-11-19,MH-PUNE-PHC-003,PARACETAMOL_500,Paracetamol 500mg Tablets,39,539,118
2024-11-20,MH-PUNE-PHC-003,PARACETAMOL_500,Paracetamol 500mg Tablets,41,498,110
2024-11-21,MH-PUNE-PHC-003,PARACETAMOL_500,Paracetamol 500mg Tablets,39,459,105
2024-11-22,MH-PUNE-PHC-003,PARACETAMOL_500,Paracetamol 500mg Tablets,42,417,112
2024-11-23,MH-PUNE-PHC-003,PARACETAMOL_500,Paracetamol 500mg Tablets,37,380,112
2024-11-24,MH-PUNE-PHC-003,PARACETAMOL_500,Paracetamol 500mg Tablets,41,339,118
2024-11-25,MH-PUNE-PHC-003,PARACETAMOL_500,Paracetamol 500mg Tablets,43,296,109
2024-11-26,MH-PUNE-PHC-003,PARACETAMOL_500,Paracetamol 500mg Tablets,40,256,105
2024-11-27,MH-PUNE-PHC-003,PARACETAMOL_500,Paracetamol 500mg Tablets,38,218,119
2024-11-28,MH-PUNE-PHC-003,PARACETAMOL_500,Paracetamol 500mg Tablets,43,597,102
2024-11-29,MH-PUNE-PHC-003,PARACETAMOL_500,Paracetamol 500mg Tablets,41,556,116
2024-11-30,MH-PUNE-PHC-003,PARACETAMOL_500,Paracetamol 500mg Tablets,41,515,112
2024-12-01,MH-PUNE-PHC-003,PARACETAMOL_500,Paracetamol 500mg Tablets,36,479,115
2024-12-02,MH-PUNE-PHC-003,PARACETAMOL_500,Paracetamol 500mg Tablets,40,439,100
2024-12-03,MH-PUNE-PHC-003,PARACETAMOL_500,Paracetamol 500mg Tablets,42,397,98
2024-12-04,MH-PUNE-PHC-003,PARACETAMOL_500,Paracetamol 500mg Tablets,38,359,102
2024-12-05,MH-PUNE-PHC-003,PARACETAMOL_500,Paracetamol 500mg Tablets,39,320,110
2024-12-06,MH-PUNE-PHC-003,PARACETAMOL_500,Paracetamol 500mg Tablets,41,279,109
2024-12-07,MH-PUNE-PHC-003,PARACETAMOL_500,Paracetamol 500mg Tablets,36,243,118
2024-12-08,MH-PUNE-PHC-003,PARACETAMOL_500,Paracetamol 500mg Tablets,42,201,110
2024-12-09,MH-PUNE-PHC-003,PARACETAMOL_500,Paracetamol 500mg Tablets,43,558,109
2024-12-10,MH-PUNE-PHC-003,PARACETAMOL_500,Paracetamol 500mg Tablets,38,520,109
2024-12-11,MH-PUNE-PHC-003,PARACETAMOL_500,Paracetamol 500mg Tablets,39,481,97
2024-12-12,MH-PUNE-PHC-003,PARACETAMOL_500,Paracetamol 500mg Tablets,43,438,106
2024-12-13,MH-PUNE-PHC-003,PARACETAMOL_500,Paracetamol 500mg Tablets,39,399,117
2024-12-14,MH-PUNE-PHC-003,PARACETAMOL_500,Paracetamol 500mg Tablets,43,356,98
2024-12-15,MH-PUNE-PHC-003,PARACETAMOL_500,Paracetamol 500mg Tablets,43,313,101
2024-12-16,MH-PUNE-PHC-003,PARACETAMOL_500,Paracetamol 500mg Tablets,38,275,120
2024-12-17,MH-PUNE-PHC-003,PARACETAMOL_500,Paracetamol 500mg Tablets,61,214,130
2024-12-18,MH-PUNE-PHC-003,PARACETAMOL_500,Paracetamol 500mg Tablets,50,636,127
2024-12-19,MH-PUNE-PHC-003,PARACETAMOL_500,Paracetamol 500mg Tablets,55,581,134
2024-12-20,MH-PUNE-PHC-003,PARACETAMOL_500,Paracetamol 500mg Tablets,56,525,133
2024-12-21,MH-PUNE-PHC-003,PARACETAMOL_500,Paracetamol 500mg Tablets,54,471,122
2024-12-22,MH-PUNE-PHC-003,PARACETAMOL_500,Paracetamol 500mg Tablets,52,419,125
2024-12-23,MH-PUNE-PHC-003,PARACETAMOL_500,Paracetamol 500mg Tablets,60,359,131
2024-12-24,MH-PUNE-PHC-003,PARACETAMOL_500,Paracetamol 500mg Tablets,53,306,112
2024-12-25,MH-PUNE-PHC-003,PARACETAMOL_500,Paracetamol 500mg Tablets,48,258,112
2024-12-26,MH-PUNE-PHC-003,PARACETAMOL_500,Paracetamol 500mg Tablets,56,202,117
2024-12-27,MH-PUNE-PHC-003,PARACETAMOL_500,Paracetamol 500mg Tablets,59,597,116
2024-12-28,MH-PUNE-PHC-003,PARACETAMOL_500,Paracetamol 500mg Tablets,65,532,132
2024-12-29,MH-PUNE-PHC-003,PARACETAMOL_500,Paracetamol 500mg Tablets,48,484,134
2024-12-30,MH-PUNE-PHC-003,PARACETAMOL_500,Paracetamol 500mg Tablets,61,423,123
2024-12-31,MH-PUNE-PHC-003,PARACETAMOL_500,Paracetamol 500mg Tablets,53,370,135
2025-01-01,MH-PUNE-PHC-003,PARACETAMOL_500,Paracetamol 500mg Tablets,59,311,129
2025-01-02,MH-PUNE-PHC-003,PARACETAMOL_500,Paracetamol 500mg Tablets,53,258,112
2025-01-03,MH-PUNE-PHC-003,PARACETAMOL_500,Paracetamol 500mg Tablets,62,196,136
2025-01-04,MH-PUNE-PHC-003,PARACETAMOL_500,Paracetamol 500mg Tablets,46,597,132
2025-01-05,MH-PUNE-PHC-003,PARACETAMOL_500,Paracetamol 500mg Tablets,58,539,120
2025-01-06,MH-PUNE-PHC-003,PARACETAMOL_500,Paracetamol 500mg Tablets,54,485,119
2025-01-07,MH-PUNE-PHC-003,PARACETAMOL_500,Paracetamol 500mg Tablets,45,440,128
2025-01-08,MH-PUNE-PHC-003,PARACETAMOL_500,Paracetamol 500mg Tablets,60,380,133
2025-01-09,MH-PUNE-PHC-003,PARACETAMOL_500,Paracetamol 500mg Tablets,61,319,132
2025-01-10,MH-PUNE-PHC-003,PARACETAMOL_500,Paracetamol 500mg Tablets,56,263,131
2025-01-11,MH-PUNE-PHC-003,PARACETAMOL_500,Paracetamol 500mg Tablets,45,218,115
2025-01-12,MH-PUNE-PHC-003,PARACETAMOL_500,Paracetamol 500mg Tablets,43,591,111
2025-01-13,MH-PUNE-PHC-003,PARACETAMOL_500,Paracetamol 500mg Tablets,41,550,100
2025-01-14,MH-PUNE-PHC-003,PARACETAMOL_500,Paracetamol 500mg Tablets,39,511,114
2025-01-15,MH-PUNE-PHC-003,PARACETAMOL_500,Paracetamol 500mg Tablets,42,469,113
2025-01-16,MH-PUNE-PHC-003,PARACETAMOL_500,Paracetamol 500mg Tablets,38,431,110
2025-01-17,MH-PUNE-PHC-003,PARACETAMOL_500,Paracetamol 500mg Tablets,38,393,101
2025-01-18,MH-PUNE-PHC-003,PARACETAMOL_500,Paracetamol 500mg Tablets,38,355,111
2025-01-19,MH-PUNE-PHC-003,PARACETAMOL_500,Paracetamol 500mg Tablets,38,317,103
2025-01-20,MH-PUNE-PHC-003,PARACETAMOL_500,Paracetamol 500mg Tablets,43,274,113
2025-01-21,MH-PUNE-PHC-003,PARACETAMOL_500,Paracetamol 500mg Tablets,43,231,110
2025-01-22,MH-PUNE-PHC-003,PARACETAMOL_500,Paracetamol 500mg Tablets,38,666,110
2025-01-23,MH-PUNE-PHC-003,PARACETAMOL_500,Paracetamol 500mg Tablets,43,623,110
2025-01-24,MH-PUNE-PHC-003,PARACETAMOL_500,Paracetamol 500mg Tablets,36,587,121
2025-01-25,MH-PUNE-PHC-003,PARACETAMOL_500,Paracetamol 500mg Tablets,43,544,117
2025-01-26,MH-PUNE-PHC-003,PARACETAMOL_500,Paracetamol 500mg Tablets,42,502,112
2025-01-27,MH-PUNE-PHC-003,PARACETAMOL_500,Paracetamol 500mg Tablets,40,462,113
2025-01-28,MH-PUNE-PHC-003,PARACETAMOL_500,Paracetamol 500mg Tablets,41,421,113
2025-01-29,MH-PUNE-PHC-003,PARACETAMOL_500,Paracetamol 500mg Tablets,41,380,110
2025-01-30,MH-PUNE-PHC-003,PARACETAMOL_500,Paracetamol 500mg Tablets,40,340,105
2025-01-31,MH-PUNE-PHC-003,PARACETAMOL_500,Paracetamol 500mg Tablets,37,303,97
2025-02-01,MH-PUNE-PHC-003,PARACETAMOL_500,Paracetamol 500mg Tablets,42,261,120
2025-02-02,MH-PUNE-PHC-003,PARACETAMOL_500,Paracetamol 500mg Tablets,38,223,115
2025-02-03,MH-PUNE-PHC-003,PARACETAMOL_500,Paracetamol 500mg Tablets,43,671,98
2025-02-04,MH-PUNE-PHC-003,PARACETAMOL_500,Paracetamol 500mg Tablets,41,630,106
2025-02-05,MH-PUNE-PHC-003,PARACETAMOL_500,Paracetamol 500mg Tablets,38,592,112
2025-02-06,MH-PUNE-PHC-003,PARACETAMOL_500,Paracetamol 500mg Tablets,36,556,100
2025-02-07,MH-PUNE-PHC-003,PARACETAMOL_500,Paracetamol 500mg Tablets,39,517,101
2025-02-08,MH-PUNE-PHC-003,PARACETAMOL_500,Paracetamol 500mg Tablets,39,478,110
2025-02-09,MH-PUNE-PHC-003,PARACETAMOL_500,Paracetamol 500mg Tablets,41,437,103
2025-02-10,MH-PUNE-PHC-003,PARACETAMOL_500,Paracetamol 500mg Tablets,43,394,110
2025-02-11,MH-PUNE-PHC-003,PARACETAMOL_500,Paracetamol 500mg Tablets,39,355,98
2025-02-12,MH-PUNE-PHC-003,PARACETAMOL_500,Paracetamol 500mg Tablets,42,313,102
2025-02-13,MH-PUNE-PHC-003,PARACETAMOL_500,Paracetamol 500mg Tablets,41,272,120
2025-02-14,MH-PUNE-PHC-003,PARACETAMOL_500,Paracetamol 500mg Tablets,38,234,114
2025-02-15,MH-PUNE-PHC-003,PARACETAMOL_500,Paracetamol 500mg Tablets,38,196,109
2024-11-18,MH-PUNE-PHC-003,AMOXICILLIN_500,Amoxicillin 500mg Capsules,24,512,110
2024-11-19,MH-PUNE-PHC-003,AMOXICILLIN_500,Amoxicillin 500mg Capsules,25,487,115
2024-11-20,MH-PUNE-PHC-003,AMOXICILLIN_500,Amoxicillin 500mg Capsules,23,464,103
2024-11-21,MH-PUNE-PHC-003,AMOXICILLIN_500,Amoxicillin 500mg Capsules,22,442,116
2024-11-22,MH-PUNE-PHC-003,AMOXICILLIN_500,Amoxicillin 500mg Capsules,25,417,116
2024-11-23,MH-PUNE-PHC-003,AMOXICILLIN_500,Amoxicillin 500mg Capsules,26,391,99
2024-11-24,MH-PUNE-PHC-003,AMOXICILLIN_500,Amoxicillin 500mg Capsules,21,370,104
2024-11-25,MH-PUNE-PHC-003,AMOXICILLIN_500,Amoxicillin 500mg Capsules,28,342,113
2024-11-26,MH-PUNE-PHC-003,AMOXICILLIN_500,Amoxicillin 500mg Capsules,25,317,112
2024-11-27,MH-PUNE-PHC-003,AMOXICILLIN_500,Amoxicillin 500mg Capsules,27,290,111
2024-11-28,MH-PUNE-PHC-003,AMOXICILLIN_500,Amoxicillin 500mg Capsules,28,262,105
2024-11-29,MH-PUNE-PHC-003,AMOXICILLIN_500,Amoxicillin 500mg Capsules,25,237,101
2024-11-30,MH-PUNE-PHC-003,AMOXICILLIN_500,Amoxicillin 500mg Capsules,22,215,103
2024-12-01,MH-PUNE-PHC-003,AMOXICILLIN_500,Amoxicillin 500mg Capsules,23,192,109
2024-12-02,MH-PUNE-PHC-003,AMOXICILLIN_500,Amoxicillin 500mg Capsules,26,166,101
2024-12-03,MH-PUNE-PHC-003,AMOXICILLIN_500,Amoxicillin 500mg Capsules,23,487,98
2024-12-04,MH-PUNE-PHC-003,AMOXICILLIN_500,Amoxicillin 500mg Capsules,21,466,105
2024-12-05,MH-PUNE-PHC-003,AMOXICILLIN_500,Amoxicillin 500mg Capsules,23,443,104
2024-12-06,MH-PUNE-PHC-003,AMOXICILLIN_500,Amoxicillin 500mg Capsules,24,419,98
2024-12-07,MH-PUNE-PHC-003,AMOXICILLIN_500,Amoxicillin 500mg Capsules,28,391,107
2024-12-08,MH-PUNE-PHC-003,AMOXICILLIN_500,Amoxicillin 500mg Capsules,26,365,114
2024-12-09,MH-PUNE-PHC-003,AMOXICILLIN_500,Amoxicillin 500mg Capsules,23,342,99
2024-12-10,MH-PUNE-PHC-003,AMOXICILLIN_500,Amoxicillin 500mg Capsules,21,321,116
2024-12-11,MH-PUNE-PHC-003,AMOXICILLIN_500,Amoxicillin 500mg Capsules,25,296,98
2024-12-12,MH-PUNE-PHC-003,AMOXICILLIN_500,Amoxicillin 500mg Capsules,28,268,115
2024-12-13,MH-PUNE-PHC-003,AMOXICILLIN_500,Amoxicillin 500mg Capsules,22,246,103
2024-12-14,MH-PUNE-PHC-003,AMOXICILLIN_500,Amoxicillin 500mg Capsules,22,224,120
2024-12-15,MH-PUNE-PHC-003,AMOXICILLIN_500,Amoxicillin 500mg Capsules,21,203,115
2024-12-16,MH-PUNE-PHC-003,AMOXICILLIN_500,Amoxicillin 500mg Capsules,28,175,116
2024-12-17,MH-PUNE-PHC-003,AMOXICILLIN_500,Amoxicillin 500mg Capsules,25,518,107
2024-12-18,MH-PUNE-PHC-003,AMOXICILLIN_500,Amoxicillin 500mg Capsules,27,491,100
2024-12-19,MH-PUNE-PHC-003,AMOXICILLIN_500,Amoxicillin 500mg Capsules,25,466,100
2024-12-20,MH-PUNE-PHC-003,AMOXICILLIN_500,Amoxicillin 500mg Capsules,21,445,108
2024-12-21,MH-PUNE-PHC-003,AMOXICILLIN_500,Amoxicillin 500mg Capsules,25,420,107
2024-12-22,MH-PUNE-PHC-003,AMOXICILLIN_500,Amoxicillin 500mg Capsules,21,399,121
2024-12-23,MH-PUNE-PHC-003,AMOXICILLIN_500,Amoxicillin 500mg Capsules,21,378,110
2024-12-24,MH-PUNE-PHC-003,AMOXICILLIN_500,Amoxicillin 500mg Capsules,28,350,107
2024-12-25,MH-PUNE-PHC-003,AMOXICILLIN_500,Amoxicillin 500mg Capsules,22,328,119
2024-12-26,MH-PUNE-PHC-003,AMOXICILLIN_500,Amoxicillin 500mg Capsules,27,301,113
2024-12-27,MH-PUNE-PHC-003,AMOXICILLIN_500,Amoxicillin 500mg Capsules,23,278,117
2024-12-28,MH-PUNE-PHC-003,AMOXICILLIN_500,Amoxicillin 500mg Capsules,28,250,106
2024-12-29,MH-PUNE-PHC-003,AMOXICILLIN_500,Amoxicillin 500mg Capsules,25,225,119
2024-12-30,MH-PUNE-PHC-003,AMOXICILLIN_500,Amoxicillin 500mg Capsules,28,197,105
2024-12-31,MH-PUNE-PHC-003,AMOXICILLIN_500,Amoxicillin 500mg Capsules,26,171,102
2025-01-01,MH-PUNE-PHC-003,AMOXICILLIN_500,Amoxicillin 500mg Capsules,23,457,110
2025-01-02,MH-PUNE-PHC-003,AMOXICILLIN_500,Amoxicillin 500mg Capsules,26,431,116
2025-01-03,MH-PUNE-PHC-003,AMOXICILLIN_500,Amoxicillin 500mg Capsules,26,405,101
2025-01-04,MH-PUNE-PHC-003,AMOXICILLIN_500,Amoxicillin 500mg Capsules,21,384,116
2025-01-05,MH-PUNE-PHC-003,AMOXICILLIN_500,Amoxicillin 500mg Capsules,22,362,120
2025-01-06,MH-PUNE-PHC-003,AMOXICILLIN_500,Amoxicillin 500mg Capsules,23,339,113
2025-01-07,MH-PUNE-PHC-003,AMOXICILLIN_500,Amoxicillin 500mg Capsules,22,317,115
2025-01-08,MH-PUNE-PHC-003,AMOXICILLIN_500,Amoxicillin 500mg Capsules,27,290,105
2025-01-09,MH-PUNE-PHC-003,AMOXICILLIN_500,Amoxicillin 500mg Capsules,23,267,97
2025-01-10,MH-PUNE-PHC-003,AMOXICILLIN_500,Amoxicillin 500mg Capsules,24,243,110
2025-01-11,MH-PUNE-PHC-003,AMOXICILLIN_500,Amoxicillin 500mg Capsules,26,217,98
2025-01-12,MH-PUNE-PHC-003,AMOXICILLIN_500,Amoxicillin 500mg Capsules,28,189,103
2025-01-13,MH-PUNE-PHC-003,AMOXICILLIN_500,Amoxicillin 500mg Capsules,28,161,109
2025-01-14,MH-PUNE-PHC-003,AMOXICILLIN_500,Amoxicillin 500mg Capsules,28,463,121
2025-01-15,MH-PUNE-PHC-003,AMOXICILLIN_500,Amoxicillin 500mg Capsules,24,439,105
2025-01-16,MH-PUNE-PHC-003,AMOXICILLIN_500,Amoxicillin 500mg Capsules,28,411,121
2025-01-17,MH-PUNE-PHC-003,AMOXICILLIN_500,Amoxicillin 500mg Capsules,21,390,110
2025-01-18,MH-PUNE-PHC-003,AMOXICILLIN_500,Amoxicillin 500mg Capsules,25,365,117
2025-01-19,MH-PUNE-PHC-003,AMOXICILLIN_500,Amoxicillin 500mg Capsules,24,341,104
2025-01-20,MH-PUNE-PHC-003,AMOXICILLIN_500,Amoxicillin 500mg Capsules,23,318,101
2025-01-21,MH-PUNE-PHC-003,AMOXICILLIN_500,Amoxicillin 500mg Capsules,28,290,99
2025-01-22,MH-PUNE-PHC-003,AMOXICILLIN_500,Amoxicillin 500mg Capsules,28,262,120
2025-01-23,MH-PUNE-PHC-003,AMOXICILLIN_500,Amoxicillin 500mg Capsules,22,240,121
2025-01-24,MH-PUNE-PHC-003,AMOXICILLIN_500,Amoxicillin 500mg Capsules,22,218,101
2025-01-25,MH-PUNE-PHC-003,AMOXICILLIN_500,Amoxicillin 500mg Capsules,27,191,118
2025-01-26,MH-PUNE-PHC-003,AMOXICILLIN_500,Amoxicillin 500mg Capsules,24,167,98
2025-01-27,MH-PUNE-PHC-003,AMOXICILLIN_500,Amoxicillin 500mg Capsules,27,520,116
2025-01-28,MH-PUNE-PHC-003,AMOXICILLIN_500,Amoxicillin 500mg Capsules,27,493,118
2025-01-29,MH-PUNE-PHC-003,AMOXICILLIN_500,Amoxicillin 500mg Capsules,22,471,112
2025-01-30,MH-PUNE-PHC-003,AMOXICILLIN_500,Amoxicillin 500mg Capsules,21,450,111
2025-01-31,MH-PUNE-PHC-003,AMOXICILLIN_500,Amoxicillin 500mg Capsules,22,428,108
2025-02-01,MH-PUNE-PHC-003,AMOXICILLIN_500,Amoxicillin 500mg Capsules,27,401,120
2025-02-02,MH-PUNE-PHC-003,AMOXICILLIN_500,Amoxicillin 500mg Capsules,28,373,106
2025-02-03,MH-PUNE-PHC-003,AMOXICILLIN_500,Amoxicillin 500mg Capsules,24,349,97
2025-02-04,MH-PUNE-PHC-003,AMOXICILLIN_500,Amoxicillin 500mg Capsules,28,321,108
2025-02-05,MH-PUNE-PHC-003,AMOXICILLIN_500,Amoxicillin 500mg Capsules,25,296,99
2025-02-06,MH-PUNE-PHC-003,AMOXICILLIN_500,Amoxicillin 500mg Capsules,26,270,115
2025-02-07,MH-PUNE-PHC-003,AMOXICILLIN_500,Amoxicillin 500mg Capsules,27,243,109
2025-02-08,MH-PUNE-PHC-003,AMOXICILLIN_500,Amoxicillin 500mg Capsules,28,215,100
2025-02-09,MH-PUNE-PHC-003,AMOXICILLIN_500,Amoxicillin 500mg Capsules,28,187,106
2025-02-10,MH-PUNE-PHC-003,AMOXICILLIN_500,Amoxicillin 500mg Capsules,27,160,104
2025-02-11,MH-PUNE-PHC-003,AMOXICILLIN_500,Amoxicillin 500mg Capsules,21,139,105
2025-02-12,MH-PUNE-PHC-003,AMOXICILLIN_500,Amoxicillin 500mg Capsules,25,114,118
2025-02-13,MH-PUNE-PHC-003,AMOXICILLIN_500,Amoxicillin 500mg Capsules,26,88,107
2025-02-14,MH-PUNE-PHC-003,AMOXICILLIN_500,Amoxicillin 500mg Capsules,23,65,118
2025-02-15,MH-PUNE-PHC-003,AMOXICILLIN_500,Amoxicillin 500mg Capsules,26,39,115
2024-11-18,MH-PUNE-PHC-003,AZITHROMYCIN_500,Azithromycin 500mg Tablets,13,388,116
2024-11-19,MH-PUNE-PHC-003,AZITHROMYCIN_500,Azithromycin 500mg Tablets,11,377,107
2024-11-20,MH-PUNE-PHC-003,AZITHROMYCIN_500,Azithromycin 500mg Tablets,16,361,120
2024-11-21,MH-PUNE-PHC-003,AZITHROMYCIN_500,Azithromycin 500mg Tablets,14,347,119
2024-11-22,MH-PUNE-PHC-003,AZITHROMYCIN_500,Azithromycin 500mg Tablets,18,329,100
2024-11-23,MH-PUNE-PHC-003,AZITHROMYCIN_500,Azithromycin 500mg Tablets,18,311,111
2024-11-24,MH-PUNE-PHC-003,AZITHROMYCIN_500,Azithromycin 500mg Tablets,13,298,105
2024-11-25,MH-PUNE-PHC-003,AZITHROMYCIN_500,Azithromycin 500mg Tablets,11,287,99
2024-11-26,MH-PUNE-PHC-003,AZITHROMYCIN_500,Azithromycin 500mg Tablets,14,273,118
2024-11-27,MH-PUNE-PHC-003,AZITHROMYCIN_500,Azithromycin 500mg Tablets,13,260,113
2024-11-28,MH-PUNE-PHC-003,AZITHROMYCIN_500,Azithromycin 500mg Tablets,18,242,98
2024-11-29,MH-PUNE-PHC-003,AZITHROMYCIN_500,Azithromycin 500mg Tablets,15,227,103
2024-11-30,MH-PUNE-PHC-003,AZITHROMYCIN_500,Azithromycin 500mg Tablets,16,211,98
2024-12-01,MH-PUNE-PHC-003,AZITHROMYCIN_500,Azithromycin 500mg Tablets,12,199,100
2024-12-02,MH-PUNE-PHC-003,AZITHROMYCIN_500,Azithromycin 500mg Tablets,13,186,118
2024-12-03,MH-PUNE-PHC-003,AZITHROMYCIN_500,Azithromycin 500mg Tablets,14,172,100
2024-12-04,MH-PUNE-PHC-003,AZITHROMYCIN_500,Azithromycin 500mg Tablets,14,158,103
2024-12-05,MH-PUNE-PHC-003,AZITHROMYCIN_500,Azithromycin 500mg Tablets,17,141,110
2024-12-06,MH-PUNE-PHC-003,AZITHROMYCIN_500,Azithromycin 500mg Tablets,16,125,105
2024-12-07,MH-PUNE-PHC-003,AZITHROMYCIN_500,Azithromycin 500mg Tablets,14,111,113
2024-12-08,MH-PUNE-PHC-003,AZITHROMYCIN_500,Azithromycin 500mg Tablets,16,95,112
2024-12-09,MH-PUNE-PHC-003,AZITHROMYCIN_500,Azithromycin 500mg Tablets,17,282,111
2024-12-10,MH-PUNE-PHC-003,AZITHROMYCIN_500,Azithromycin 500mg Tablets,11,271,109
2024-12-11,MH-PUNE-PHC-003,AZITHROMYCIN_500,Azithromycin 500mg Tablets,17,254,100
2024-12-12,MH-PUNE-PHC-003,AZITHROMYCIN_500,Azithromycin 500mg Tablets,13,241,112
2024-12-13,MH-PUNE-PHC-003,AZITHROMYCIN_500,Azithromycin 500mg Tablets,11,230,117
2024-12-14,MH-PUNE-PHC-003,AZITHROMYCIN_500,Azithromycin 500mg Tablets,15,215,119
2024-12-15,MH-PUNE-PHC-003,AZITHROMYCIN_500,Azithromycin 500mg Tablets,16,199,118
2024-12-16,MH-PUNE-PHC-003,AZITHROMYCIN_500,Azithromycin 500mg Tablets,15,184,114
2024-12-17,MH-PUNE-PHC-003,AZITHROMYCIN_500,Azithromycin 500mg Tablets,30,154,121
2024-12-18,MH-PUNE-PHC-003,AZITHROMYCIN_500,Azithromycin 500mg Tablets,40,114,133
2024-12-19,MH-PUNE-PHC-003,AZITHROMYCIN_500,Azithromycin 500mg Tablets,32,82,120
2024-12-20,MH-PUNE-PHC-003,AZITHROMYCIN_500,Azithromycin 500mg Tablets,34,234,116
2024-12-21,MH-PUNE-PHC-003,AZITHROMYCIN_500,Azithromycin 500mg Tablets,33,201,136
2024-12-22,MH-PUNE-PHC-003,AZITHROMYCIN_500,Azithromycin 500mg Tablets,36,165,129
2024-12-23,MH-PUNE-PHC-003,AZITHROMYCIN_500,Azithromycin 500mg Tablets,24,141,120
2024-12-24,MH-PUNE-PHC-003,AZITHROMYCIN_500,Azithromycin 500mg Tablets,37,104,133
2024-12-25,MH-PUNE-PHC-003,AZITHROMYCIN_500,Azithromycin 500mg Tablets,24,80,112
2024-12-26,MH-PUNE-PHC-003,AZITHROMYCIN_500,Azithromycin 500mg Tablets,29,289,128
2024-12-27,MH-PUNE-PHC-003,AZITHROMYCIN_500,Azithromycin 500mg Tablets,26,263,126
2024-12-28,MH-PUNE-PHC-003,AZITHROMYCIN_500,Azithromycin 500mg Tablets,22,241,115
2024-12-29,MH-PUNE-PHC-003,AZITHROMYCIN_500,Azithromycin 500mg Tablets,38,203,122
2024-12-30,MH-PUNE-PHC-003,AZITHROMYCIN_500,Azithromycin 500mg Tablets,32,171,122
2024-12-31,MH-PUNE-PHC-003,AZITHROMYCIN_500,Azithromycin 500mg Tablets,30,141,132
2025-01-01,MH-PUNE-PHC-003,AZITHROMYCIN_500,Azithromycin 500mg Tablets,37,104,130
2025-01-02,MH-PUNE-PHC-003,AZITHROMYCIN_500,Azithromycin 500mg Tablets,32,72,119
2025-01-03,MH-PUNE-PHC-003,AZITHROMYCIN_500,Azithromycin 500mg Tablets,25,295,128
2025-01-04,MH-PUNE-PHC-003,AZITHROMYCIN_500,Azithromycin 500mg Tablets,26,269,118
2025-01-05,MH-PUNE-PHC-003,AZITHROMYCIN_500,Azithromycin 500mg Tablets,33,236,133
2025-01-06,MH-PUNE-PHC-003,AZITHROMYCIN_500,Azithromycin 500mg Tablets,36,200,132
2025-01-07,MH-PUNE-PHC-003,AZITHROMYCIN_500,Azithromycin 500mg Tablets,29,171,121
2025-01-08,MH-PUNE-PHC-003,AZITHROMYCIN_500,Azithromycin 500mg Tablets,34,137,112
2025-01-09,MH-PUNE-PHC-003,AZITHROMYCIN_500,Azithromycin 500mg Tablets,29,108,126
2025-01-10,MH-PUNE-PHC-003,AZITHROMYCIN_500,Azithromycin 500mg Tablets,25,83,133
2025-01-11,MH-PUNE-PHC-003,AZITHROMYCIN_500,Azithromycin 500mg Tablets,31,215,119
2025-01-12,MH-PUNE-PHC-003,AZITHROMYCIN_500,Azithromycin 500mg Tablets,15,200,118
2025-01-13,MH-PUNE-PHC-003,AZITHROMYCIN_500,Azithromycin 500mg Tablets,13,187,116
2025-01-14,MH-PUNE-PHC-003,AZITHROMYCIN_500,Azithromycin 500mg Tablets,17,170,102
2025-01-15,MH-PUNE-PHC-003,AZITHROMYCIN_500,Azithromycin 500mg Tablets,12,158,102
2025-01-16,MH-PUNE-PHC-003,AZITHROMYCIN_500,Azithromycin 500mg Tablets,14,144,121
2025-01-17,MH-PUNE-PHC-003,AZITHROMYCIN_500,Azithromycin 500mg Tablets,13,131,119
2025-01-18,MH-PUNE-PHC-003,AZITHROMYCIN_500,Azithromycin 500mg Tablets,12,119,113
2025-01-19,MH-PUNE-PHC-003,AZITHROMYCIN_500,Azithromycin 500mg Tablets,16,103,105
2025-01-20,MH-PUNE-PHC-003,AZITHROMYCIN_500,Azithromycin 500mg Tablets,14,89,115
2025-01-21,MH-PUNE-PHC-003,AZITHROMYCIN_500,Azithromycin 500mg Tablets,13,326,109
2025-01-22,MH-PUNE-PHC-003,AZITHROMYCIN_500,Azithromycin 500mg Tablets,16,310,121
2025-01-23,MH-PUNE-PHC-003,AZITHROMYCIN_500,Azithromycin 500mg Tablets,15,295,104
2025-01-24,MH-PUNE-PHC-003,AZITHROMYCIN_500,Azithromycin 500mg Tablets,15,280,116
2025-01-25,MH-PUNE-PHC-003,AZITHROMYCIN_500,Azithromycin 500mg Tablets,15,265,120
2025-01-26,MH-PUNE-PHC-003,AZITHROMYCIN_500,Azithromycin 500mg Tablets,18,247,119
2025-01-27,MH-PUNE-PHC-003,AZITHROMYCIN_500,Azithromycin 500mg Tablets,12,235,108
2025-01-28,MH-PUNE-PHC-003,AZITHROMYCIN_500,Azithromycin 500mg Tablets,13,222,106
2025-01-29,MH-PUNE-PHC-003,AZITHROMYCIN_500,Azithromycin 500mg Tablets,15,207,116
2025-01-30,MH-PUNE-PHC-003,AZITHROMYCIN_500,Azithromycin 500mg Tablets,12,195,98
2025-01-31,MH-PUNE-PHC-003,AZITHROMYCIN_500,Azithromycin 500mg Tablets,17,178,107
2025-02-01,MH-PUNE-PHC-003,AZITHROMYCIN_500,Azithromycin 500mg Tablets,11,167,118
2025-02-02,MH-PUNE-PHC-003,AZITHROMYCIN_500,Azithromycin 500mg Tablets,14,153,108
2025-02-03,MH-PUNE-PHC-003,AZITHROMYCIN_500,Azithromycin 500mg Tablets,13,140,116
2025-02-04,MH-PUNE-PHC-003,AZITHROMYCIN_500,Azithromycin 500mg Tablets,13,127,100
2025-02-05,MH-PUNE-PHC-003,AZITHROMYCIN_500,Azithromycin 500mg Tablets,17,110,114
2025-02-06,MH-PUNE-PHC-003,AZITHROMYCIN_500,Azithromycin 500mg Tablets,17,93,108
2025-02-07,MH-PUNE-PHC-003,AZITHROMYCIN_500,Azithromycin 500mg Tablets,14,323,116
2025-02-08,MH-PUNE-PHC-003,AZITHROMYCIN_500,Azithromycin 500mg Tablets,15,308,101
2025-02-09,MH-PUNE-PHC-003,AZITHROMYCIN_500,Azithromycin 500mg Tablets,15,293,100
2025-02-10,MH-PUNE-PHC-003,AZITHROMYCIN_500,Azithromycin 500mg Tablets,14,279,113
2025-02-11,MH-PUNE-PHC-003,AZITHROMYCIN_500,Azithromycin 500mg Tablets,16,263,105
2025-02-12,MH-PUNE-PHC-003,AZITHROMYCIN_500,Azithromycin 500mg Tablets,12,251,97
2025-02-13,MH-PUNE-PHC-003,AZITHROMYCIN_500,Azithromycin 500mg Tablets,13,238,111
2025-02-14,MH-PUNE-PHC-003,AZITHROMYCIN_500,Azithromycin 500mg Tablets,16,222,104
2025-02-15,MH-PUNE-PHC-003,AZITHROMYCIN_500,Azithromycin 500mg Tablets,15,207,104
2024-11-18,MH-PUNE-PHC-003,METFORMIN_500,Metformin 500mg Tablets,22,384,110
2024-11-19,MH-PUNE-PHC-003,METFORMIN_500,Metformin 500mg Tablets,23,361,106
2024-11-20,MH-PUNE-PHC-003,METFORMIN_500,Metformin 500mg Tablets,25,336,109
2024-11-21,MH-PUNE-PHC-003,METFORMIN_500,Metformin 500mg Tablets,24,312,104
2024-11-22,MH-PUNE-PHC-003,METFORMIN_500,Metformin 500mg Tablets,24,288,102
2024-11-23,MH-PUNE-PHC-003,METFORMIN_500,Metformin 500mg Tablets,18,270,109
2024-11-24,MH-PUNE-PHC-003,METFORMIN_500,Metformin 500mg Tablets,23,247,114
2024-11-25,MH-PUNE-PHC-003,METFORMIN_500,Metformin 500mg Tablets,22,225,117
2024-11-26,MH-PUNE-PHC-003,METFORMIN_500,Metformin 500mg Tablets,19,206,118
2024-11-27,MH-PUNE-PHC-003,METFORMIN_500,Metformin 500mg Tablets,23,183,119
2024-11-28,MH-PUNE-PHC-003,METFORMIN_500,Metformin 500mg Tablets,21,162,109
2024-11-29,MH-PUNE-PHC-003,METFORMIN_500,Metformin 500mg Tablets,19,143,116
2024-11-30,MH-PUNE-PHC-003,METFORMIN_500,Metformin 500mg Tablets,25,374,114
2024-12-01,MH-PUNE-PHC-003,METFORMIN_500,Metformin 500mg Tablets,20,354,101
2024-12-02,MH-PUNE-PHC-003,METFORMIN_500,Metformin 500mg Tablets,24,330,113
2024-12-03,MH-PUNE-PHC-003,METFORMIN_500,Metformin 500mg Tablets,25,305,100
2024-12-04,MH-PUNE-PHC-003,METFORMIN_500,Metformin 500mg Tablets,20,285,114
2024-12-05,MH-PUNE-PHC-003,METFORMIN_500,Metformin 500mg Tablets,23,262,114
2024-12-06,MH-PUNE-PHC-003,METFORMIN_500,Metformin 500mg Tablets,19,243,111
2024-12-07,MH-PUNE-PHC-003,METFORMIN_500,Metformin 500mg Tablets,21,222,105
2024-12-08,MH-PUNE-PHC-003,METFORMIN_500,Metformin 500mg Tablets,24,198,113
2024-12-09,MH-PUNE-PHC-003,METFORMIN_500,Metformin 500mg Tablets,25,173,121
2024-12-10,MH-PUNE-PHC-003,METFORMIN_500,Metformin 500mg Tablets,18,155,118
2024-12-11,MH-PUNE-PHC-003,METFORMIN_500,Metformin 500mg Tablets,20,135,111
2024-12-12,MH-PUNE-PHC-003,METFORMIN_500,Metformin 500mg Tablets,22,433,100
2024-12-13,MH-PUNE-PHC-003,METFORMIN_500,Metformin 500mg Tablets,22,411,109
2024-12-14,MH-PUNE-PHC-003,METFORMIN_500,Metformin 500mg Tablets,23,388,113
2024-12-15,MH-PUNE-PHC-003,METFORMIN_500,Metformin 500mg Tablets,25,363,119
2024-12-16,MH-PUNE-PHC-003,METFORMIN_500,Metformin 500mg Tablets,25,338,99
2024-12-17,MH-PUNE-PHC-003,METFORMIN_500,Metformin 500mg Tablets,23,315,108
2024-12-18,MH-PUNE-PHC-003,METFORMIN_500,Metformin 500mg Tablets,25,290,110
2024-12-19,MH-PUNE-PHC-003,METFORMIN_500,Metformin 500mg Tablets,21,269,102
2024-12-20,MH-PUNE-PHC-003,METFORMIN_500,Metformin 500mg Tablets,18,251,116
2024-12-21,MH-PUNE-PHC-003,METFORMIN_500,Metformin 500mg Tablets,19,232,121
2024-12-22,MH-PUNE-PHC-003,METFORMIN_500,Metformin 500mg Tablets,25,207,120
2024-12-23,MH-PUNE-PHC-003,METFORMIN_500,Metformin 500mg Tablets,24,183,110
2024-12-24,MH-PUNE-PHC-003,METFORMIN_500,Metformin 500mg Tablets,18,165,106
2024-12-25,MH-PUNE-PHC-003,METFORMIN_500,Metformin 500mg Tablets,18,147,114
2024-12-26,MH-PUNE-PHC-003,METFORMIN_500,Metformin 500mg Tablets,18,129,101
2024-12-27,MH-PUNE-PHC-003,METFORMIN_500,Metformin 500mg Tablets,25,423,116
2024-12-28,MH-PUNE-PHC-003,METFORMIN_500,Metformin 500mg Tablets,21,402,108
2024-12-29,MH-PUNE-PHC-003,METFORMIN_500,Metformin 500mg Tablets,22,380,97
2024-12-30,MH-PUNE-PHC-003,METFORMIN_500,Metformin 500mg Tablets,23,357,106
2024-12-31,MH-PUNE-PHC-003,METFORMIN_500,Metformin 500mg Tablets,19,338,101
2025-01-01,MH-PUNE-PHC-003,METFORMIN_500,Metformin 500mg Tablets,24,314,105
2025-01-02,MH-PUNE-PHC-003,METFORMIN_500,Metformin 500mg Tablets,21,293,97
2025-01-03,MH-PUNE-PHC-003,METFORMIN_500,Metformin 500mg Tablets,21,272,115
2025-01-04,MH-PUNE-PHC-003,METFORMIN_500,Metformin 500mg Tablets,21,251,106
2025-01-05,MH-PUNE-PHC-003,METFORMIN_500,Metformin 500mg Tablets,25,226,118
2025-01-06,MH-PUNE-PHC-003,METFORMIN_500,Metformin 500mg Tablets,20,206,101
2025-01-07,MH-PUNE-PHC-003,METFORMIN_500,Metformin 500mg Tablets,23,183,119
2025-01-08,MH-PUNE-PHC-003,METFORMIN_500,Metformin 500mg Tablets,25,158,120
2025-01-09,MH-PUNE-PHC-003,METFORMIN_500,Metformin 500mg Tablets,19,139,117
2025-01-10,MH-PUNE-PHC-003,METFORMIN_500,Metformin 500mg Tablets,24,413,114
2025-01-11,MH-PUNE-PHC-003,METFORMIN_500,Metformin 500mg Tablets,19,394,104
2025-01-12,MH-PUNE-PHC-003,METFORMIN_500,Metformin 500mg Tablets,23,371,103
2025-01-13,MH-PUNE-PHC-003,METFORMIN_500,Metformin 500mg Tablets,22,349,102
2025-01-14,MH-PUNE-PHC-003,METFORMIN_500,Metformin 500mg Tablets,23,326,103
2025-01-15,MH-PUNE-PHC-003,METFORMIN_500,Metformin 500mg Tablets,22,304,107
2025-01-16,MH-PUNE-PHC-003,METFORMIN_500,Metformin 500mg Tablets,24,280,104
2025-01-17,MH-PUNE-PHC-003,METFORMIN_500,Metformin 500mg Tablets,20,260,115
2025-01-18,MH-PUNE-PHC-003,METFORMIN_500,Metformin 500mg Tablets,23,237,121
2025-01-19,MH-PUNE-PHC-003,METFORMIN_500,Metformin 500mg Tablets,25,212,121
2025-01-20,MH-PUNE-PHC-003,METFORMIN_500,Metformin 500mg Tablets,25,187,97
2025-01-21,MH-PUNE-PHC-003,METFORMIN_500,Metformin 500mg Tablets,25,162,99
2025-01-22,MH-PUNE-PHC-003,METFORMIN_500,Metformin 500mg Tablets,20,142,99
2025-01-23,MH-PUNE-PHC-003,METFORMIN_500,Metformin 500mg Tablets,19,407,106
2025-01-24,MH-PUNE-PHC-003,METFORMIN_500,Metformin 500mg Tablets,21,386,115
2025-01-25,MH-PUNE-PHC-003,METFORMIN_500,Metformin 500mg Tablets,25,361,105
2025-01-26,MH-PUNE-PHC-003,METFORMIN_500,Metformin 500mg Tablets,23,338,115
2025-01-27,MH-PUNE-PHC-003,METFORMIN_500,Metformin 500mg Tablets,19,319,121
2025-01-28,MH-PUNE-PHC-003,METFORMIN_500,Metformin 500mg Tablets,20,299,103
2025-01-29,MH-PUNE-PHC-003,METFORMIN_500,Metformin 500mg Tablets,20,279,103
2025-01-30,MH-PUNE-PHC-003,METFORMIN_500,Metformin 500mg Tablets,20,259,121
2025-01-31,MH-PUNE-PHC-003,METFORMIN_500,Metformin 500mg Tablets,19,240,102
2025-02-01,MH-PUNE-PHC-003,METFORMIN_500,Metformin 500mg Tablets,19,221,101
2025-02-02,MH-PUNE-PHC-003,METFORMIN_500,Metformin 500mg Tablets,22,199,107
2025-02-03,MH-PUNE-PHC-003,METFORMIN_500,Metformin 500mg Tablets,20,179,117
2025-02-04,MH-PUNE-PHC-003,METFORMIN_500,Metformin 500mg Tablets,24,155,104
2025-02-05,MH-PUNE-PHC-003,METFORMIN_500,Metformin 500mg Tablets,20,135,100
2025-02-06,MH-PUNE-PHC-003,METFORMIN_500,Metformin 500mg Tablets,20,445,107
2025-02-07,MH-PUNE-PHC-003,METFORMIN_500,Metformin 500mg Tablets,22,423,99
2025-02-08,MH-PUNE-PHC-003,METFORMIN_500,Metformin 500mg Tablets,22,401,108
2025-02-09,MH-PUNE-PHC-003,METFORMIN_500,Metformin 500mg Tablets,22,379,114
2025-02-10,MH-PUNE-PHC-003,METFORMIN_500,Metformin 500mg Tablets,19,360,114
2025-02-11,MH-PUNE-PHC-003,METFORMIN_500,Metformin 500mg Tablets,22,338,109
2025-02-12,MH-PUNE-PHC-003,METFORMIN_500,Metformin 500mg Tablets,18,320,119
2025-02-13,MH-PUNE-PHC-003,METFORMIN_500,Metformin 500mg Tablets,20,300,107
2025-02-14,MH-PUNE-PHC-003,METFORMIN_500,Metformin 500mg Tablets,23,277,121
2025-02-15,MH-PUNE-PHC-003,METFORMIN_500,Metformin 500mg Tablets,19,258,105
2024-11-18,MH-PUNE-PHC-003,INSULIN_REGULAR,Insulin Regular (100IU/ml),8,168,97
2024-11-19,MH-PUNE-PHC-003,INSULIN_REGULAR,Insulin Regular (100IU/ml),8,160,117
2024-11-20,MH-PUNE-PHC-003,INSULIN_REGULAR,Insulin Regular (100IU/ml),5,155,111
2024-11-21,MH-PUNE-PHC-003,INSULIN_REGULAR,Insulin Regular (100IU/ml),4,151,107
2024-11-22,MH-PUNE-PHC-003,INSULIN_REGULAR,Insulin Regular (100IU/ml),3,148,101
2024-11-23,MH-PUNE-PHC-003,INSULIN_REGULAR,Insulin Regular (100IU/ml),6,142,109
2024-11-24,MH-PUNE-PHC-003,INSULIN_REGULAR,Insulin Regular (100IU/ml),1,141,101
2024-11-25,MH-PUNE-PHC-003,INSULIN_REGULAR,Insulin Regular (100IU/ml),6,135,102
2024-11-26,MH-PUNE-PHC-003,INSULIN_REGULAR,Insulin Regular (100IU/ml),2,133,112
2024-11-27,MH-PUNE-PHC-003,INSULIN_REGULAR,Insulin Regular (100IU/ml),7,126,116
2024-11-28,MH-PUNE-PHC-003,INSULIN_REGULAR,Insulin Regular (100IU/ml),7,119,99
2024-11-29,MH-PUNE-PHC-003,INSULIN_REGULAR,Insulin Regular (100IU/ml),6,113,101
2024-11-30,MH-PUNE-PHC-003,INSULIN_REGULAR,Insulin Regular (100IU/ml),2,111,110
2024-12-01,MH-PUNE-PHC-003,INSULIN_REGULAR,Insulin Regular (100IU/ml),4,107,102
2024-12-02,MH-PUNE-PHC-003,INSULIN_REGULAR,Insulin Regular (100IU/ml),2,105,115
2024-12-03,MH-PUNE-PHC-003,INSULIN_REGULAR,Insulin Regular (100IU/ml),6,99,100
2024-12-04,MH-PUNE-PHC-003,INSULIN_REGULAR,Insulin Regular (100IU/ml),2,97,109
2024-12-05,MH-PUNE-PHC-003,INSULIN_REGULAR,Insulin Regular (100IU/ml),7,90,105
2024-12-06,MH-PUNE-PHC-003,INSULIN_REGULAR,Insulin Regular (100IU/ml),5,85,118
2024-12-07,MH-PUNE-PHC-003,INSULIN_REGULAR,Insulin Regular (100IU/ml),3,82,104
2024-12-08,MH-PUNE-PHC-003,INSULIN_REGULAR,Insulin Regular (100IU/ml),3,79,110
2024-12-09,MH-PUNE-PHC-003,INSULIN_REGULAR,Insulin Regular (100IU/ml),8,71,104
2024-12-10,MH-PUNE-PHC-003,INSULIN_REGULAR,Insulin Regular (100IU/ml),1,70,113
2024-12-11,MH-PUNE-PHC-003,INSULIN_REGULAR,Insulin Regular (100IU/ml),3,67,119
2024-12-12,MH-PUNE-PHC-003,INSULIN_REGULAR,Insulin Regular (100IU/ml),6,61,106
2024-12-13,MH-PUNE-PHC-003,INSULIN_REGULAR,Insulin Regular (100IU/ml),8,53,105
2024-12-14,MH-PUNE-PHC-003,INSULIN_REGULAR,Insulin Regular (100IU/ml),2,51,116
2024-12-15,MH-PUNE-PHC-003,INSULIN_REGULAR,Insulin Regular (100IU/ml),5,46,110
2024-12-16,MH-PUNE-PHC-003,INSULIN_REGULAR,Insulin Regular (100IU/ml),1,45,114
2024-12-17,MH-PUNE-PHC-003,INSULIN_REGULAR,Insulin Regular (100IU/ml),6,39,103
2024-12-18,MH-PUNE-PHC-003,INSULIN_REGULAR,Insulin Regular (100IU/ml),3,36,118
2024-12-19,MH-PUNE-PHC-003,INSULIN_REGULAR,Insulin Regular (100IU/ml),1,35,103
2024-12-20,MH-PUNE-PHC-003,INSULIN_REGULAR,Insulin Regular (100IU/ml),6,179,100
2024-12-21,MH-PUNE-PHC-003,INSULIN_REGULAR,Insulin Regular (100IU/ml),2,177,105
2024-12-22,MH-PUNE-PHC-003,INSULIN_REGULAR,Insulin Regular (100IU/ml),2,175,120
2024-12-23,MH-PUNE-PHC-003,INSULIN_REGULAR,Insulin Regular (100IU/ml),3,172,102
2024-12-24,MH-PUNE-PHC-003,INSULIN_REGULAR,Insulin Regular (100IU/ml),6,166,116
2024-12-25,MH-PUNE-PHC-003,INSULIN_REGULAR,Insulin Regular (100IU/ml),6,160,112
2024-12-26,MH-PUNE-PHC-003,INSULIN_REGULAR,Insulin Regular (100IU/ml),4,156,119
2024-12-27,MH-PUNE-PHC-003,INSULIN_REGULAR,Insulin Regular (100IU/ml),8,148,100
2024-12-28,MH-PUNE-PHC-003,INSULIN_REGULAR,Insulin Regular (100IU/ml),4,144,114
2024-12-29,MH-PUNE-PHC-003,INSULIN_REGULAR,Insulin Regular (100IU/ml),1,143,115
2024-12-30,MH-PUNE-PHC-003,INSULIN_REGULAR,Insulin Regular (100IU/ml),7,136,98
2024-12-31,MH-PUNE-PHC-003,INSULIN_REGULAR,Insulin Regular (100IU/ml),1,135,102
2025-01-01,MH-PUNE-PHC-003,INSULIN_REGULAR,Insulin Regular (100IU/ml),5,130,109
2025-01-02,MH-PUNE-PHC-003,INSULIN_REGULAR,Insulin Regular (100IU/ml),7,123,113
2025-01-03,MH-PUNE-PHC-003,INSULIN_REGULAR,Insulin Regular (100IU/ml),3,120,115
2025-01-04,MH-PUNE-PHC-003,INSULIN_REGULAR,Insulin Regular (100IU/ml),5,115,109
2025-01-05,MH-PUNE-PHC-003,INSULIN_REGULAR,Insulin Regular (100IU/ml),6,109,98
2025-01-06,MH-PUNE-PHC-003,INSULIN_REGULAR,Insulin Regular (100IU/ml),4,105,105
2025-01-07,MH-PUNE-PHC-003,INSULIN_REGULAR,Insulin Regular (100IU/ml),7,98,117
2025-01-08,MH-PUNE-PHC-003,INSULIN_REGULAR,Insulin Regular (100IU/ml),6,92,110
2025-01-09,MH-PUNE-PHC-003,INSULIN_REGULAR,Insulin Regular (100IU/ml),3,89,97
2025-01-10,MH-PUNE-PHC-003,INSULIN_REGULAR,Insulin Regular (100IU/ml),1,88,107
2025-01-11,MH-PUNE-PHC-003,INSULIN_REGULAR,Insulin Regular (100IU/ml),8,80,117
2025-01-12,MH-PUNE-PHC-003,INSULIN_REGULAR,Insulin Regular (100IU/ml),7,73,111
2025-01-13,MH-PUNE-PHC-003,INSULIN_REGULAR,Insulin Regular (100IU/ml),6,67,110
2025-01-14,MH-PUNE-PHC-003,INSULIN_REGULAR,Insulin Regular (100IU/ml),3,64,101
2025-01-15,MH-PUNE-PHC-003,INSULIN_REGULAR,Insulin Regular (100IU/ml),7,57,97
2025-01-16,MH-PUNE-PHC-003,INSULIN_REGULAR,Insulin Regular (100IU/ml),3,54,100
2025-01-17,MH-PUNE-PHC-003,INSULIN_REGULAR,Insulin Regular (100IU/ml),6,48,103
2025-01-18,MH-PUNE-PHC-003,INSULIN_REGULAR,Insulin Regular (100IU/ml),5,43,109
2025-01-19,MH-PUNE-PHC-003,INSULIN_REGULAR,Insulin Regular (100IU/ml),4,39,121
2025-01-20,MH-PUNE-PHC-003,INSULIN_REGULAR,Insulin Regular (100IU/ml),6,33,110
2025-01-21,MH-PUNE-PHC-003,INSULIN_REGULAR,Insulin Regular (100IU/ml),5,156,108
2025-01-22,MH-PUNE-PHC-003,INSULIN_REGULAR,Insulin Regular (100IU/ml),8,148,100
2025-01-23,MH-PUNE-PHC-003,INSULIN_REGULAR,Insulin Regular (100IU/ml),8,140,113
2025-01-24,MH-PUNE-PHC-003,INSULIN_REGULAR,Insulin Regular (100IU/ml),5,135,114
2025-01-25,MH-PUNE-PHC-003,INSULIN_REGULAR,Insulin Regular (100IU/ml),5,130,103
2025-01-26,MH-PUNE-PHC-003,INSULIN_REGULAR,Insulin Regular (100IU/ml),3,127,118
2025-01-27,MH-PUNE-PHC-003,INSULIN_REGULAR,Insulin Regular (100IU/ml),2,125,98
2025-01-28,MH-PUNE-PHC-003,INSULIN_REGULAR,Insulin Regular (100IU/ml),5,120,99
2025-01-29,MH-PUNE-PHC-003,INSULIN_REGULAR,Insulin Regular (100IU/ml),4,116,106
2025-01-30,MH-PUNE-PHC-003,INSULIN_REGULAR,Insulin Regular (100IU/ml),8,108,102
2025-01-31,MH-PUNE-PHC-003,INSULIN_REGULAR,Insulin Regular (100IU/ml),5,103,102
2025-02-01,MH-PUNE-PHC-003,INSULIN_REGULAR,Insulin Regular (100IU/ml),2,101,97
2025-02-02,MH-PUNE-PHC-003,INSULIN_REGULAR,Insulin Regular (100IU/ml),5,96,103
2025-02-03,MH-PUNE-PHC-003,INSULIN_REGULAR,Insulin Regular (100IU/ml),4,92,107
2025-02-04,MH-PUNE-PHC-003,INSULIN_REGULAR,Insulin Regular (100IU/ml),4,88,103
2025-02-05,MH-PUNE-PHC-003,INSULIN_REGULAR,Insulin Regular (100IU/ml),8,80,99
2025-02-06,MH-PUNE-PHC-003,INSULIN_REGULAR,Insulin Regular (100IU/ml),3,77,101
2025-02-07,MH-PUNE-PHC-003,INSULIN_REGULAR,Insulin Regular (100IU/ml),5,72,100
2025-02-08,MH-PUNE-PHC-003,INSULIN_REGULAR,Insulin Regular (100IU/ml),5,67,107
2025-02-09,MH-PUNE-PHC-003,INSULIN_REGULAR,Insulin Regular (100IU/ml),5,62,113
2025-02-10,MH-PUNE-PHC-003,INSULIN_REGULAR,Insulin Regular (100IU/ml),7,55,119
2025-02-11,MH-PUNE-PHC-003,INSULIN_REGULAR,Insulin Regular (100IU/ml),4,51,112
2025-02-12,MH-PUNE-PHC-003,INSULIN_REGULAR,Insulin Regular (100IU/ml),3,48,106
2025-02-13,MH-PUNE-PHC-003,INSULIN_REGULAR,Insulin Regular (100IU/ml),8,40,99
2025-02-14,MH-PUNE-PHC-003,INSULIN_REGULAR,Insulin Regular (100IU/ml),7,33,104
2025-02-15,MH-PUNE-PHC-003,INSULIN_REGULAR,Insulin Regular (100IU/ml),4,29,105
2024-11-18,MH-PUNE-PHC-003,RABIES_VACCINE,Anti-Rabies Vaccine (ARV),1,96,119
2024-11-19,MH-PUNE-PHC-003,RABIES_VACCINE,Anti-Rabies Vaccine (ARV),3,93,103
2024-11-20,MH-PUNE-PHC-003,RABIES_VACCINE,Anti-Rabies Vaccine (ARV),1,92,112
2024-11-21,MH-PUNE-PHC-003,RABIES_VACCINE,Anti-Rabies Vaccine (ARV),1,91,104
2024-11-22,MH-PUNE-PHC-003,RABIES_VACCINE,Anti-Rabies Vaccine (ARV),2,89,110
2024-11-23,MH-PUNE-PHC-003,RABIES_VACCINE,Anti-Rabies Vaccine (ARV),5,84,101
2024-11-24,MH-PUNE-PHC-003,RABIES_VACCINE,Anti-Rabies Vaccine (ARV),2,82,118
2024-11-25,MH-PUNE-PHC-003,RABIES_VACCINE,Anti-Rabies Vaccine (ARV),6,76,118
2024-11-26,MH-PUNE-PHC-003,RABIES_VACCINE,Anti-Rabies Vaccine (ARV),1,75,108
2024-11-27,MH-PUNE-PHC-003,RABIES_VACCINE,Anti-Rabies Vaccine (ARV),1,74,119
2024-11-28,MH-PUNE-PHC-003,RABIES_VACCINE,Anti-Rabies Vaccine (ARV),2,72,112
2024-11-29,MH-PUNE-PHC-003,RABIES_VACCINE,Anti-Rabies Vaccine (ARV),2,70,112
2024-11-30,MH-PUNE-PHC-003,RABIES_VACCINE,Anti-Rabies Vaccine (ARV),1,69,117
2024-12-01,MH-PUNE-PHC-003,RABIES_VACCINE,Anti-Rabies Vaccine (ARV),5,64,108
2024-12-02,MH-PUNE-PHC-003,RABIES_VACCINE,Anti-Rabies Vaccine (ARV),2,62,113
2024-12-03,MH-PUNE-PHC-003,RABIES_VACCINE,Anti-Rabies Vaccine (ARV),7,55,116
2024-12-04,MH-PUNE-PHC-003,RABIES_VACCINE,Anti-Rabies Vaccine (ARV),5,50,107
2024-12-05,MH-PUNE-PHC-003,RABIES_VACCINE,Anti-Rabies Vaccine (ARV),5,45,101
2024-12-06,MH-PUNE-PHC-003,RABIES_VACCINE,Anti-Rabies Vaccine (ARV),1,44,106
2024-12-07,MH-PUNE-PHC-003,RABIES_VACCINE,Anti-Rabies Vaccine (ARV),6,38,109
2024-12-08,MH-PUNE-PHC-003,RABIES_VACCINE,Anti-Rabies Vaccine (ARV),7,31,116
2024-12-09,MH-PUNE-PHC-003,RABIES_VACCINE,Anti-Rabies Vaccine (ARV),2,29,120
2024-12-10,MH-PUNE-PHC-003,RABIES_VACCINE,Anti-Rabies Vaccine (ARV),4,99,106
2024-12-11,MH-PUNE-PHC-003,RABIES_VACCINE,Anti-Rabies Vaccine (ARV),3,96,117
2024-12-12,MH-PUNE-PHC-003,RABIES_VACCINE,Anti-Rabies Vaccine (ARV),1,95,109
2024-12-13,MH-PUNE-PHC-003,RABIES_VACCINE,Anti-Rabies Vaccine (ARV),3,92,114
2024-12-14,MH-PUNE-PHC-003,RABIES_VACCINE,Anti-Rabies Vaccine (ARV),1,91,118
2024-12-15,MH-PUNE-PHC-003,RABIES_VACCINE,Anti-Rabies Vaccine (ARV),4,87,97
2024-12-16,MH-PUNE-PHC-003,RABIES_VACCINE,Anti-Rabies Vaccine (ARV),2,85,101
2024-12-17,MH-PUNE-PHC-003,RABIES_VACCINE,Anti-Rabies Vaccine (ARV),4,81,110
2024-12-18,MH-PUNE-PHC-003,RABIES_VACCINE,Anti-Rabies Vaccine (ARV),7,74,110
2024-12-19,MH-PUNE-PHC-003,RABIES_VACCINE,Anti-Rabies Vaccine (ARV),4,70,104
2024-12-20,MH-PUNE-PHC-003,RABIES_VACCINE,Anti-Rabies Vaccine (ARV),6,64,110
2024-12-21,MH-PUNE-PHC-003,RABIES_VACCINE,Anti-Rabies Vaccine (ARV),1,63,121
2024-12-22,MH-PUNE-PHC-003,RABIES_VACCINE,Anti-Rabies Vaccine (ARV),3,60,100
2024-12-23,MH-PUNE-PHC-003,RABIES_VACCINE,Anti-Rabies Vaccine (ARV),1,59,100
2024-12-24,MH-PUNE-PHC-003,RABIES_VACCINE,Anti-Rabies Vaccine (ARV),3,56,111
2024-12-25,MH-PUNE-PHC-003,RABIES_VACCINE,Anti-Rabies Vaccine (ARV),5,51,97
2024-12-26,MH-PUNE-PHC-003,RABIES_VACCINE,Anti-Rabies Vaccine (ARV),2,49,98
2024-12-27,MH-PUNE-PHC-003,RABIES_VACCINE,Anti-Rabies Vaccine (ARV),3,46,121
2024-12-28,MH-PUNE-PHC-003,RABIES_VACCINE,Anti-Rabies Vaccine (ARV),2,44,121
2024-12-29,MH-PUNE-PHC-003,RABIES_VACCINE,Anti-Rabies Vaccine (ARV),1,43,108
2024-12-30,MH-PUNE-PHC-003,RABIES_VACCINE,Anti-Rabies Vaccine (ARV),6,37,97
2024-12-31,MH-PUNE-PHC-003,RABIES_VACCINE,Anti-Rabies Vaccine (ARV),1,36,111
2025-01-01,MH-PUNE-PHC-003,RABIES_VACCINE,Anti-Rabies Vaccine (ARV),5,31,103
2025-01-02,MH-PUNE-PHC-003,RABIES_VACCINE,Anti-Rabies Vaccine (ARV),3,28,120
2025-01-03,MH-PUNE-PHC-003,RABIES_VACCINE,Anti-Rabies Vaccine (ARV),2,157,109
2025-01-04,MH-PUNE-PHC-003,RABIES_VACCINE,Anti-Rabies Vaccine (ARV),1,156,105
2025-01-05,MH-PUNE-PHC-003,RABIES_VACCINE,Anti-Rabies Vaccine (ARV),1,155,117
2025-01-06,MH-PUNE-PHC-003,RABIES_VACCINE,Anti-Rabies Vaccine (ARV),1,154,104
2025-01-07,MH-PUNE-PHC-003,RABIES_VACCINE,Anti-Rabies Vaccine (ARV),1,153,116
2025-01-08,MH-PUNE-PHC-003,RABIES_VACCINE,Anti-Rabies Vaccine (ARV),4,149,113
2025-01-09,MH-PUNE-PHC-003,RABIES_VACCINE,Anti-Rabies Vaccine (ARV),1,148,97
2025-01-10,MH-PUNE-PHC-003,RABIES_VACCINE,Anti-Rabies Vaccine (ARV),1,147,120
2025-01-11,MH-PUNE-PHC-003,RABIES_VACCINE,Anti-Rabies Vaccine (ARV),2,145,99
2025-01-12,MH-PUNE-PHC-003,RABIES_VACCINE,Anti-Rabies Vaccine (ARV),7,138,104
2025-01-13,MH-PUNE-PHC-003,RABIES_VACCINE,Anti-Rabies Vaccine (ARV),6,132,98
2025-01-14,MH-PUNE-PHC-003,RABIES_VACCINE,Anti-Rabies Vaccine (ARV),5,127,107
2025-01-15,MH-PUNE-PHC-003,RABIES_VACCINE,Anti-Rabies Vaccine (ARV),4,123,108
2025-01-16,MH-PUNE-PHC-003,RABIES_VACCINE,Anti-Rabies Vaccine (ARV),6,117,102
2025-01-17,MH-PUNE-PHC-003,RABIES_VACCINE,Anti-Rabies Vaccine (ARV),1,116,110
2025-01-18,MH-PUNE-PHC-003,RABIES_VACCINE,Anti-Rabies Vaccine (ARV),4,112,100
2025-01-19,MH-PUNE-PHC-003,RABIES_VACCINE,Anti-Rabies Vaccine (ARV),3,109,109
2025-01-20,MH-PUNE-PHC-003,RABIES_VACCINE,Anti-Rabies Vaccine (ARV),4,105,116
2025-01-21,MH-PUNE-PHC-003,RABIES_VACCINE,Anti-Rabies Vaccine (ARV),5,100,112
2025-01-22,MH-PUNE-PHC-003,RABIES_VACCINE,Anti-Rabies Vaccine (ARV),1,99,121
2025-01-23,MH-PUNE-PHC-003,RABIES_VACCINE,Anti-Rabies Vaccine (ARV),7,92,113
2025-01-24,MH-PUNE-PHC-003,RABIES_VACCINE,Anti-Rabies Vaccine (ARV),1,91,119
2025-01-25,MH-PUNE-PHC-003,RABIES_VACCINE,Anti-Rabies Vaccine (ARV),2,89,111
2025-01-26,MH-PUNE-PHC-003,RABIES_VACCINE,Anti-Rabies Vaccine (ARV),5,84,121
2025-01-27,MH-PUNE-PHC-003,RABIES_VACCINE,Anti-Rabies Vaccine (ARV),6,78,103
2025-01-28,MH-PUNE-PHC-003,RABIES_VACCINE,Anti-Rabies Vaccine (ARV),3,75,114
2025-01-29,MH-PUNE-PHC-003,RABIES_VACCINE,Anti-Rabies Vaccine (ARV),4,71,98
2025-01-30,MH-PUNE-PHC-003,RABIES_VACCINE,Anti-Rabies Vaccine (ARV),6,65,119
2025-01-31,MH-PUNE-PHC-003,RABIES_VACCINE,Anti-Rabies Vaccine (ARV),5,60,109
2025-02-01,MH-PUNE-PHC-003,RABIES_VACCINE,Anti-Rabies Vaccine (ARV),2,58,119
2025-02-02,MH-PUNE-PHC-003,RABIES_VACCINE,Anti-Rabies Vaccine (ARV),3,55,117
2025-02-03,MH-PUNE-PHC-003,RABIES_VACCINE,Anti-Rabies Vaccine (ARV),7,48,116
2025-02-04,MH-PUNE-PHC-003,RABIES_VACCINE,Anti-Rabies Vaccine (ARV),3,45,97
2025-02-05,MH-PUNE-PHC-003,RABIES_VACCINE,Anti-Rabies Vaccine (ARV),5,40,103
2025-02-06,MH-PUNE-PHC-003,RABIES_VACCINE,Anti-Rabies Vaccine (ARV),1,39,102
2025-02-07,MH-PUNE-PHC-003,RABIES_VACCINE,Anti-Rabies Vaccine (ARV),5,34,105
2025-02-08,MH-PUNE-PHC-003,RABIES_VACCINE,Anti-Rabies Vaccine (ARV),5,29,103
2025-02-09,MH-PUNE-PHC-003,RABIES_VACCINE,Anti-Rabies Vaccine (ARV),4,149,99
2025-02-10,MH-PUNE-PHC-003,RABIES_VACCINE,Anti-Rabies Vaccine (ARV),3,146,97
2025-02-11,MH-PUNE-PHC-003,RABIES_VACCINE,Anti-Rabies Vaccine (ARV),1,145,121
2025-02-12,MH-PUNE-PHC-003,RABIES_VACCINE,Anti-Rabies Vaccine (ARV),1,144,117
2025-02-13,MH-PUNE-PHC-003,RABIES_VACCINE,Anti-Rabies Vaccine (ARV),7,137,99
2025-02-14,MH-PUNE-PHC-003,RABIES_VACCINE,Anti-Rabies Vaccine (ARV),2,135,118
2025-02-15,MH-PUNE-PHC-003,RABIES_VACCINE,Anti-Rabies Vaccine (ARV),2,133,106
2024-11-18,MH-PUNE-PHC-003,OXYGEN_CYLINDER,Medical Oxygen D-Type,1,53,118
2024-11-19,MH-PUNE-PHC-003,OXYGEN_CYLINDER,Medical Oxygen D-Type,1,52,106
2024-11-20,MH-PUNE-PHC-003,OXYGEN_CYLINDER,Medical Oxygen D-Type,4,48,109
2024-11-21,MH-PUNE-PHC-003,OXYGEN_CYLINDER,Medical Oxygen D-Type,3,45,107
2024-11-22,MH-PUNE-PHC-003,OXYGEN_CYLINDER,Medical Oxygen D-Type,3,42,117
2024-11-23,MH-PUNE-PHC-003,OXYGEN_CYLINDER,Medical Oxygen D-Type,1,41,121
2024-11-24,MH-PUNE-PHC-003,OXYGEN_CYLINDER,Medical Oxygen D-Type,2,39,98
2024-11-25,MH-PUNE-PHC-003,OXYGEN_CYLINDER,Medical Oxygen D-Type,1,38,120
2024-11-26,MH-PUNE-PHC-003,OXYGEN_CYLINDER,Medical Oxygen D-Type,1,37,106
2024-11-27,MH-PUNE-PHC-003,OXYGEN_CYLINDER,Medical Oxygen D-Type,1,36,98
2024-11-28,MH-PUNE-PHC-003,OXYGEN_CYLINDER,Medical Oxygen D-Type,1,35,116
2024-11-29,MH-PUNE-PHC-003,OXYGEN_CYLINDER,Medical Oxygen D-Type,1,34,107
2024-11-30,MH-PUNE-PHC-003,OXYGEN_CYLINDER,Medical Oxygen D-Type,1,33,104
2024-12-01,MH-PUNE-PHC-003,OXYGEN_CYLINDER,Medical Oxygen D-Type,4,29,104
2024-12-02,MH-PUNE-PHC-003,OXYGEN_CYLINDER,Medical Oxygen D-Type,1,28,109
2024-12-03,MH-PUNE-PHC-003,OXYGEN_CYLINDER,Medical Oxygen D-Type,1,27,113
2024-12-04,MH-PUNE-PHC-003,OXYGEN_CYLINDER,Medical Oxygen D-Type,2,25,101
2024-12-05,MH-PUNE-PHC-003,OXYGEN_CYLINDER,Medical Oxygen D-Type,1,24,112
2024-12-06,MH-PUNE-PHC-003,OXYGEN_CYLINDER,Medical Oxygen D-Type,1,23,117
2024-12-07,MH-PUNE-PHC-003,OXYGEN_CYLINDER,Medical Oxygen D-Type,1,22,112
2024-12-08,MH-PUNE-PHC-003,OXYGEN_CYLINDER,Medical Oxygen D-Type,3,19,106
2024-12-09,MH-PUNE-PHC-003,OXYGEN_CYLINDER,Medical Oxygen D-Type,2,17,101
2024-12-10,MH-PUNE-PHC-003,OXYGEN_CYLINDER,Medical Oxygen D-Type,1,16,116
2024-12-11,MH-PUNE-PHC-003,OXYGEN_CYLINDER,Medical Oxygen D-Type,1,15,99
2024-12-12,MH-PUNE-PHC-003,OXYGEN_CYLINDER,Medical Oxygen D-Type,1,14,120
2024-12-13,MH-PUNE-PHC-003,OXYGEN_CYLINDER,Medical Oxygen D-Type,4,10,111
2024-12-14,MH-PUNE-PHC-003,OXYGEN_CYLINDER,Medical Oxygen D-Type,4,10,99
2024-12-15,MH-PUNE-PHC-003,OXYGEN_CYLINDER,Medical Oxygen D-Type,1,10,100
2024-12-16,MH-PUNE-PHC-003,OXYGEN_CYLINDER,Medical Oxygen D-Type,1,10,100
2024-12-17,MH-PUNE-PHC-003,OXYGEN_CYLINDER,Medical Oxygen D-Type,1,10,102
2024-12-18,MH-PUNE-PHC-003,OXYGEN_CYLINDER,Medical Oxygen D-Type,1,10,105
2024-12-19,MH-PUNE-PHC-003,OXYGEN_CYLINDER,Medical Oxygen D-Type,1,10,101
2024-12-20,MH-PUNE-PHC-003,OXYGEN_CYLINDER,Medical Oxygen D-Type,1,10,112
2024-12-21,MH-PUNE-PHC-003,OXYGEN_CYLINDER,Medical Oxygen D-Type,1,10,110
2024-12-22,MH-PUNE-PHC-003,OXYGEN_CYLINDER,Medical Oxygen D-Type,1,10,112
2024-12-23,MH-PUNE-PHC-003,OXYGEN_CYLINDER,Medical Oxygen D-Type,1,10,98
2024-12-24,MH-PUNE-PHC-003,OXYGEN_CYLINDER,Medical Oxygen D-Type,5,10,111
2024-12-25,MH-PUNE-PHC-003,OXYGEN_CYLINDER,Medical Oxygen D-Type,2,10,120
2024-12-26,MH-PUNE-PHC-003,OXYGEN_CYLINDER,Medical Oxygen D-Type,2,10,121
2024-12-27,MH-PUNE-PHC-003,OXYGEN_CYLINDER,Medical Oxygen D-Type,1,10,98
2024-12-28,MH-PUNE-PHC-003,OXYGEN_CYLINDER,Medical Oxygen D-Type,1,10,120
2024-12-29,MH-PUNE-PHC-003,OXYGEN_CYLINDER,Medical Oxygen D-Type,1,10,115
2024-12-30,MH-PUNE-PHC-003,OXYGEN_CYLINDER,Medical Oxygen D-Type,4,10,104
2024-12-31,MH-PUNE-PHC-003,OXYGEN_CYLINDER,Medical Oxygen D-Type,4,10,119
2025-01-01,MH-PUNE-PHC-003,OXYGEN_CYLINDER,Medical Oxygen D-Type,1,10,105
2025-01-02,MH-PUNE-PHC-003,OXYGEN_CYLINDER,Medical Oxygen D-Type,5,10,104
2025-01-03,MH-PUNE-PHC-003,OXYGEN_CYLINDER,Medical Oxygen D-Type,1,10,100
2025-01-04,MH-PUNE-PHC-003,OXYGEN_CYLINDER,Medical Oxygen D-Type,1,10,98
2025-01-05,MH-PUNE-PHC-003,OXYGEN_CYLINDER,Medical Oxygen D-Type,1,10,98
2025-01-06,MH-PUNE-PHC-003,OXYGEN_CYLINDER,Medical Oxygen D-Type,1,10,100
2025-01-07,MH-PUNE-PHC-003,OXYGEN_CYLINDER,Medical Oxygen D-Type,1,10,103
2025-01-08,MH-PUNE-PHC-003,OXYGEN_CYLINDER,Medical Oxygen D-Type,4,10,97
2025-01-09,MH-PUNE-PHC-003,OXYGEN_CYLINDER,Medical Oxygen D-Type,5,10,111
2025-01-10,MH-PUNE-PHC-003,OXYGEN_CYLINDER,Medical Oxygen D-Type,1,10,112
2025-01-11,MH-PUNE-PHC-003,OXYGEN_CYLINDER,Medical Oxygen D-Type,1,10,110
2025-01-12,MH-PUNE-PHC-003,OXYGEN_CYLINDER,Medical Oxygen D-Type,1,10,99
2025-01-13,MH-PUNE-PHC-003,OXYGEN_CYLINDER,Medical Oxygen D-Type,3,10,111
2025-01-14,MH-PUNE-PHC-003,OXYGEN_CYLINDER,Medical Oxygen D-Type,4,10,102
2025-01-15,MH-PUNE-PHC-003,OXYGEN_CYLINDER,Medical Oxygen D-Type,1,10,99
2025-01-16,MH-PUNE-PHC-003,OXYGEN_CYLINDER,Medical Oxygen D-Type,4,10,98
2025-01-17,MH-PUNE-PHC-003,OXYGEN_CYLINDER,Medical Oxygen D-Type,2,10,121
2025-01-18,MH-PUNE-PHC-003,OXYGEN_CYLINDER,Medical Oxygen D-Type,1,10,119
2025-01-19,MH-PUNE-PHC-003,OXYGEN_CYLINDER,Medical Oxygen D-Type,1,10,100
2025-01-20,MH-PUNE-PHC-003,OXYGEN_CYLINDER,Medical Oxygen D-Type,4,10,111
2025-01-21,MH-PUNE-PHC-003,OXYGEN_CYLINDER,Medical Oxygen D-Type,3,10,106
2025-01-22,MH-PUNE-PHC-003,OXYGEN_CYLINDER,Medical Oxygen D-Type,5,10,112
2025-01-23,MH-PUNE-PHC-003,OXYGEN_CYLINDER,Medical Oxygen D-Type,4,10,109
2025-01-24,MH-PUNE-PHC-003,OXYGEN_CYLINDER,Medical Oxygen D-Type,3,10,116
2025-01-25,MH-PUNE-PHC-003,OXYGEN_CYLINDER,Medical Oxygen D-Type,1,10,105
2025-01-26,MH-PUNE-PHC-003,OXYGEN_CYLINDER,Medical Oxygen D-Type,1,10,117
2025-01-27,MH-PUNE-PHC-003,OXYGEN_CYLINDER,Medical Oxygen D-Type,1,10,115
2025-01-28,MH-PUNE-PHC-003,OXYGEN_CYLINDER,Medical Oxygen D-Type,1,10,109
2025-01-29,MH-PUNE-PHC-003,OXYGEN_CYLINDER,Medical Oxygen D-Type,3,10,104
2025-01-30,MH-PUNE-PHC-003,OXYGEN_CYLINDER,Medical Oxygen D-Type,5,10,104
2025-01-31,MH-PUNE-PHC-003,OXYGEN_CYLINDER,Medical Oxygen D-Type,3,10,114
2025-02-01,MH-PUNE-PHC-003,OXYGEN_CYLINDER,Medical Oxygen D-Type,1,10,113
2025-02-02,MH-PUNE-PHC-003,OXYGEN_CYLINDER,Medical Oxygen D-Type,1,10,116
2025-02-03,MH-PUNE-PHC-003,OXYGEN_CYLINDER,Medical Oxygen D-Type,2,10,114
2025-02-04,MH-PUNE-PHC-003,OXYGEN_CYLINDER,Medical Oxygen D-Type,2,10,116
2025-02-05,MH-PUNE-PHC-003,OXYGEN_CYLINDER,Medical Oxygen D-Type,2,10,116
2025-02-06,MH-PUNE-PHC-003,OXYGEN_CYLINDER,Medical Oxygen D-Type,3,10,103
2025-02-07,MH-PUNE-PHC-003,OXYGEN_CYLINDER,Medical Oxygen D-Type,2,10,115
2025-02-08,MH-PUNE-PHC-003,OXYGEN_CYLINDER,Medical Oxygen D-Type,5,10,113
2025-02-09,MH-PUNE-PHC-003,OXYGEN_CYLINDER,Medical Oxygen D-Type,4,10,99
2025-02-10,MH-PUNE-PHC-003,OXYGEN_CYLINDER,Medical Oxygen D-Type,1,10,110
2025-02-11,MH-PUNE-PHC-003,OXYGEN_CYLINDER,Medical Oxygen D-Type,5,10,113
2025-02-12,MH-PUNE-PHC-003,OXYGEN_CYLINDER,Medical Oxygen D-Type,4,10,114
2025-02-13,MH-PUNE-PHC-003,OXYGEN_CYLINDER,Medical Oxygen D-Type,3,10,100
2025-02-14,MH-PUNE-PHC-003,OXYGEN_CYLINDER,Medical Oxygen D-Type,2,10,103
2025-02-15,MH-PUNE-PHC-003,OXYGEN_CYLINDER,Medical Oxygen D-Type,2,10,115
2024-11-18,MH-PUNE-PHC-004,ORS,ORS Packets (Oral Rehydration),20,394,59
2024-11-19,MH-PUNE-PHC-004,ORS,ORS Packets (Oral Rehydration),20,374,78
2024-11-20,MH-PUNE-PHC-004,ORS,ORS Packets (Oral Rehydration),14,360,56
2024-11-21,MH-PUNE-PHC-004,ORS,ORS Packets (Oral Rehydration),18,342,73
2024-11-22,MH-PUNE-PHC-004,ORS,ORS Packets (Oral Rehydration),21,321,73
2024-11-23,MH-PUNE-PHC-004,ORS,ORS Packets (Oral Rehydration),14,307,56
2024-11-24,MH-PUNE-PHC-004,ORS,ORS Packets (Oral Rehydration),21,286,72
2024-11-25,MH-PUNE-PHC-004,ORS,ORS Packets (Oral Rehydration),14,272,69
2024-11-26,MH-PUNE-PHC-004,ORS,ORS Packets (Oral Rehydration),16,256,65
2024-11-27,MH-PUNE-PHC-004,ORS,ORS Packets (Oral Rehydration),19,237,58
2024-11-28,MH-PUNE-PHC-004,ORS,ORS Packets (Oral Rehydration),15,222,78
2024-11-29,MH-PUNE-PHC-004,ORS,ORS Packets (Oral Rehydration),15,207,60
2024-11-30,MH-PUNE-PHC-004,ORS,ORS Packets (Oral Rehydration),20,187,60
2024-12-01,MH-PUNE-PHC-004,ORS,ORS Packets (Oral Rehydration),19,168,77
2024-12-02,MH-PUNE-PHC-004,ORS,ORS Packets (Oral Rehydration),20,148,57
2024-12-03,MH-PUNE-PHC-004,ORS,ORS Packets (Oral Rehydration),19,129,58
2024-12-04,MH-PUNE-PHC-004,ORS,ORS Packets (Oral Rehydration),17,112,79
2024-12-05,MH-PUNE-PHC-004,ORS,ORS Packets (Oral Rehydration),17,350,74
2024-12-06,MH-PUNE-PHC-004,ORS,ORS Packets (Oral Rehydration),20,330,72
2024-12-07,MH-PUNE-PHC-004,ORS,ORS Packets (Oral Rehydration),18,312,61
2024-12-08,MH-PUNE-PHC-004,ORS,ORS Packets (Oral Rehydration),14,298,67
2024-12-09,MH-PUNE-PHC-004,ORS,ORS Packets (Oral Rehydration),20,278,65
2024-12-10,MH-PUNE-PHC-004,ORS,ORS Packets (Oral Rehydration),18,260,56
2024-12-11,MH-PUNE-PHC-004,ORS,ORS Packets (Oral Rehydration),18,242,77
2024-12-12,MH-PUNE-PHC-004,ORS,ORS Packets (Oral Rehydration),20,222,57
2024-12-13,MH-PUNE-PHC-004,ORS,ORS Packets (Oral Rehydration),17,205,70
2024-12-14,MH-PUNE-PHC-004,ORS,ORS Packets (Oral Rehydration),20,185,68
2024-12-15,MH-PUNE-PHC-004,ORS,ORS Packets (Oral Rehydration),21,164,76
2024-12-16,MH-PUNE-PHC-004,ORS,ORS Packets (Oral Rehydration),21,143,69
2024-12-17,MH-PUNE-PHC-004,ORS,ORS Packets (Oral Rehydration),19,124,74
2024-12-18,MH-PUNE-PHC-004,ORS,ORS Packets (Oral Rehydration),21,103,58
2024-12-19,MH-PUNE-PHC-004,ORS,ORS Packets (Oral Rehydration),15,307,71
2024-12-20,MH-PUNE-PHC-004,ORS,ORS Packets (Oral Rehydration),20,287,80
2024-12-21,MH-PUNE-PHC-004,ORS,ORS Packets (Oral Rehydration),16,271,79
2024-12-22,MH-PUNE-PHC-004,ORS,ORS Packets (Oral Rehydration),20,251,57
2024-12-23,MH-PUNE-PHC-004,ORS,ORS Packets (Oral Rehydration),20,231,74
2024-12-24,MH-PUNE-PHC-004,ORS,ORS Packets (Oral Rehydration),21,210,65
2024-12-25,MH-PUNE-PHC-004,ORS,ORS Packets (Oral Rehydration),17,193,63
2024-12-26,MH-PUNE-PHC-004,ORS,ORS Packets (Oral Rehydration),21,172,71
2024-12-27,MH-PUNE-PHC-004,ORS,ORS Packets (Oral Rehydration),21,151,72
2024-12-28,MH-PUNE-PHC-004,ORS,ORS Packets (Oral Rehydration),21,130,75
2024-12-29,MH-PUNE-PHC-004,ORS,ORS Packets (Oral Rehydration),19,111,58
2024-12-30,MH-PUNE-PHC-004,ORS,ORS Packets (Oral Rehydration),16,328,62
2024-12-31,MH-PUNE-PHC-004,ORS,ORS Packets (Oral Rehydration),17,311,61
2025-01-01,MH-PUNE-PHC-004,ORS,ORS Packets (Oral Rehydration),19,292,61
2025-01-02,MH-PUNE-PHC-004,ORS,ORS Packets (Oral Rehydration),14,278,71
2025-01-03,MH-PUNE-PHC-004,ORS,ORS Packets (Oral Rehydration),18,260,66
2025-01-04,MH-PUNE-PHC-004,ORS,ORS Packets (Oral Rehydration),17,243,72
2025-01-05,MH-PUNE-PHC-004,ORS,ORS Packets (Oral Rehydration),20,223,65
2025-01-06,MH-PUNE-PHC-004,ORS,ORS Packets (Oral Rehydration),20,203,72
2025-01-07,MH-PUNE-PHC-004,ORS,ORS Packets (Oral Rehydration),16,187,58
2025-01-08,MH-PUNE-PHC-004,ORS,ORS Packets (Oral Rehydration),18,169,73
2025-01-09,MH-PUNE-PHC-004,ORS,ORS Packets (Oral Rehydration),14,155,59
2025-01-10,MH-PUNE-PHC-004,ORS,ORS Packets (Oral Rehydration),20,135,74
2025-01-11,MH-PUNE-PHC-004,ORS,ORS Packets (Oral Rehydration),16,119,60
2025-01-12,MH-PUNE-PHC-004,ORS,ORS Packets (Oral Rehydration),20,394,69
2025-01-13,MH-PUNE-PHC-004,ORS,ORS Packets (Oral Rehydration),17,377,72
2025-01-14,MH-PUNE-PHC-004,ORS,ORS Packets (Oral Rehydration),17,360,64
2025-01-15,MH-PUNE-PHC-004,ORS,ORS Packets (Oral Rehydration),17,343,64
2025-01-16,MH-PUNE-PHC-004,ORS,ORS Packets (Oral Rehydration),21,322,60
2025-01-17,MH-PUNE-PHC-004,ORS,ORS Packets (Oral Rehydration),46,276,108
2025-01-18,MH-PUNE-PHC-004,ORS,ORS Packets (Oral Rehydration),36,240,96
2025-01-19,MH-PUNE-PHC-004,ORS,ORS Packets (Oral Rehydration),33,207,90
2025-01-20,MH-PUNE-PHC-004,ORS,ORS Packets (Oral Rehydration),48,159,97
2025-01-21,MH-PUNE-PHC-004,ORS,ORS Packets (Oral Rehydration),40,119,95
2025-01-22,MH-PUNE-PHC-004,ORS,ORS Packets (Oral Rehydration),36,309,102
2025-01-23,MH-PUNE-PHC-004,ORS,ORS Packets (Oral Rehydration),34,275,101
2025-01-24,MH-PUNE-PHC-004,ORS,ORS Packets (Oral Rehydration),30,245,82
2025-01-25,MH-PUNE-PHC-004,ORS,ORS Packets (Oral Rehydration),42,203,108
2025-01-26,MH-PUNE-PHC-004,ORS,ORS Packets (Oral Rehydration),36,167,116
2025-01-27,MH-PUNE-PHC-004,ORS,ORS Packets (Oral Rehydration),28,139,100
2025-01-28,MH-PUNE-PHC-004,ORS,ORS Packets (Oral Rehydration),44,95,88
2025-01-29,MH-PUNE-PHC-004,ORS,ORS Packets (Oral Rehydration),47,249,103
2025-01-30,MH-PUNE-PHC-004,ORS,ORS Packets (Oral Rehydration),30,219,81
2025-01-31,MH-PUNE-PHC-004,ORS,ORS Packets (Oral Rehydration),36,183,123
2025-02-01,MH-PUNE-PHC-004,ORS,ORS Packets (Oral Rehydration),43,140,102
2025-02-02,MH-PUNE-PHC-004,ORS,ORS Packets (Oral Rehydration),32,108,119
2025-02-03,MH-PUNE-PHC-004,ORS,ORS Packets (Oral Rehydration),34,322,91
2025-02-04,MH-PUNE-PHC-004,ORS,ORS Packets (Oral Rehydration),44,278,107
2025-02-05,MH-PUNE-PHC-004,ORS,ORS Packets (Oral Rehydration),36,242,94
2025-02-06,MH-PUNE-PHC-004,ORS,ORS Packets (Oral Rehydration),42,200,109
2025-02-07,MH-PUNE-PHC-004,ORS,ORS Packets (Oral Rehydration),41,159,94
2025-02-08,MH-PUNE-PHC-004,ORS,ORS Packets (Oral Rehydration),36,123,98
2025-02-09,MH-PUNE-PHC-004,ORS,ORS Packets (Oral Rehydration),32,91,100
2025-02-10,MH-PUNE-PHC-004,ORS,ORS Packets (Oral Rehydration),47,44,112
2025-02-11,MH-PUNE-PHC-004,ORS,ORS Packets (Oral Rehydration),27,17,97
2025-02-12,MH-PUNE-PHC-004,ORS,ORS Packets (Oral Rehydration),35,10,106
2025-02-13,MH-PUNE-PHC-004,ORS,ORS Packets (Oral Rehydration),37,10,108
2025-02-14,MH-PUNE-PHC-004,ORS,ORS Packets (Oral Rehydration),46,10,102
2025-02-15,MH-PUNE-PHC-004,ORS,ORS Packets (Oral Rehydration),32,10,110
2024-11-18,MH-PUNE-PHC-004,PARACETAMOL_500,Paracetamol 500mg Tablets,40,721,68
2024-11-19,MH-PUNE-PHC-004,PARACETAMOL_500,Paracetamol 500mg Tablets,42,679,73
2024-11-20,MH-PUNE-PHC-004,PARACETAMOL_500,Paracetamol 500mg Tablets,43,636,58
2024-11-21,MH-PUNE-PHC-004,PARACETAMOL_500,Paracetamol 500mg Tablets,36,600,73
2024-11-22,MH-PUNE-PHC-004,PARACETAMOL_500,Paracetamol 500mg Tablets,36,564,64
2024-11-23,MH-PUNE-PHC-004,PARACETAMOL_500,Paracetamol 500mg Tablets,36,528,77
2024-11-24,MH-PUNE-PHC-004,PARACETAMOL_500,Paracetamol 500mg Tablets,36,492,62
2024-11-25,MH-PUNE-PHC-004,PARACETAMOL_500,Paracetamol 500mg Tablets,43,449,67
2024-11-26,MH-PUNE-PHC-004,PARACETAMOL_500,Paracetamol 500mg Tablets,40,409,69
2024-11-27,MH-PUNE-PHC-004,PARACETAMOL_500,Paracetamol 500mg Tablets,36,373,73
2024-11-28,MH-PUNE-PHC-004,PARACETAMOL_500,Paracetamol 500mg Tablets,41,332,66
2024-11-29,MH-PUNE-PHC-004,PARACETAMOL_500,Paracetamol 500mg Tablets,36,296,70
2024-11-30,MH-PUNE-PHC-004,PARACETAMOL_500,Paracetamol 500mg Tablets,40,256,80
2024-12-01,MH-PUNE-PHC-004,PARACETAMOL_500,Paracetamol 500mg Tablets,38,218,63
2024-12-02,MH-PUNE-PHC-004,PARACETAMOL_500,Paracetamol 500mg Tablets,42,638,66
2024-12-03,MH-PUNE-PHC-004,PARACETAMOL_500,Paracetamol 500mg Tablets,36,602,64
2024-12-04,MH-PUNE-PHC-004,PARACETAMOL_500,Paracetamol 500mg Tablets,38,564,61
2024-12-05,MH-PUNE-PHC-004,PARACETAMOL_500,Paracetamol 500mg Tablets,38,526,62
2024-12-06,MH-PUNE-PHC-004,PARACETAMOL_500,Paracetamol 500mg Tablets,40,486,63
2024-12-07,MH-PUNE-PHC-004,PARACETAMOL_500,Paracetamol 500mg Tablets,43,443,71
2024-12-08,MH-PUNE-PHC-004,PARACETAMOL_500,Paracetamol 500mg Tablets,38,405,65
2024-12-09,MH-PUNE-PHC-004,PARACETAMOL_500,Paracetamol 500mg Tablets,40,365,79
2024-12-10,MH-PUNE-PHC-004,PARACETAMOL_500,Paracetamol 500mg Tablets,36,329,58
2024-12-11,MH-PUNE-PHC-004,PARACETAMOL_500,Paracetamol 500mg Tablets,37,292,71
2024-12-12,MH-PUNE-PHC-004,PARACETAMOL_500,Paracetamol 500mg Tablets,40,252,76
2024-12-13,MH-PUNE-PHC-004,PARACETAMOL_500,Paracetamol 500mg Tablets,36,216,75
2024-12-14,MH-PUNE-PHC-004,PARACETAMOL_500,Paracetamol 500mg Tablets,41,611,56
2024-12-15,MH-PUNE-PHC-004,PARACETAMOL_500,Paracetamol 500mg Tablets,39,572,63
2024-12-16,MH-PUNE-PHC-004,PARACETAMOL_500,Paracetamol 500mg Tablets,39,533,72
2024-12-17,MH-PUNE-PHC-004,PARACETAMOL_500,Paracetamol 500mg Tablets,65,468,81
2024-12-18,MH-PUNE-PHC-004,PARACETAMOL_500,Paracetamol 500mg Tablets,63,405,88
2024-12-19,MH-PUNE-PHC-004,PARACETAMOL_500,Paracetamol 500mg Tablets,62,343,94
2024-12-20,MH-PUNE-PHC-004,PARACETAMOL_500,Paracetamol 500mg Tablets,60,283,86
2024-12-21,MH-PUNE-PHC-004,PARACETAMOL_500,Paracetamol 500mg Tablets,57,226,79
2024-12-22,MH-PUNE-PHC-004,PARACETAMOL_500,Paracetamol 500mg Tablets,49,605,95
2024-12-23,MH-PUNE-PHC-004,PARACETAMOL_500,Paracetamol 500mg Tablets,45,560,71
2024-12-24,MH-PUNE-PHC-004,PARACETAMOL_500,Paracetamol 500mg Tablets,58,502,83
2024-12-25,MH-PUNE-PHC-004,PARACETAMOL_500,Paracetamol 500mg Tablets,61,441,92
2024-12-26,MH-PUNE-PHC-004,PARACETAMOL_500,Paracetamol 500mg Tablets,62,379,74
2024-12-27,MH-PUNE-PHC-004,PARACETAMOL_500,Paracetamol 500mg Tablets,56,323,73
2024-12-28,MH-PUNE-PHC-004,PARACETAMOL_500,Paracetamol 500mg Tablets,56,267,94
2024-12-29,MH-PUNE-PHC-004,PARACETAMOL_500,Paracetamol 500mg Tablets,47,220,91
2024-12-30,MH-PUNE-PHC-004,PARACETAMOL_500,Paracetamol 500mg Tablets,48,581,89
2024-12-31,MH-PUNE-PHC-004,PARACETAMOL_500,Paracetamol 500mg Tablets,51,530,94
2025-01-01,MH-PUNE-PHC-004,PARACETAMOL_500,Paracetamol 500mg Tablets,52,478,72
2025-01-02,MH-PUNE-PHC-004,PARACETAMOL_500,Paracetamol 500mg Tablets,62,416,81
2025-01-03,MH-PUNE-PHC-004,PARACETAMOL_500,Paracetamol 500mg Tablets,50,366,91
2025-01-04,MH-PUNE-PHC-004,PARACETAMOL_500,Paracetamol 500mg Tablets,56,310,95
2025-01-05,MH-PUNE-PHC-004,PARACETAMOL_500,Paracetamol 500mg Tablets,53,257,81
2025-01-06,MH-PUNE-PHC-004,PARACETAMOL_500,Paracetamol 500mg Tablets,52,205,89
2025-01-07,MH-PUNE-PHC-004,PARACETAMOL_500,Paracetamol 500mg Tablets,56,585,82
2025-01-08,MH-PUNE-PHC-004,PARACETAMOL_500,Paracetamol 500mg Tablets,55,530,81
2025-01-09,MH-PUNE-PHC-004,PARACETAMOL_500,Paracetamol 500mg Tablets,59,471,87
2025-01-10,MH-PUNE-PHC-004,PARACETAMOL_500,Paracetamol 500mg Tablets,49,422,87
2025-01-11,MH-PUNE-PHC-004,PARACETAMOL_500,Paracetamol 500mg Tablets,58,364,76
2025-01-12,MH-PUNE-PHC-004,PARACETAMOL_500,Paracetamol 500mg Tablets,38,326,73
2025-01-13,MH-PUNE-PHC-004,PARACETAMOL_500,Paracetamol 500mg Tablets,37,289,77
2025-01-14,MH-PUNE-PHC-004,PARACETAMOL_500,Paracetamol 500mg Tablets,40,249,66
2025-01-15,MH-PUNE-PHC-004,PARACETAMOL_500,Paracetamol 500mg Tablets,38,211,61
2025-01-16,MH-PUNE-PHC-004,PARACETAMOL_500,Paracetamol 500mg Tablets,43,580,69
2025-01-17,MH-PUNE-PHC-004,PARACETAMOL_500,Paracetamol 500mg Tablets,39,541,68
2025-01-18,MH-PUNE-PHC-004,PARACETAMOL_500,Paracetamol 500mg Tablets,38,503,61
2025-01-19,MH-PUNE-PHC-004,PARACETAMOL_500,Paracetamol 500mg Tablets,40,463,76
2025-01-20,MH-PUNE-PHC-004,PARACETAMOL_500,Paracetamol 500mg Tablets,38,425,67
2025-01-21,MH-PUNE-PHC-004,PARACETAMOL_500,Paracetamol 500mg Tablets,37,388,64
2025-01-22,MH-PUNE-PHC-004,PARACETAMOL_500,Paracetamol 500mg Tablets,39,349,71
2025-01-23,MH-PUNE-PHC-004,PARACETAMOL_500,Paracetamol 500mg Tablets,39,310,59
2025-01-24,MH-PUNE-PHC-004,PARACETAMOL_500,Paracetamol 500mg Tablets,42,268,59
2025-01-25,MH-PUNE-PHC-004,PARACETAMOL_500,Paracetamol 500mg Tablets,39,229,77
2025-01-26,MH-PUNE-PHC-004,PARACETAMOL_500,Paracetamol 500mg Tablets,40,645,71
2025-01-27,MH-PUNE-PHC-004,PARACETAMOL_500,Paracetamol 500mg Tablets,40,605,56
2025-01-28,MH-PUNE-PHC-004,PARACETAMOL_500,Paracetamol 500mg Tablets,39,566,68
2025-01-29,MH-PUNE-PHC-004,PARACETAMOL_500,Paracetamol 500mg Tablets,36,530,78
2025-01-30,MH-PUNE-PHC-004,PARACETAMOL_500,Paracetamol 500mg Tablets,41,489,56
2025-01-31,MH-PUNE-PHC-004,PARACETAMOL_500,Paracetamol 500mg Tablets,38,451,56
2025-02-01,MH-PUNE-PHC-004,PARACETAMOL_500,Paracetamol 500mg Tablets,37,414,69
2025-02-02,MH-PUNE-PHC-004,PARACETAMOL_500,Paracetamol 500mg Tablets,39,375,62
2025-02-03,MH-PUNE-PHC-004,PARACETAMOL_500,Paracetamol 500mg Tablets,41,334,57
2025-02-04,MH-PUNE-PHC-004,PARACETAMOL_500,Paracetamol 500mg Tablets,36,298,63
2025-02-05,MH-PUNE-PHC-004,PARACETAMOL_500,Paracetamol 500mg Tablets,42,256,67
2025-02-06,MH-PUNE-PHC-004,PARACETAMOL_500,Paracetamol 500mg Tablets,42,214,59
2025-02-07,MH-PUNE-PHC-004,PARACETAMOL_500,Paracetamol 500mg Tablets,42,667,68
2025-02-08,MH-PUNE-PHC-004,PARACETAMOL_500,Paracetamol 500mg Tablets,41,626,61
2025-02-09,MH-PUNE-PHC-004,PARACETAMOL_500,Paracetamol 500mg Tablets,40,586,69
2025-02-10,MH-PUNE-PHC-004,PARACETAMOL_500,Paracetamol 500mg Tablets,41,545,79
2025-02-11,MH-PUNE-PHC-004,PARACETAMOL_500,Paracetamol 500mg Tablets,40,505,57
2025-02-12,MH-PUNE-PHC-004,PARACETAMOL_500,Paracetamol 500mg Tablets,39,466,77
2025-02-13,MH-PUNE-PHC-004,PARACETAMOL_500,Paracetamol 500mg Tablets,38,428,64
2025-02-14,MH-PUNE-PHC-004,PARACETAMOL_500,Paracetamol 500mg Tablets,38,390,78
2025-02-15,MH-PUNE-PHC-004,PARACETAMOL_500,Paracetamol 500mg Tablets,37,353,65
2024-11-18,MH-PUNE-PHC-004,AMOXICILLIN_500,Amoxicillin 500mg Capsules,27,595,64
2024-11-19,MH-PUNE-PHC-004,AMOXICILLIN_500,Amoxicillin 500mg Capsules,26,569,77
2024-11-20,MH-PUNE-PHC-004,AMOXICILLIN_500,Amoxicillin 500mg Capsules,24,545,76
2024-11-21,MH-PUNE-PHC-004,AMOXICILLIN_500,Amoxicillin 500mg Capsules,25,520,71
2024-11-22,MH-PUNE-PHC-004,AMOXICILLIN_500,Amoxicillin 500mg Capsules,28,492,78
2024-11-23,MH-PUNE-PHC-004,AMOXICILLIN_500,Amoxicillin 500mg Capsules,28,464,64
2024-11-24,MH-PUNE-PHC-004,AMOXICILLIN_500,Amoxicillin 500mg Capsules,28,436,61
2024-11-25,MH-PUNE-PHC-004,AMOXICILLIN_500,Amoxicillin 500mg Capsules,22,414,65
2024-11-26,MH-PUNE-PHC-004,AMOXICILLIN_500,Amoxicillin 500mg Capsules,25,389,62
2024-11-27,MH-PUNE-PHC-004,AMOXICILLIN_500,Amoxicillin 500mg Capsules,28,361,72
2024-11-28,MH-PUNE-PHC-004,AMOXICILLIN_500,Amoxicillin 500mg Capsules,23,338,68
2024-11-29,MH-PUNE-PHC-004,AMOXICILLIN_500,Amoxicillin 500mg Capsules,27,311,68
2024-11-30,MH-PUNE-PHC-004,AMOXICILLIN_500,Amoxicillin 500mg Capsules,21,290,75
2024-12-01,MH-PUNE-PHC-004,AMOXICILLIN_500,Amoxicillin 500mg Capsules,27,263,57
2024-12-02,MH-PUNE-PHC-004,AMOXICILLIN_500,Amoxicillin 500mg Capsules,21,242,75
2024-12-03,MH-PUNE-PHC-004,AMOXICILLIN_500,Amoxicillin 500mg Capsules,27,215,67
2024-12-04,MH-PUNE-PHC-004,AMOXICILLIN_500,Amoxicillin 500mg Capsules,24,191,75
2024-12-05,MH-PUNE-PHC-004,AMOXICILLIN_500,Amoxicillin 500mg Capsules,25,166,56
2024-12-06,MH-PUNE-PHC-004,AMOXICILLIN_500,Amoxicillin 500mg Capsules,26,536,56
2024-12-07,MH-PUNE-PHC-004,AMOXICILLIN_500,Amoxicillin 500mg Capsules,28,508,75
2024-12-08,MH-PUNE-PHC-004,AMOXICILLIN_500,Amoxicillin 500mg Capsules,27,481,69
2024-12-09,MH-PUNE-PHC-004,AMOXICILLIN_500,Amoxicillin 500mg Capsules,28,453,75
2024-12-10,MH-PUNE-PHC-004,AMOXICILLIN_500,Amoxicillin 500mg Capsules,25,428,66
2024-12-11,MH-PUNE-PHC-004,AMOXICILLIN_500,Amoxicillin 500mg Capsules,24,404,67
2024-12-12,MH-PUNE-PHC-004,AMOXICILLIN_500,Amoxicillin 500mg Capsules,23,381,59
2024-12-13,MH-PUNE-PHC-004,AMOXICILLIN_500,Amoxicillin 500mg Capsules,25,356,79
2024-12-14,MH-PUNE-PHC-004,AMOXICILLIN_500,Amoxicillin 500mg Capsules,23,333,76
2024-12-15,MH-PUNE-PHC-004,AMOXICILLIN_500,Amoxicillin 500mg Capsules,23,310,71
2024-12-16,MH-PUNE-PHC-004,AMOXICILLIN_500,Amoxicillin 500mg Capsules,28,282,67
2024-12-17,MH-PUNE-PHC-004,AMOXICILLIN_500,Amoxicillin 500mg Capsules,25,257,59
2024-12-18,MH-PUNE-PHC-004,AMOXICILLIN_500,Amoxicillin 500mg Capsules,28,229,65
2024-12-19,MH-PUNE-PHC-004,AMOXICILLIN_500,Amoxicillin 500mg Capsules,27,202,73
2024-12-20,MH-PUNE-PHC-004,AMOXICILLIN_500,Amoxicillin 500mg Capsules,27,175,64
2024-12-21,MH-PUNE-PHC-004,AMOXICILLIN_500,Amoxicillin 500mg Capsules,28,465,56
2024-12-22,MH-PUNE-PHC-004,AMOXICILLIN_500,Amoxicillin 500mg Capsules,21,444,71
2024-12-23,MH-PUNE-PHC-004,AMOXICILLIN_500,Amoxicillin 500mg Capsules,27,417,62
2024-12-24,MH-PUNE-PHC-004,AMOXICILLIN_500,Amoxicillin 500mg Capsules,25,392,79
2024-12-25,MH-PUNE-PHC-004,AMOXICILLIN_500,Amoxicillin 500mg Capsules,21,371,71
2024-12-26,MH-PUNE-PHC-004,AMOXICILLIN_500,Amoxicillin 500mg Capsules,22,349,74
2024-12-27,MH-PUNE-PHC-004,AMOXICILLIN_500,Amoxicillin 500mg Capsules,26,323,70
2024-12-28,MH-PUNE-PHC-004,AMOXICILLIN_500,Amoxicillin 500mg Capsules,25,298,65
2024-12-29,MH-PUNE-PHC-004,AMOXICILLIN_500,Amoxicillin 500mg Capsules,28,270,70
2024-12-30,MH-PUNE-PHC-004,AMOXICILLIN_500,Amoxicillin 500mg Capsules,21,249,68
2024-12-31,MH-PUNE-PHC-004,AMOXICILLIN_500,Amoxicillin 500mg Capsules,24,225,60
2025-01-01,MH-PUNE-PHC-004,AMOXICILLIN_500,Amoxicillin 500mg Capsules,24,201,77
2025-01-02,MH-PUNE-PHC-004,AMOXICILLIN_500,Amoxicillin 500mg Capsules,21,180,76
2025-01-03,MH-PUNE-PHC-004,AMOXICILLIN_500,Amoxicillin 500mg Capsules,26,154,67
2025-01-04,MH-PUNE-PHC-004,AMOXICILLIN_500,Amoxicillin 500mg Capsules,24,525,57
2025-01-05,MH-PUNE-PHC-004,AMOXICILLIN_500,Amoxicillin 500mg Capsules,27,498,78
2025-01-06,MH-PUNE-PHC-004,AMOXICILLIN_500,Amoxicillin 500mg Capsules,25,473,73
2025-01-07,MH-PUNE-PHC-004,AMOXICILLIN_500,Amoxicillin 500mg Capsules,28,445,57
2025-01-08,MH-PUNE-PHC-004,AMOXICILLIN_500,Amoxicillin 500mg Capsules,25,420,67
2025-01-09,MH-PUNE-PHC-004,AMOXICILLIN_500,Amoxicillin 500mg Capsules,23,397,68
2025-01-10,MH-PUNE-PHC-004,AMOXICILLIN_500,Amoxicillin 500mg Capsules,22,375,67
2025-01-11,MH-PUNE-PHC-004,AMOXICILLIN_500,Amoxicillin 500mg Capsules,25,350,74
2025-01-12,MH-PUNE-PHC-004,AMOXICILLIN_500,Amoxicillin 500mg Capsules,22,328,71
2025-01-13,MH-PUNE-PHC-004,AMOXICILLIN_500,Amoxicillin 500mg Capsules,21,307,79
2025-01-14,MH-PUNE-PHC-004,AMOXICILLIN_500,Amoxicillin 500mg Capsules,23,284,57
2025-01-15,MH-PUNE-PHC-004,AMOXICILLIN_500,Amoxicillin 500mg Capsules,27,257,80
2025-01-16,MH-PUNE-PHC-004,AMOXICILLIN_500,Amoxicillin 500mg Capsules,28,229,62
2025-01-17,MH-PUNE-PHC-004,AMOXICILLIN_500,Amoxicillin 500mg Capsules,26,203,70
2025-01-18,MH-PUNE-PHC-004,AMOXICILLIN_500,Amoxicillin 500mg Capsules,23,180,59
2025-01-19,MH-PUNE-PHC-004,AMOXICILLIN_500,Amoxicillin 500mg Capsules,21,159,73
2025-01-20,MH-PUNE-PHC-004,AMOXICILLIN_500,Amoxicillin 500mg Capsules,26,479,74
2025-01-21,MH-PUNE-PHC-004,AMOXICILLIN_500,Amoxicillin 500mg Capsules,21,458,60
2025-01-22,MH-PUNE-PHC-004,AMOXICILLIN_500,Amoxicillin 500mg Capsules,25,433,64
2025-01-23,MH-PUNE-PHC-004,AMOXICILLIN_500,Amoxicillin 500mg Capsules,22,411,78
2025-01-24,MH-PUNE-PHC-004,AMOXICILLIN_500,Amoxicillin 500mg Capsules,25,386,57
2025-01-25,MH-PUNE-PHC-004,AMOXICILLIN_500,Amoxicillin 500mg Capsules,24,362,56
2025-01-26,MH-PUNE-PHC-004,AMOXICILLIN_500,Amoxicillin 500mg Capsules,24,338,58
2025-01-27,MH-PUNE-PHC-004,AMOXICILLIN_500,Amoxicillin 500mg Capsules,24,314,80
2025-01-28,MH-PUNE-PHC-004,AMOXICILLIN_500,Amoxicillin 500mg Capsules,22,292,58
2025-01-29,MH-PUNE-PHC-004,AMOXICILLIN_500,Amoxicillin 500mg Capsules,26,266,69
2025-01-30,MH-PUNE-PHC-004,AMOXICILLIN_500,Amoxicillin 500mg Capsules,23,243,67
2025-01-31,MH-PUNE-PHC-004,AMOXICILLIN_500,Amoxicillin 500mg Capsules,22,221,61
2025-02-01,MH-PUNE-PHC-004,AMOXICILLIN_500,Amoxicillin 500mg Capsules,27,194,65
2025-02-02,MH-PUNE-PHC-004,AMOXICILLIN_500,Amoxicillin 500mg Capsules,22,172,59
2025-02-03,MH-PUNE-PHC-004,AMOXICILLIN_500,Amoxicillin 500mg Capsules,25,455,78
2025-02-04,MH-PUNE-PHC-004,AMOXICILLIN_500,Amoxicillin 500mg Capsules,24,431,61
2025-02-05,MH-PUNE-PHC-004,AMOXICILLIN_500,Amoxicillin 500mg Capsules,27,404,68
2025-02-06,MH-PUNE-PHC-004,AMOXICILLIN_500,Amoxicillin 500mg Capsules,28,376,80
2025-02-07,MH-PUNE-PHC-004,AMOXICILLIN_500,Amoxicillin 500mg Capsules,23,353,71
2025-02-08,MH-PUNE-PHC-004,AMOXICILLIN_500,Amoxicillin 500mg Capsules,23,330,65
2025-02-09,MH-PUNE-PHC-004,AMOXICILLIN_500,Amoxicillin 500mg Capsules,24,306,75
2025-02-10,MH-PUNE-PHC-004,AMOXICILLIN_500,Amoxicillin 500mg Capsules,26,280,78
2025-02-11,MH-PUNE-PHC-004,AMOXICILLIN_500,Amoxicillin 500mg Capsules,24,256,69
2025-02-12,MH-PUNE-PHC-004,AMOXICILLIN_500,Amoxicillin 500mg Capsules,24,232,70
2025-02-13,MH-PUNE-PHC-004,AMOXICILLIN_500,Amoxicillin 500mg Capsules,21,211,56
2025-02-14,MH-PUNE-PHC-004,AMOXICILLIN_500,Amoxicillin 500mg Capsules,28,183,78
2025-02-15,MH-PUNE-PHC-004,AMOXICILLIN_500,Amoxicillin 500mg Capsules,23,160,72
2024-11-18,MH-PUNE-PHC-004,AZITHROMYCIN_500,Azithromycin 500mg Tablets,14,336,74
2024-11-19,MH-PUNE-PHC-004,AZITHROMYCIN_500,Azithromycin 500mg Tablets,13,323,72
2024-11-20,MH-PUNE-PHC-004,AZITHROMYCIN_500,Azithromycin 500mg Tablets,17,306,64
2024-11-21,MH-PUNE-PHC-004,AZITHROMYCIN_500,Azithromycin 500mg Tablets,12,294,78
2024-11-22,MH-PUNE-PHC-004,AZITHROMYCIN_500,Azithromycin 500mg Tablets,13,281,75
2024-11-23,MH-PUNE-PHC-004,AZITHROMYCIN_500,Azithromycin 500mg Tablets,18,263,67
2024-11-24,MH-PUNE-PHC-004,AZITHROMYCIN_500,Azithromycin 500mg Tablets,16,247,67
2024-11-25,MH-PUNE-PHC-004,AZITHROMYCIN_500,Azithromycin 500mg Tablets,11,236,60
2024-11-26,MH-PUNE-PHC-004,AZITHROMYCIN_500,Azithromycin 500mg Tablets,17,219,64
2024-11-27,MH-PUNE-PHC-004,AZITHROMYCIN_500,Azithromycin 500mg Tablets,12,207,65
2024-11-28,MH-PUNE-PHC-004,AZITHROMYCIN_500,Azithromycin 500mg Tablets,12,195,75
2024-11-29,MH-PUNE-PHC-004,AZITHROMYCIN_500,Azithromycin 500mg Tablets,12,183,78
2024-11-30,MH-PUNE-PHC-004,AZITHROMYCIN_500,Azithromycin 500mg Tablets,15,168,57
2024-12-01,MH-PUNE-PHC-004,AZITHROMYCIN_500,Azithromycin 500mg Tablets,16,152,72
2024-12-02,MH-PUNE-PHC-004,AZITHROMYCIN_500,Azithromycin 500mg Tablets,11,141,77
2024-12-03,MH-PUNE-PHC-004,AZITHROMYCIN_500,Azithromycin 500mg Tablets,14,127,61
2024-12-04,MH-PUNE-PHC-004,AZITHROMYCIN_500,Azithromycin 500mg Tablets,18,109,77
2024-12-05,MH-PUNE-PHC-004,AZITHROMYCIN_500,Azithromycin 500mg Tablets,15,94,67
2024-12-06,MH-PUNE-PHC-004,AZITHROMYCIN_500,Azithromycin 500mg Tablets,17,279,61
2024-12-07,MH-PUNE-PHC-004,AZITHROMYCIN_500,Azithromycin 500mg Tablets,18,261,67
2024-12-08,MH-PUNE-PHC-004,AZITHROMYCIN_500,Azithromycin 500mg Tablets,12,249,58
2024-12-09,MH-PUNE-PHC-004,AZITHROMYCIN_500,Azithromycin 500mg Tablets,12,237,79
2024-12-10,MH-PUNE-PHC-004,AZITHROMYCIN_500,Azithromycin 500mg Tablets,15,222,79
2024-12-11,MH-PUNE-PHC-004,AZITHROMYCIN_500,Azithromycin 500mg Tablets,15,207,79
2024-12-12,MH-PUNE-PHC-004,AZITHROMYCIN_500,Azithromycin 500mg Tablets,13,194,78
2024-12-13,MH-PUNE-PHC-004,AZITHROMYCIN_500,Azithromycin 500mg Tablets,12,182,56
2024-12-14,MH-PUNE-PHC-004,AZITHROMYCIN_500,Azithromycin 500mg Tablets,15,167,78
2024-12-15,MH-PUNE-PHC-004,AZITHROMYCIN_500,Azithromycin 500mg Tablets,13,154,76
2024-12-16,MH-PUNE-PHC-004,AZITHROMYCIN_500,Azithromycin 500mg Tablets,13,141,62
2024-12-17,MH-PUNE-PHC-004,AZITHROMYCIN_500,Azithromycin 500mg Tablets,34,107,83
2024-12-18,MH-PUNE-PHC-004,AZITHROMYCIN_500,Azithromycin 500mg Tablets,27,80,87
2024-12-19,MH-PUNE-PHC-004,AZITHROMYCIN_500,Azithromycin 500mg Tablets,28,239,78
2024-12-20,MH-PUNE-PHC-004,AZITHROMYCIN_500,Azithromycin 500mg Tablets,36,203,89
2024-12-21,MH-PUNE-PHC-004,AZITHROMYCIN_500,Azithromycin 500mg Tablets,31,172,92
2024-12-22,MH-PUNE-PHC-004,AZITHROMYCIN_500,Azithromycin 500mg Tablets,34,138,94
2024-12-23,MH-PUNE-PHC-004,AZITHROMYCIN_500,Azithromycin 500mg Tablets,24,114,95
2024-12-24,MH-PUNE-PHC-004,AZITHROMYCIN_500,Azithromycin 500mg Tablets,36,78,74
2024-12-25,MH-PUNE-PHC-004,AZITHROMYCIN_500,Azithromycin 500mg Tablets,35,236,87
2024-12-26,MH-PUNE-PHC-004,AZITHROMYCIN_500,Azithromycin 500mg Tablets,34,202,81
2024-12-27,MH-PUNE-PHC-004,AZITHROMYCIN_500,Azithromycin 500mg Tablets,32,170,85
2024-12-28,MH-PUNE-PHC-004,AZITHROMYCIN_500,Azithromycin 500mg Tablets,27,143,77
2024-12-29,MH-PUNE-PHC-004,AZITHROMYCIN_500,Azithromycin 500mg Tablets,28,115,78
2024-12-30,MH-PUNE-PHC-004,AZITHROMYCIN_500,Azithromycin 500mg Tablets,26,89,82
2024-12-31,MH-PUNE-PHC-004,AZITHROMYCIN_500,Azithromycin 500mg Tablets,26,293,85
2025-01-01,MH-PUNE-PHC-004,AZITHROMYCIN_500,Azithromycin 500mg Tablets,24,269,77
2025-01-02,MH-PUNE-PHC-004,AZITHROMYCIN_500,Azithromycin 500mg Tablets,26,243,93
2025-01-03,MH-PUNE-PHC-004,AZITHROMYCIN_500,Azithromycin 500mg Tablets,30,213,85
2025-01-04,MH-PUNE-PHC-004,AZITHROMYCIN_500,Azithromycin 500mg Tablets,32,181,84
2025-01-05,MH-PUNE-PHC-004,AZITHROMYCIN_500,Azithromycin 500mg Tablets,21,160,88
2025-01-06,MH-PUNE-PHC-004,AZITHROMYCIN_500,Azithromycin 500mg Tablets,34,126,94
2025-01-07,MH-PUNE-PHC-004,AZITHROMYCIN_500,Azithromycin 500mg Tablets,32,94,75
2025-01-08,MH-PUNE-PHC-004,AZITHROMYCIN_500,Azithromycin 500mg Tablets,36,311,85
2025-01-09,MH-PUNE-PHC-004,AZITHROMYCIN_500,Azithromycin 500mg Tablets,32,279,94
2025-01-10,MH-PUNE-PHC-004,AZITHROMYCIN_500,Azithromycin 500mg Tablets,26,253,89
2025-01-11,MH-PUNE-PHC-004,AZITHROMYCIN_500,Azithromycin 500mg Tablets,34,219,94
2025-01-12,MH-PUNE-PHC-004,AZITHROMYCIN_500,Azithromycin 500mg Tablets,13,206,78
2025-01-13,MH-PUNE-PHC-004,AZITHROMYCIN_500,Azithromycin 500mg Tablets,17,189,65
2025-01-14,MH-PUNE-PHC-004,AZITHROMYCIN_500,Azithromycin 500mg Tablets,18,171,66
2025-01-15,MH-PUNE-PHC-004,AZITHROMYCIN_500,Azithromycin 500mg Tablets,11,160,70
2025-01-16,MH-PUNE-PHC-004,AZITHROMYCIN_500,Azithromycin 500mg Tablets,18,142,65
2025-01-17,MH-PUNE-PHC-004,AZITHROMYCIN_500,Azithromycin 500mg Tablets,15,127,73
2025-01-18,MH-PUNE-PHC-004,AZITHROMYCIN_500,Azithromycin 500mg Tablets,14,113,77
2025-01-19,MH-PUNE-PHC-004,AZITHROMYCIN_500,Azithromycin 500mg Tablets,16,97,59
2025-01-20,MH-PUNE-PHC-004,AZITHROMYCIN_500,Azithromycin 500mg Tablets,11,86,67
2025-01-21,MH-PUNE-PHC-004,AZITHROMYCIN_500,Azithromycin 500mg Tablets,15,264,58
2025-01-22,MH-PUNE-PHC-004,AZITHROMYCIN_500,Azithromycin 500mg Tablets,16,248,78
2025-01-23,MH-PUNE-PHC-004,AZITHROMYCIN_500,Azithromycin 500mg Tablets,11,237,64
2025-01-24,MH-PUNE-PHC-004,AZITHROMYCIN_500,Azithromycin 500mg Tablets,16,221,69
2025-01-25,MH-PUNE-PHC-004,AZITHROMYCIN_500,Azithromycin 500mg Tablets,15,206,68
2025-01-26,MH-PUNE-PHC-004,AZITHROMYCIN_500,Azithromycin 500mg Tablets,16,190,66
2025-01-27,MH-PUNE-PHC-004,AZITHROMYCIN_500,Azithromycin 500mg Tablets,14,176,56
2025-01-28,MH-PUNE-PHC-004,AZITHROMYCIN_500,Azithromycin 500mg Tablets,18,158,68
2025-01-29,MH-PUNE-PHC-004,AZITHROMYCIN_500,Azithromycin 500mg Tablets,16,142,74
2025-01-30,MH-PUNE-PHC-004,AZITHROMYCIN_500,Azithromycin 500mg Tablets,17,125,58
2025-01-31,MH-PUNE-PHC-004,AZITHROMYCIN_500,Azithromycin 500mg Tablets,14,111,77
2025-02-01,MH-PUNE-PHC-004,AZITHROMYCIN_500,Azithromycin 500mg Tablets,15,96,66
2025-02-02,MH-PUNE-PHC-004,AZITHROMYCIN_500,Azithromycin 500mg Tablets,14,82,58
2025-02-03,MH-PUNE-PHC-004,AZITHROMYCIN_500,Azithromycin 500mg Tablets,17,318,63
2025-02-04,MH-PUNE-PHC-004,AZITHROMYCIN_500,Azithromycin 500mg Tablets,17,301,79
2025-02-05,MH-PUNE-PHC-004,AZITHROMYCIN_500,Azithromycin 500mg Tablets,18,283,58
2025-02-06,MH-PUNE-PHC-004,AZITHROMYCIN_500,Azithromycin 500mg Tablets,14,269,68
2025-02-07,MH-PUNE-PHC-004,AZITHROMYCIN_500,Azithromycin 500mg Tablets,15,254,57
2025-02-08,MH-PUNE-PHC-004,AZITHROMYCIN_500,Azithromycin 500mg Tablets,12,242,58
2025-02-09,MH-PUNE-PHC-004,AZITHROMYCIN_500,Azithromycin 500mg Tablets,11,231,57
2025-02-10,MH-PUNE-PHC-004,AZITHROMYCIN_500,Azithromycin 500mg Tablets,14,217,69
2025-02-11,MH-PUNE-PHC-004,AZITHROMYCIN_500,Azithromycin 500mg Tablets,13,204,76
2025-02-12,MH-PUNE-PHC-004,AZITHROMYCIN_500,Azithromycin 500mg Tablets,14,190,66
2025-02-13,MH-PUNE-PHC-004,AZITHROMYCIN_500,Azithromycin 500mg Tablets,14,176,56
2025-02-14,MH-PUNE-PHC-004,AZITHROMYCIN_500,Azithromycin 500mg Tablets,12,164,57
2025-02-15,MH-PUNE-PHC-004,AZITHROMYCIN_500,Azithromycin 500mg Tablets,11,153,77
2024-11-18,MH-PUNE-PHC-004,METFORMIN_500,Metformin 500mg Tablets,25,374,57
2024-11-19,MH-PUNE-PHC-004,METFORMIN_500,Metformin 500mg Tablets,19,355,68
2024-11-20,MH-PUNE-PHC-004,METFORMIN_500,Metformin 500mg Tablets,18,337,60
2024-11-21,MH-PUNE-PHC-004,METFORMIN_500,Metformin 500mg Tablets,24,313,56
2024-11-22,MH-PUNE-PHC-004,METFORMIN_500,Metformin 500mg Tablets,23,290,57
2024-11-23,MH-PUNE-PHC-004,METFORMIN_500,Metformin 500mg Tablets,21,269,74
2024-11-24,MH-PUNE-PHC-004,METFORMIN_500,Metformin 500mg Tablets,23,246,61
2024-11-25,MH-PUNE-PHC-004,METFORMIN_500,Metformin 500mg Tablets,20,226,62
2024-11-26,MH-PUNE-PHC-004,METFORMIN_500,Metformin 500mg Tablets,22,204,69
2024-11-27,MH-PUNE-PHC-004,METFORMIN_500,Metformin 500mg Tablets,21,183,68
2024-11-28,MH-PUNE-PHC-004,METFORMIN_500,Metformin 500mg Tablets,20,163,69
2024-11-29,MH-PUNE-PHC-004,METFORMIN_500,Metformin 500mg Tablets,19,144,61
2024-11-30,MH-PUNE-PHC-004,METFORMIN_500,Metformin 500mg Tablets,24,120,67
2024-12-01,MH-PUNE-PHC-004,METFORMIN_500,Metformin 500mg Tablets,21,359,74
2024-12-02,MH-PUNE-PHC-004,METFORMIN_500,Metformin 500mg Tablets,25,334,76
2024-12-03,MH-PUNE-PHC-004,METFORMIN_500,Metformin 500mg Tablets,18,316,59
2024-12-04,MH-PUNE-PHC-004,METFORMIN_500,Metformin 500mg Tablets,23,293,78
2024-12-05,MH-PUNE-PHC-004,METFORMIN_500,Metformin 500mg Tablets,23,270,59
2024-12-06,MH-PUNE-PHC-004,METFORMIN_500,Metformin 500mg Tablets,19,251,80
2024-12-07,MH-PUNE-PHC-004,METFORMIN_500,Metformin 500mg Tablets,25,226,57
2024-12-08,MH-PUNE-PHC-004,METFORMIN_500,Metformin 500mg Tablets,25,201,74
2024-12-09,MH-PUNE-PHC-004,METFORMIN_500,Metformin 500mg Tablets,19,182,70
2024-12-10,MH-PUNE-PHC-004,METFORMIN_500,Metformin 500mg Tablets,25,157,74
2024-12-11,MH-PUNE-PHC-004,METFORMIN_500,Metformin 500mg Tablets,24,133,62
2024-12-12,MH-PUNE-PHC-004,METFORMIN_500,Metformin 500mg Tablets,24,401,68
2024-12-13,MH-PUNE-PHC-004,METFORMIN_500,Metformin 500mg Tablets,22,379,64
2024-12-14,MH-PUNE-PHC-004,METFORMIN_500,Metformin 500mg Tablets,22,357,61
2024-12-15,MH-PUNE-PHC-004,METFORMIN_500,Metformin 500mg Tablets,22,335,72
2024-12-16,MH-PUNE-PHC-004,METFORMIN_500,Metformin 500mg Tablets,25,310,57
2024-12-17,MH-PUNE-PHC-004,METFORMIN_500,Metformin 500mg Tablets,20,290,68
2024-12-18,MH-PUNE-PHC-004,METFORMIN_500,Metformin 500mg Tablets,24,266,67
2024-12-19,MH-PUNE-PHC-004,METFORMIN_500,Metformin 500mg Tablets,21,245,59
2024-12-20,MH-PUNE-PHC-004,METFORMIN_500,Metformin 500mg Tablets,22,223,65
2024-12-21,MH-PUNE-PHC-004,METFORMIN_500,Metformin 500mg Tablets,22,201,70
2024-12-22,MH-PUNE-PHC-004,METFORMIN_500,Metformin 500mg Tablets,19,182,73
2024-12-23,MH-PUNE-PHC-004,METFORMIN_500,Metformin 500mg Tablets,23,159,57
2024-12-24,MH-PUNE-PHC-004,METFORMIN_500,Metformin 500mg Tablets,19,140,63
2024-12-25,MH-PUNE-PHC-004,METFORMIN_500,Metformin 500mg Tablets,25,443,56
2024-12-26,MH-PUNE-PHC-004,METFORMIN_500,Metformin 500mg Tablets,19,424,69
2024-12-27,MH-PUNE-PHC-004,METFORMIN_500,Metformin 500mg Tablets,20,404,67
2024-12-28,MH-PUNE-PHC-004,METFORMIN_500,Metformin 500mg Tablets,18,386,60
2024-12-29,MH-PUNE-PHC-004,METFORMIN_500,Metformin 500mg Tablets,24,362,65
2024-12-30,MH-PUNE-PHC-004,METFORMIN_500,Metformin 500mg Tablets,25,337,68
2024-12-31,MH-PUNE-PHC-004,METFORMIN_500,Metformin 500mg Tablets,21,316,78
2025-01-01,MH-PUNE-PHC-004,METFORMIN_500,Metformin 500mg Tablets,19,297,58
2025-01-02,MH-PUNE-PHC-004,METFORMIN_500,Metformin 500mg Tablets,23,274,79
2025-01-03,MH-PUNE-PHC-004,METFORMIN_500,Metformin 500mg Tablets,22,252,61
2025-01-04,MH-PUNE-PHC-004,METFORMIN_500,Metformin 500mg Tablets,20,232,76
2025-01-05,MH-PUNE-PHC-004,METFORMIN_500,Metformin 500mg Tablets,19,213,63
2025-01-06,MH-PUNE-PHC-004,METFORMIN_500,Metformin 500mg Tablets,23,190,57
2025-01-07,MH-PUNE-PHC-004,METFORMIN_500,Metformin 500mg Tablets,24,166,59
2025-01-08,MH-PUNE-PHC-004,METFORMIN_500,Metformin 500mg Tablets,20,146,75
2025-01-09,MH-PUNE-PHC-004,METFORMIN_500,Metformin 500mg Tablets,24,122,71
2025-01-10,MH-PUNE-PHC-004,METFORMIN_500,Metformin 500mg Tablets,24,381,75
2025-01-11,MH-PUNE-PHC-004,METFORMIN_500,Metformin 500mg Tablets,25,356,56
2025-01-12,MH-PUNE-PHC-004,METFORMIN_500,Metformin 500mg Tablets,24,332,57
2025-01-13,MH-PUNE-PHC-004,METFORMIN_500,Metformin 500mg Tablets,21,311,65
2025-01-14,MH-PUNE-PHC-004,METFORMIN_500,Metformin 500mg Tablets,21,290,57
2025-01-15,MH-PUNE-PHC-004,METFORMIN_500,Metformin 500mg Tablets,18,272,76
2025-01-16,MH-PUNE-PHC-004,METFORMIN_500,Metformin 500mg Tablets,23,249,62
2025-01-17,MH-PUNE-PHC-004,METFORMIN_500,Metformin 500mg Tablets,22,227,73
2025-01-18,MH-PUNE-PHC-004,METFORMIN_500,Metformin 500mg Tablets,25,202,64
2025-01-19,MH-PUNE-PHC-004,METFORMIN_500,Metformin 500mg Tablets,23,179,70
2025-01-20,MH-PUNE-PHC-004,METFORMIN_500,Metformin 500mg Tablets,21,158,56
2025-01-21,MH-PUNE-PHC-004,METFORMIN_500,Metformin 500mg Tablets,19,139,57
2025-01-22,MH-PUNE-PHC-004,METFORMIN_500,Metformin 500mg Tablets,18,443,71
2025-01-23,MH-PUNE-PHC-004,METFORMIN_500,Metformin 500mg Tablets,19,424,75
2025-01-24,MH-PUNE-PHC-004,METFORMIN_500,Metformin 500mg Tablets,21,403,78
2025-01-25,MH-PUNE-PHC-004,METFORMIN_500,Metformin 500mg Tablets,20,383,65
2025-01-26,MH-PUNE-PHC-004,METFORMIN_500,Metformin 500mg Tablets,22,361,69
2025-01-27,MH-PUNE-PHC-004,METFORMIN_500,Metformin 500mg Tablets,20,341,70
2025-01-28,MH-PUNE-PHC-004,METFORMIN_500,Metformin 500mg Tablets,21,320,57
2025-01-29,MH-PUNE-PHC-004,METFORMIN_500,Metformin 500mg Tablets,19,301,66
2025-01-30,MH-PUNE-PHC-004,METFORMIN_500,Metformin 500mg Tablets,20,281,67
2025-01-31,MH-PUNE-PHC-004,METFORMIN_500,Metformin 500mg Tablets,25,256,61
2025-02-01,MH-PUNE-PHC-004,METFORMIN_500,Metformin 500mg Tablets,20,236,65
2025-02-02,MH-PUNE-PHC-004,METFORMIN_500,Metformin 500mg Tablets,24,212,71
2025-02-03,MH-PUNE-PHC-004,METFORMIN_500,Metformin 500mg Tablets,23,189,66
2025-02-04,MH-PUNE-PHC-004,METFORMIN_500,Metformin 500mg Tablets,22,167,77
2025-02-05,MH-PUNE-PHC-004,METFORMIN_500,Metformin 500mg Tablets,19,148,65
2025-02-06,MH-PUNE-PHC-004,METFORMIN_500,Metformin 500mg Tablets,23,125,69
2025-02-07,MH-PUNE-PHC-004,METFORMIN_500,Metformin 500mg Tablets,24,435,60
2025-02-08,MH-PUNE-PHC-004,METFORMIN_500,Metformin 500mg Tablets,20,415,63
2025-02-09,MH-PUNE-PHC-004,METFORMIN_500,Metformin 500mg Tablets,20,395,75
2025-02-10,MH-PUNE-PHC-004,METFORMIN_500,Metformin 500mg Tablets,19,376,56
2025-02-11,MH-PUNE-PHC-004,METFORMIN_500,Metformin 500mg Tablets,19,357,60
2025-02-12,MH-PUNE-PHC-004,METFORMIN_500,Metformin 500mg Tablets,20,337,60
2025-02-13,MH-PUNE-PHC-004,METFORMIN_500,Metformin 500mg Tablets,20,317,58
2025-02-14,MH-PUNE-PHC-004,METFORMIN_500,Metformin 500mg Tablets,24,293,76
2025-02-15,MH-PUNE-PHC-004,METFORMIN_500,Metformin 500mg Tablets,23,270,77
2024-11-18,MH-PUNE-PHC-004,INSULIN_REGULAR,Insulin Regular (100IU/ml),1,161,59
2024-11-19,MH-PUNE-PHC-004,INSULIN_REGULAR,Insulin Regular (100IU/ml),5,156,56
2024-11-20,MH-PUNE-PHC-004,INSULIN_REGULAR,Insulin Regular (100IU/ml),8,148,80
2024-11-21,MH-PUNE-PHC-004,INSULIN_REGULAR,Insulin Regular (100IU/ml),4,144,79
2024-11-22,MH-PUNE-PHC-004,INSULIN_REGULAR,Insulin Regular (100IU/ml),1,143,65
2024-11-23,MH-PUNE-PHC-004,INSULIN_REGULAR,Insulin Regular (100IU/ml),4,139,68
2024-11-24,MH-PUNE-PHC-004,INSULIN_REGULAR,Insulin Regular (100IU/ml),6,133,64
2024-11-25,MH-PUNE-PHC-004,INSULIN_REGULAR,Insulin Regular (100IU/ml),2,131,72
2024-11-26,MH-PUNE-PHC-004,INSULIN_REGULAR,Insulin Regular (100IU/ml),6,125,71
2024-11-27,MH-PUNE-PHC-004,INSULIN_REGULAR,Insulin Regular (100IU/ml),3,122,65
2024-11-28,MH-PUNE-PHC-004,INSULIN_REGULAR,Insulin Regular (100IU/ml),8,114,73
2024-11-29,MH-PUNE-PHC-004,INSULIN_REGULAR,Insulin Regular (100IU/ml),5,109,67
2024-11-30,MH-PUNE-PHC-004,INSULIN_REGULAR,Insulin Regular (100IU/ml),6,103,71
2024-12-01,MH-PUNE-PHC-004,INSULIN_REGULAR,Insulin Regular (100IU/ml),6,97,63
2024-12-02,MH-PUNE-PHC-004,INSULIN_REGULAR,Insulin Regular (100IU/ml),4,93,79
2024-12-03,MH-PUNE-PHC-004,INSULIN_REGULAR,Insulin Regular (100IU/ml),8,85,73
2024-12-04,MH-PUNE-PHC-004,INSULIN_REGULAR,Insulin Regular (100IU/ml),2,83,79
2024-12-05,MH-PUNE-PHC-004,INSULIN_REGULAR,Insulin Regular (100IU/ml),4,79,68
2024-12-06,MH-PUNE-PHC-004,INSULIN_REGULAR,Insulin Regular (100IU/ml),7,72,61
2024-12-07,MH-PUNE-PHC-004,INSULIN_REGULAR,Insulin Regular (100IU/ml),5,67,75
2024-12-08,MH-PUNE-PHC-004,INSULIN_REGULAR,Insulin Regular (100IU/ml),7,60,65
2024-12-09,MH-PUNE-PHC-004,INSULIN_REGULAR,Insulin Regular (100IU/ml),4,56,56
2024-12-10,MH-PUNE-PHC-004,INSULIN_REGULAR,Insulin Regular (100IU/ml),3,53,64
2024-12-11,MH-PUNE-PHC-004,INSULIN_REGULAR,Insulin Regular (100IU/ml),6,47,62
2024-12-12,MH-PUNE-PHC-004,INSULIN_REGULAR,Insulin Regular (100IU/ml),1,46,67
2024-12-13,MH-PUNE-PHC-004,INSULIN_REGULAR,Insulin Regular (100IU/ml),7,39,73
2024-12-14,MH-PUNE-PHC-004,INSULIN_REGULAR,Insulin Regular (100IU/ml),1,38,56
2024-12-15,MH-PUNE-PHC-004,INSULIN_REGULAR,Insulin Regular (100IU/ml),6,32,56
2024-12-16,MH-PUNE-PHC-004,INSULIN_REGULAR,Insulin Regular (100IU/ml),2,175,77
2024-12-17,MH-PUNE-PHC-004,INSULIN_REGULAR,Insulin Regular (100IU/ml),7,168,73
2024-12-18,MH-PUNE-PHC-004,INSULIN_REGULAR,Insulin Regular (100IU/ml),3,165,79
2024-12-19,MH-PUNE-PHC-004,INSULIN_REGULAR,Insulin Regular (100IU/ml),4,161,74
2024-12-20,MH-PUNE-PHC-004,INSULIN_REGULAR,Insulin Regular (100IU/ml),3,158,72
2024-12-21,MH-PUNE-PHC-004,INSULIN_REGULAR,Insulin Regular (100IU/ml),4,154,69
2024-12-22,MH-PUNE-PHC-004,INSULIN_REGULAR,Insulin Regular (100IU/ml),4,150,58
2024-12-23,MH-PUNE-PHC-004,INSULIN_REGULAR,Insulin Regular (100IU/ml),8,142,59
2024-12-24,MH-PUNE-PHC-004,INSULIN_REGULAR,Insulin Regular (100IU/ml),3,139,61
2024-12-25,MH-PUNE-PHC-004,INSULIN_REGULAR,Insulin Regular (100IU/ml),6,133,66
2024-12-26,MH-PUNE-PHC-004,INSULIN_REGULAR,Insulin Regular (100IU/ml),8,125,72
2024-12-27,MH-PUNE-PHC-004,INSULIN_REGULAR,Insulin Regular (100IU/ml),2,123,56
2024-12-28,MH-PUNE-PHC-004,INSULIN_REGULAR,Insulin Regular (100IU/ml),2,121,72
2024-12-29,MH-PUNE-PHC-004,INSULIN_REGULAR,Insulin Regular (100IU/ml),6,115,71
2024-12-30,MH-PUNE-PHC-004,INSULIN_REGULAR,Insulin Regular (100IU/ml),2,113,70
2024-12-31,MH-PUNE-PHC-004,INSULIN_REGULAR,Insulin Regular (100IU/ml),2,111,69
2025-01-01,MH-PUNE-PHC-004,INSULIN_REGULAR,Insulin Regular (100IU/ml),3,108,68
2025-01-02,MH-PUNE-PHC-004,INSULIN_REGULAR,Insulin Regular (100IU/ml),4,104,59
2025-01-03,MH-PUNE-PHC-004,INSULIN_REGULAR,Insulin Regular (100IU/ml),4,100,59
2025-01-04,MH-PUNE-PHC-004,INSULIN_REGULAR,Insulin Regular (100IU/ml),5,95,62
2025-01-05,MH-PUNE-PHC-004,INSULIN_REGULAR,Insulin Regular (100IU/ml),2,93,76
2025-01-06,MH-PUNE-PHC-004,INSULIN_REGULAR,Insulin Regular (100IU/ml),1,92,75
2025-01-07,MH-PUNE-PHC-004,INSULIN_REGULAR,Insulin Regular (100IU/ml),7,85,79
2025-01-08,MH-PUNE-PHC-004,INSULIN_REGULAR,Insulin Regular (100IU/ml),2,83,57
2025-01-09,MH-PUNE-PHC-004,INSULIN_REGULAR,Insulin Regular (100IU/ml),5,78,77
2025-01-10,MH-PUNE-PHC-004,INSULIN_REGULAR,Insulin Regular (100IU/ml),6,72,68
2025-01-11,MH-PUNE-PHC-004,INSULIN_REGULAR,Insulin Regular (100IU/ml),8,64,63
2025-01-12,MH-PUNE-PHC-004,INSULIN_REGULAR,Insulin Regular (100IU/ml),7,57,79
2025-01-13,MH-PUNE-PHC-004,INSULIN_REGULAR,Insulin Regular (100IU/ml),1,56,67
2025-01-14,MH-PUNE-PHC-004,INSULIN_REGULAR,Insulin Regular (100IU/ml),2,54,58
2025-01-15,MH-PUNE-PHC-004,INSULIN_REGULAR,Insulin Regular (100IU/ml),6,48,71
2025-01-16,MH-PUNE-PHC-004,INSULIN_REGULAR,Insulin Regular (100IU/ml),8,40,69
2025-01-17,MH-PUNE-PHC-004,INSULIN_REGULAR,Insulin Regular (100IU/ml),4,36,63
2025-01-18,MH-PUNE-PHC-004,INSULIN_REGULAR,Insulin Regular (100IU/ml),8,28,69
2025-01-19,MH-PUNE-PHC-004,INSULIN_REGULAR,Insulin Regular (100IU/ml),4,106,79
2025-01-20,MH-PUNE-PHC-004,INSULIN_REGULAR,Insulin Regular (100IU/ml),5,101,77
2025-01-21,MH-PUNE-PHC-004,INSULIN_REGULAR,Insulin Regular (100IU/ml),5,96,74
2025-01-22,MH-PUNE-PHC-004,INSULIN_REGULAR,Insulin Regular (100IU/ml),5,91,59
2025-01-23,MH-PUNE-PHC-004,INSULIN_REGULAR,Insulin Regular (100IU/ml),7,84,62
2025-01-24,MH-PUNE-PHC-004,INSULIN_REGULAR,Insulin Regular (100IU/ml),4,80,56
2025-01-25,MH-PUNE-PHC-004,INSULIN_REGULAR,Insulin Regular (100IU/ml),7,73,67
2025-01-26,MH-PUNE-PHC-004,INSULIN_REGULAR,Insulin Regular (100IU/ml),8,65,62
2025-01-27,MH-PUNE-PHC-004,INSULIN_REGULAR,Insulin Regular (100IU/ml),2,63,68
2025-01-28,MH-PUNE-PHC-004,INSULIN_REGULAR,Insulin Regular (100IU/ml),1,62,72
2025-01-29,MH-PUNE-PHC-004,INSULIN_REGULAR,Insulin Regular (100IU/ml),6,56,75
2025-01-30,MH-PUNE-PHC-004,INSULIN_REGULAR,Insulin Regular (100IU/ml),3,53,58
2025-01-31,MH-PUNE-PHC-004,INSULIN_REGULAR,Insulin Regular (100IU/ml),6,47,69
2025-02-01,MH-PUNE-PHC-004,INSULIN_REGULAR,Insulin Regular (100IU/ml),8,39,68
2025-02-02,MH-PUNE-PHC-004,INSULIN_REGULAR,Insulin Regular (100IU/ml),8,31,57
2025-02-03,MH-PUNE-PHC-004,INSULIN_REGULAR,Insulin Regular (100IU/ml),8,146,57
2025-02-04,MH-PUNE-PHC-004,INSULIN_REGULAR,Insulin Regular (100IU/ml),7,139,67
2025-02-05,MH-PUNE-PHC-004,INSULIN_REGULAR,Insulin Regular (100IU/ml),4,135,77
2025-02-06,MH-PUNE-PHC-004,INSULIN_REGULAR,Insulin Regular (100IU/ml),3,132,65
2025-02-07,MH-PUNE-PHC-004,INSULIN_REGULAR,Insulin Regular (100IU/ml),6,126,71
2025-02-08,MH-PUNE-PHC-004,INSULIN_REGULAR,Insulin Regular (100IU/ml),2,124,61
2025-02-09,MH-PUNE-PHC-004,INSULIN_REGULAR,Insulin Regular (100IU/ml),6,118,70
2025-02-10,MH-PUNE-PHC-004,INSULIN_REGULAR,Insulin Regular (100IU/ml),6,112,75
2025-02-11,MH-PUNE-PHC-004,INSULIN_REGULAR,Insulin Regular (100IU/ml),4,108,70
2025-02-12,MH-PUNE-PHC-004,INSULIN_REGULAR,Insulin Regular (100IU/ml),4,104,74
2025-02-13,MH-PUNE-PHC-004,INSULIN_REGULAR,Insulin Regular (100IU/ml),4,100,71
2025-02-14,MH-PUNE-PHC-004,INSULIN_REGULAR,Insulin Regular (100IU/ml),4,96,69
2025-02-15,MH-PUNE-PHC-004,INSULIN_REGULAR,Insulin Regular (100IU/ml),3,93,72
2024-11-18,MH-PUNE-PHC-004,RABIES_VACCINE,Anti-Rabies Vaccine (ARV),3,101,71
2024-11-19,MH-PUNE-PHC-004,RABIES_VACCINE,Anti-Rabies Vaccine (ARV),2,99,69
2024-11-20,MH-PUNE-PHC-004,RABIES_VACCINE,Anti-Rabies Vaccine (ARV),1,98,64
2024-11-21,MH-PUNE-PHC-004,RABIES_VACCINE,Anti-Rabies Vaccine (ARV),1,97,68
2024-11-22,MH-PUNE-PHC-004,RABIES_VACCINE,Anti-Rabies Vaccine (ARV),6,91,75
2024-11-23,MH-PUNE-PHC-004,RABIES_VACCINE,Anti-Rabies Vaccine (ARV),4,87,70
2024-11-24,MH-PUNE-PHC-004,RABIES_VACCINE,Anti-Rabies Vaccine (ARV),5,82,75
2024-11-25,MH-PUNE-PHC-004,RABIES_VACCINE,Anti-Rabies Vaccine (ARV),3,79,56
2024-11-26,MH-PUNE-PHC-004,RABIES_VACCINE,Anti-Rabies Vaccine (ARV),1,78,56
2024-11-27,MH-PUNE-PHC-004,RABIES_VACCINE,Anti-Rabies Vaccine (ARV),3,75,57
2024-11-28,MH-PUNE-PHC-004,RABIES_VACCINE,Anti-Rabies Vaccine (ARV),3,72,57
2024-11-29,MH-PUNE-PHC-004,RABIES_VACCINE,Anti-Rabies Vaccine (ARV),6,66,61
2024-11-30,MH-PUNE-PHC-004,RABIES_VACCINE,Anti-Rabies Vaccine (ARV),5,61,61
2024-12-01,MH-PUNE-PHC-004,RABIES_VACCINE,Anti-Rabies Vaccine (ARV),7,54,62
2024-12-02,MH-PUNE-PHC-004,RABIES_VACCINE,Anti-Rabies Vaccine (ARV),1,53,80
2024-12-03,MH-PUNE-PHC-004,RABIES_VACCINE,Anti-Rabies Vaccine (ARV),1,52,62
2024-12-04,MH-PUNE-PHC-004,RABIES_VACCINE,Anti-Rabies Vaccine (ARV),4,48,71
2024-12-05,MH-PUNE-PHC-004,RABIES_VACCINE,Anti-Rabies Vaccine (ARV),5,43,75
2024-12-06,MH-PUNE-PHC-004,RABIES_VACCINE,Anti-Rabies Vaccine (ARV),4,39,57
2024-12-07,MH-PUNE-PHC-004,RABIES_VACCINE,Anti-Rabies Vaccine (ARV),1,38,80
2024-12-08,MH-PUNE-PHC-004,RABIES_VACCINE,Anti-Rabies Vaccine (ARV),3,35,62
2024-12-09,MH-PUNE-PHC-004,RABIES_VACCINE,Anti-Rabies Vaccine (ARV),3,32,57
2024-12-10,MH-PUNE-PHC-004,RABIES_VACCINE,Anti-Rabies Vaccine (ARV),5,27,64
2024-12-11,MH-PUNE-PHC-004,RABIES_VACCINE,Anti-Rabies Vaccine (ARV),7,133,79
2024-12-12,MH-PUNE-PHC-004,RABIES_VACCINE,Anti-Rabies Vaccine (ARV),1,132,65
2024-12-13,MH-PUNE-PHC-004,RABIES_VACCINE,Anti-Rabies Vaccine (ARV),6,126,80
2024-12-14,MH-PUNE-PHC-004,RABIES_VACCINE,Anti-Rabies Vaccine (ARV),4,122,57
2024-12-15,MH-PUNE-PHC-004,RABIES_VACCINE,Anti-Rabies Vaccine (ARV),3,119,74
2024-12-16,MH-PUNE-PHC-004,RABIES_VACCINE,Anti-Rabies Vaccine (ARV),1,118,59
2024-12-17,MH-PUNE-PHC-004,RABIES_VACCINE,Anti-Rabies Vaccine (ARV),3,115,58
2024-12-18,MH-PUNE-PHC-004,RABIES_VACCINE,Anti-Rabies Vaccine (ARV),3,112,72
2024-12-19,MH-PUNE-PHC-004,RABIES_VACCINE,Anti-Rabies Vaccine (ARV),7,105,70
2024-12-20,MH-PUNE-PHC-004,RABIES_VACCINE,Anti-Rabies Vaccine (ARV),6,99,79
2024-12-21,MH-PUNE-PHC-004,RABIES_VACCINE,Anti-Rabies Vaccine (ARV),5,94,60
2024-12-22,MH-PUNE-PHC-004,RABIES_VACCINE,Anti-Rabies Vaccine (ARV),1,93,77
2024-12-23,MH-PUNE-PHC-004,RABIES_VACCINE,Anti-Rabies Vaccine (ARV),3,90,80
2024-12-24,MH-PUNE-PHC-004,RABIES_VACCINE,Anti-Rabies Vaccine (ARV),1,89,80
2024-12-25,MH-PUNE-PHC-004,RABIES_VACCINE,Anti-Rabies Vaccine (ARV),4,85,67
2024-12-26,MH-PUNE-PHC-004,RABIES_VACCINE,Anti-Rabies Vaccine (ARV),6,79,63
2024-12-27,MH-PUNE-PHC-004,RABIES_VACCINE,Anti-Rabies Vaccine (ARV),6,73,56
2024-12-28,MH-PUNE-PHC-004,RABIES_VACCINE,Anti-Rabies Vaccine (ARV),6,67,78
2024-12-29,MH-PUNE-PHC-004,RABIES_VACCINE,Anti-Rabies Vaccine (ARV),3,64,76
2024-12-30,MH-PUNE-PHC-004,RABIES_VACCINE,Anti-Rabies Vaccine (ARV),6,58,67
2024-12-31,MH-PUNE-PHC-004,RABIES_VACCINE,Anti-Rabies Vaccine (ARV),2,56,73
2025-01-01,MH-PUNE-PHC-004,RABIES_VACCINE,Anti-Rabies Vaccine (ARV),3,53,73
2025-01-02,MH-PUNE-PHC-004,RABIES_VACCINE,Anti-Rabies Vaccine (ARV),3,50,63
2025-01-03,MH-PUNE-PHC-004,RABIES_VACCINE,Anti-Rabies Vaccine (ARV),1,49,68
2025-01-04,MH-PUNE-PHC-004,RABIES_VACCINE,Anti-Rabies Vaccine (ARV),1,48,68
2025-01-05,MH-PUNE-PHC-004,RABIES_VACCINE,Anti-Rabies Vaccine (ARV),1,47,58
2025-01-06,MH-PUNE-PHC-004,RABIES_VACCINE,Anti-Rabies Vaccine (ARV),5,42,58
2025-01-07,MH-PUNE-PHC-004,RABIES_VACCINE,Anti-Rabies Vaccine (ARV),2,40,62
2025-01-08,MH-PUNE-PHC-004,RABIES_VACCINE,Anti-Rabies Vaccine (ARV),1,39,65
2025-01-09,MH-PUNE-PHC-004,RABIES_VACCINE,Anti-Rabies Vaccine (ARV),7,32,78
2025-01-10,MH-PUNE-PHC-004,RABIES_VACCINE,Anti-Rabies Vaccine (ARV),1,31,70
2025-01-11,MH-PUNE-PHC-004,RABIES_VACCINE,Anti-Rabies Vaccine (ARV),6,25,62
2025-01-12,MH-PUNE-PHC-004,RABIES_VACCINE,Anti-Rabies Vaccine (ARV),4,115,71
2025-01-13,MH-PUNE-PHC-004,RABIES_VACCINE,Anti-Rabies Vaccine (ARV),5,110,71
2025-01-14,MH-PUNE-PHC-004,RABIES_VACCINE,Anti-Rabies Vaccine (ARV),1,109,68
2025-01-15,MH-PUNE-PHC-004,RABIES_VACCINE,Anti-Rabies Vaccine (ARV),3,106,59
2025-01-16,MH-PUNE-PHC-004,RABIES_VACCINE,Anti-Rabies Vaccine (ARV),1,105,79
2025-01-17,MH-PUNE-PHC-004,RABIES_VACCINE,Anti-Rabies Vaccine (ARV),2,103,64
2025-01-18,MH-PUNE-PHC-004,RABIES_VACCINE,Anti-Rabies Vaccine (ARV),3,100,76
2025-01-19,MH-PUNE-PHC-004,RABIES_VACCINE,Anti-Rabies Vaccine (ARV),7,93,73
2025-01-20,MH-PUNE-PHC-004,RABIES_VACCINE,Anti-Rabies Vaccine (ARV),2,91,65
2025-01-21,MH-PUNE-PHC-004,RABIES_VACCINE,Anti-Rabies Vaccine (ARV),6,85,65
2025-01-22,MH-PUNE-PHC-004,RABIES_VACCINE,Anti-Rabies Vaccine (ARV),5,80,75
2025-01-23,MH-PUNE-PHC-004,RABIES_VACCINE,Anti-Rabies Vaccine (ARV),7,73,57
2025-01-24,MH-PUNE-PHC-004,RABIES_VACCINE,Anti-Rabies Vaccine (ARV),5,68,78
2025-01-25,MH-PUNE-PHC-004,RABIES_VACCINE,Anti-Rabies Vaccine (ARV),4,64,77
2025-01-26,MH-PUNE-PHC-004,RABIES_VACCINE,Anti-Rabies Vaccine (ARV),6,58,58
2025-01-27,MH-PUNE-PHC-004,RABIES_VACCINE,Anti-Rabies Vaccine (ARV),4,54,65
2025-01-28,MH-PUNE-PHC-004,RABIES_VACCINE,Anti-Rabies Vaccine (ARV),1,53,76
2025-01-29,MH-PUNE-PHC-004,RABIES_VACCINE,Anti-Rabies Vaccine (ARV),6,47,62
2025-01-30,MH-PUNE-PHC-004,RABIES_VACCINE,Anti-Rabies Vaccine (ARV),6,41,73
2025-01-31,MH-PUNE-PHC-004,RABIES_VACCINE,Anti-Rabies Vaccine (ARV),2,39,58
2025-02-01,MH-PUNE-PHC-004,RABIES_VACCINE,Anti-Rabies Vaccine (ARV),1,38,75
2025-02-02,MH-PUNE-PHC-004,RABIES_VACCINE,Anti-Rabies Vaccine (ARV),4,34,71
2025-02-03,MH-PUNE-PHC-004,RABIES_VACCINE,Anti-Rabies Vaccine (ARV),5,29,65
2025-02-04,MH-PUNE-PHC-004,RABIES_VACCINE,Anti-Rabies Vaccine (ARV),6,80,76
2025-02-05,MH-PUNE-PHC-004,RABIES_VACCINE,Anti-Rabies Vaccine (ARV),6,74,61
2025-02-06,MH-PUNE-PHC-004,RABIES_VACCINE,Anti-Rabies Vaccine (ARV),5,69,66
2025-02-07,MH-PUNE-PHC-004,RABIES_VACCINE,Anti-Rabies Vaccine (ARV),7,62,56
2025-02-08,MH-PUNE-PHC-004,RABIES_VACCINE,Anti-Rabies Vaccine (ARV),3,59,60
2025-02-09,MH-PUNE-PHC-004,RABIES_VACCINE,Anti-Rabies Vaccine (ARV),1,58,78
2025-02-10,MH-PUNE-PHC-004,RABIES_VACCINE,Anti-Rabies Vaccine (ARV),1,57,63
2025-02-11,MH-PUNE-PHC-004,RABIES_VACCINE,Anti-Rabies Vaccine (ARV),3,54,67
2025-02-12,MH-PUNE-PHC-004,RABIES_VACCINE,Anti-Rabies Vaccine (ARV),5,49,74
2025-02-13,MH-PUNE-PHC-004,RABIES_VACCINE,Anti-Rabies Vaccine (ARV),3,46,62
2025-02-14,MH-PUNE-PHC-004,RABIES_VACCINE,Anti-Rabies Vaccine (ARV),7,39,63
2025-02-15,MH-PUNE-PHC-004,RABIES_VACCINE,Anti-Rabies Vaccine (ARV),4,35,59
2024-11-18,MH-PUNE-PHC-004,OXYGEN_CYLINDER,Medical Oxygen D-Type,4,160,73
2024-11-19,MH-PUNE-PHC-004,OXYGEN_CYLINDER,Medical Oxygen D-Type,1,159,68
2024-11-20,MH-PUNE-PHC-004,OXYGEN_CYLINDER,Medical Oxygen D-Type,5,154,77
2024-11-21,MH-PUNE-PHC-004,OXYGEN_CYLINDER,Medical Oxygen D-Type,1,153,76
2024-11-22,MH-PUNE-PHC-004,OXYGEN_CYLINDER,Medical Oxygen D-Type,4,149,77
2024-11-23,MH-PUNE-PHC-004,OXYGEN_CYLINDER,Medical Oxygen D-Type,1,148,72
2024-11-24,MH-PUNE-PHC-004,OXYGEN_CYLINDER,Medical Oxygen D-Type,1,147,65
2024-11-25,MH-PUNE-PHC-004,OXYGEN_CYLINDER,Medical Oxygen D-Type,1,146,56
2024-11-26,MH-PUNE-PHC-004,OXYGEN_CYLINDER,Medical Oxygen D-Type,1,145,67
2024-11-27,MH-PUNE-PHC-004,OXYGEN_CYLINDER,Medical Oxygen D-Type,2,143,78
2024-11-28,MH-PUNE-PHC-004,OXYGEN_CYLINDER,Medical Oxygen D-Type,3,140,65
2024-11-29,MH-PUNE-PHC-004,OXYGEN_CYLINDER,Medical Oxygen D-Type,4,136,71
2024-11-30,MH-PUNE-PHC-004,OXYGEN_CYLINDER,Medical Oxygen D-Type,5,131,67
2024-12-01,MH-PUNE-PHC-004,OXYGEN_CYLINDER,Medical Oxygen D-Type,1,130,58
2024-12-02,MH-PUNE-PHC-004,OXYGEN_CYLINDER,Medical Oxygen D-Type,3,127,58
2024-12-03,MH-PUNE-PHC-004,OXYGEN_CYLINDER,Medical Oxygen D-Type,2,125,75
2024-12-04,MH-PUNE-PHC-004,OXYGEN_CYLINDER,Medical Oxygen D-Type,4,121,67
2024-12-05,MH-PUNE-PHC-004,OXYGEN_CYLINDER,Medical Oxygen D-Type,1,120,74
2024-12-06,MH-PUNE-PHC-004,OXYGEN_CYLINDER,Medical Oxygen D-Type,2,118,78
2024-12-07,MH-PUNE-PHC-004,OXYGEN_CYLINDER,Medical Oxygen D-Type,2,116,72
2024-12-08,MH-PUNE-PHC-004,OXYGEN_CYLINDER,Medical Oxygen D-Type,5,111,68
2024-12-09,MH-PUNE-PHC-004,OXYGEN_CYLINDER,Medical Oxygen D-Type,3,108,72
2024-12-10,MH-PUNE-PHC-004,OXYGEN_CYLINDER,Medical Oxygen D-Type,4,104,59
2024-12-11,MH-PUNE-PHC-004,OXYGEN_CYLINDER,Medical Oxygen D-Type,2,102,66
2024-12-12,MH-PUNE-PHC-004,OXYGEN_CYLINDER,Medical Oxygen D-Type,1,101,58
2024-12-13,MH-PUNE-PHC-004,OXYGEN_CYLINDER,Medical Oxygen D-Type,1,100,77
2024-12-14,MH-PUNE-PHC-004,OXYGEN_CYLINDER,Medical Oxygen D-Type,1,99,68
2024-12-15,MH-PUNE-PHC-004,OXYGEN_CYLINDER,Medical Oxygen D-Type,1,98,68
2024-12-16,MH-PUNE-PHC-004,OXYGEN_CYLINDER,Medical Oxygen D-Type,1,97,69
2024-12-17,MH-PUNE-PHC-004,OXYGEN_CYLINDER,Medical Oxygen D-Type,1,96,63
2024-12-18,MH-PUNE-PHC-004,OXYGEN_CYLINDER,Medical Oxygen D-Type,1,95,72
2024-12-19,MH-PUNE-PHC-004,OXYGEN_CYLINDER,Medical Oxygen D-Type,3,92,68
2024-12-20,MH-PUNE-PHC-004,OXYGEN_CYLINDER,Medical Oxygen D-Type,1,91,73
2024-12-21,MH-PUNE-PHC-004,OXYGEN_CYLINDER,Medical Oxygen D-Type,2,89,65
2024-12-22,MH-PUNE-PHC-004,OXYGEN_CYLINDER,Medical Oxygen D-Type,1,88,57
2024-12-23,MH-PUNE-PHC-004,OXYGEN_CYLINDER,Medical Oxygen D-Type,5,83,78
2024-12-24,MH-PUNE-PHC-004,OXYGEN_CYLINDER,Medical Oxygen D-Type,1,82,61
2024-12-25,MH-PUNE-PHC-004,OXYGEN_CYLINDER,Medical Oxygen D-Type,1,81,65
2024-12-26,MH-PUNE-PHC-004,OXYGEN_CYLINDER,Medical Oxygen D-Type,4,77,56
2024-12-27,MH-PUNE-PHC-004,OXYGEN_CYLINDER,Medical Oxygen D-Type,4,73,68
2024-12-28,MH-PUNE-PHC-004,OXYGEN_CYLINDER,Medical Oxygen D-Type,1,72,80
2024-12-29,MH-PUNE-PHC-004,OXYGEN_CYLINDER,Medical Oxygen D-Type,3,69,80
2024-12-30,MH-PUNE-PHC-004,OXYGEN_CYLINDER,Medical Oxygen D-Type,5,64,56
2024-12-31,MH-PUNE-PHC-004,OXYGEN_CYLINDER,Medical Oxygen D-Type,4,60,71
2025-01-01,MH-PUNE-PHC-004,OXYGEN_CYLINDER,Medical Oxygen D-Type,5,55,65
2025-01-02,MH-PUNE-PHC-004,OXYGEN_CYLINDER,Medical Oxygen D-Type,3,52,80
2025-01-03,MH-PUNE-PHC-004,OXYGEN_CYLINDER,Medical Oxygen D-Type,1,51,66
2025-01-04,MH-PUNE-PHC-004,OXYGEN_CYLINDER,Medical Oxygen D-Type,5,46,66
2025-01-05,MH-PUNE-PHC-004,OXYGEN_CYLINDER,Medical Oxygen D-Type,3,43,74
2025-01-06,MH-PUNE-PHC-004,OXYGEN_CYLINDER,Medical Oxygen D-Type,1,42,59
2025-01-07,MH-PUNE-PHC-004,OXYGEN_CYLINDER,Medical Oxygen D-Type,4,38,63
2025-01-08,MH-PUNE-PHC-004,OXYGEN_CYLINDER,Medical Oxygen D-Type,3,35,58
2025-01-09,MH-PUNE-PHC-004,OXYGEN_CYLINDER,Medical Oxygen D-Type,4,31,68
2025-01-10,MH-PUNE-PHC-004,OXYGEN_CYLINDER,Medical Oxygen D-Type,1,30,79
2025-01-11,MH-PUNE-PHC-004,OXYGEN_CYLINDER,Medical Oxygen D-Type,5,25,63
2025-01-12,MH-PUNE-PHC-004,OXYGEN_CYLINDER,Medical Oxygen D-Type,2,23,57
2025-01-13,MH-PUNE-PHC-004,OXYGEN_CYLINDER,Medical Oxygen D-Type,2,21,71
2025-01-14,MH-PUNE-PHC-004,OXYGEN_CYLINDER,Medical Oxygen D-Type,4,17,56
2025-01-15,MH-PUNE-PHC-004,OXYGEN_CYLINDER,Medical Oxygen D-Type,3,14,64
2025-01-16,MH-PUNE-PHC-004,OXYGEN_CYLINDER,Medical Oxygen D-Type,1,13,74
2025-01-17,MH-PUNE-PHC-004,OXYGEN_CYLINDER,Medical Oxygen D-Type,1,12,58
2025-01-18,MH-PUNE-PHC-004,OXYGEN_CYLINDER,Medical Oxygen D-Type,1,11,62
2025-01-19,MH-PUNE-PHC-004,OXYGEN_CYLINDER,Medical Oxygen D-Type,1,10,70
2025-01-20,MH-PUNE-PHC-004,OXYGEN_CYLINDER,Medical Oxygen D-Type,3,10,73
2025-01-21,MH-PUNE-PHC-004,OXYGEN_CYLINDER,Medical Oxygen D-Type,1,10,70
2025-01-22,MH-PUNE-PHC-004,OXYGEN_CYLINDER,Medical Oxygen D-Type,1,10,71
2025-01-23,MH-PUNE-PHC-004,OXYGEN_CYLINDER,Medical Oxygen D-Type,1,10,64
2025-01-24,MH-PUNE-PHC-004,OXYGEN_CYLINDER,Medical Oxygen D-Type,1,10,74
2025-01-25,MH-PUNE-PHC-004,OXYGEN_CYLINDER,Medical Oxygen D-Type,2,10,71
2025-01-26,MH-PUNE-PHC-004,OXYGEN_CYLINDER,Medical Oxygen D-Type,3,10,71
2025-01-27,MH-PUNE-PHC-004,OXYGEN_CYLINDER,Medical Oxygen D-Type,1,10,69
2025-01-28,MH-PUNE-PHC-004,OXYGEN_CYLINDER,Medical Oxygen D-Type,4,10,64
2025-01-29,MH-PUNE-PHC-004,OXYGEN_CYLINDER,Medical Oxygen D-Type,1,10,63
2025-01-30,MH-PUNE-PHC-004,OXYGEN_CYLINDER,Medical Oxygen D-Type,1,10,59
2025-01-31,MH-PUNE-PHC-004,OXYGEN_CYLINDER,Medical Oxygen D-Type,3,10,77
2025-02-01,MH-PUNE-PHC-004,OXYGEN_CYLINDER,Medical Oxygen D-Type,1,10,80
2025-02-02,MH-PUNE-PHC-004,OXYGEN_CYLINDER,Medical Oxygen D-Type,3,10,76
2025-02-03,MH-PUNE-PHC-004,OXYGEN_CYLINDER,Medical Oxygen D-Type,1,10,76
2025-02-04,MH-PUNE-PHC-004,OXYGEN_CYLINDER,Medical Oxygen D-Type,1,10,74
2025-02-05,MH-PUNE-PHC-004,OXYGEN_CYLINDER,Medical Oxygen D-Type,1,10,63
2025-02-06,MH-PUNE-PHC-004,OXYGEN_CYLINDER,Medical Oxygen D-Type,3,10,57
2025-02-07,MH-PUNE-PHC-004,OXYGEN_CYLINDER,Medical Oxygen D-Type,1,10,75
2025-02-08,MH-PUNE-PHC-004,OXYGEN_CYLINDER,Medical Oxygen D-Type,1,10,64
2025-02-09,MH-PUNE-PHC-004,OXYGEN_CYLINDER,Medical Oxygen D-Type,1,10,66
2025-02-10,MH-PUNE-PHC-004,OXYGEN_CYLINDER,Medical Oxygen D-Type,1,10,60
2025-02-11,MH-PUNE-PHC-004,OXYGEN_CYLINDER,Medical Oxygen D-Type,3,10,66
2025-02-12,MH-PUNE-PHC-004,OXYGEN_CYLINDER,Medical Oxygen D-Type,1,10,78
2025-02-13,MH-PUNE-PHC-004,OXYGEN_CYLINDER,Medical Oxygen D-Type,2,10,65
2025-02-14,MH-PUNE-PHC-004,OXYGEN_CYLINDER,Medical Oxygen D-Type,5,10,76
2025-02-15,MH-PUNE-PHC-004,OXYGEN_CYLINDER,Medical Oxygen D-Type,5,10,69
2024-11-18,MH-PUNE-PHC-011,ORS,ORS Packets (Oral Rehydration),20,376,147
2024-11-19,MH-PUNE-PHC-011,ORS,ORS Packets (Oral Rehydration),19,357,131
2024-11-20,MH-PUNE-PHC-011,ORS,ORS Packets (Oral Rehydration),18,339,151
2024-11-21,MH-PUNE-PHC-011,ORS,ORS Packets (Oral Rehydration),14,325,146
2024-11-22,MH-PUNE-PHC-011,ORS,ORS Packets (Oral Rehydration),17,308,141
2024-11-23,MH-PUNE-PHC-011,ORS,ORS Packets (Oral Rehydration),17,291,144
2024-11-24,MH-PUNE-PHC-011,ORS,ORS Packets (Oral Rehydration),17,274,146
2024-11-25,MH-PUNE-PHC-011,ORS,ORS Packets (Oral Rehydration),20,254,133
2024-11-26,MH-PUNE-PHC-011,ORS,ORS Packets (Oral Rehydration),15,239,140
2024-11-27,MH-PUNE-PHC-011,ORS,ORS Packets (Oral Rehydration),18,221,147
2024-11-28,MH-PUNE-PHC-011,ORS,ORS Packets (Oral Rehydration),19,202,131
2024-11-29,MH-PUNE-PHC-011,ORS,ORS Packets (Oral Rehydration),17,185,140
2024-11-30,MH-PUNE-PHC-011,ORS,ORS Packets (Oral Rehydration),18,167,136
2024-12-01,MH-PUNE-PHC-011,ORS,ORS Packets (Oral Rehydration),21,146,137
2024-12-02,MH-PUNE-PHC-011,ORS,ORS Packets (Oral Rehydration),16,130,143
2024-12-03,MH-PUNE-PHC-011,ORS,ORS Packets (Oral Rehydration),18,112,132
2024-12-04,MH-PUNE-PHC-011,ORS,ORS Packets (Oral Rehydration),15,381,147
2024-12-05,MH-PUNE-PHC-011,ORS,ORS Packets (Oral Rehydration),16,365,139
2024-12-06,MH-PUNE-PHC-011,ORS,ORS Packets (Oral Rehydration),14,351,147
2024-12-07,MH-PUNE-PHC-011,ORS,ORS Packets (Oral Rehydration),17,334,147
2024-12-08,MH-PUNE-PHC-011,ORS,ORS Packets (Oral Rehydration),14,320,147
2024-12-09,MH-PUNE-PHC-011,ORS,ORS Packets (Oral Rehydration),18,302,143
2024-12-10,MH-PUNE-PHC-011,ORS,ORS Packets (Oral Rehydration),16,286,139
2024-12-11,MH-PUNE-PHC-011,ORS,ORS Packets (Oral Rehydration),16,270,152
2024-12-12,MH-PUNE-PHC-011,ORS,ORS Packets (Oral Rehydration),18,252,130
2024-12-13,MH-PUNE-PHC-011,ORS,ORS Packets (Oral Rehydration),18,234,139
2024-12-14,MH-PUNE-PHC-011,ORS,ORS Packets (Oral Rehydration),21,213,151
2024-12-15,MH-PUNE-PHC-011,ORS,ORS Packets (Oral Rehydration),21,192,139
2024-12-16,MH-PUNE-PHC-011,ORS,ORS Packets (Oral Rehydration),18,174,129
2024-12-17,MH-PUNE-PHC-011,ORS,ORS Packets (Oral Rehydration),21,153,133
2024-12-18,MH-PUNE-PHC-011,ORS,ORS Packets (Oral Rehydration),14,139,152
2024-12-19,MH-PUNE-PHC-011,ORS,ORS Packets (Oral Rehydration),16,123,140
2024-12-20,MH-PUNE-PHC-011,ORS,ORS Packets (Oral Rehydration),21,102,137
2024-12-21,MH-PUNE-PHC-011,ORS,ORS Packets (Oral Rehydration),19,320,132
2024-12-22,MH-PUNE-PHC-011,ORS,ORS Packets (Oral Rehydration),19,301,131
2024-12-23,MH-PUNE-PHC-011,ORS,ORS Packets (Oral Rehydration),16,285,139
2024-12-24,MH-PUNE-PHC-011,ORS,ORS Packets (Oral Rehydration),15,270,146
2024-12-25,MH-PUNE-PHC-011,ORS,ORS Packets (Oral Rehydration),19,251,144
2024-12-26,MH-PUNE-PHC-011,ORS,ORS Packets (Oral Rehydration),15,236,147
2024-12-27,MH-PUNE-PHC-011,ORS,ORS Packets (Oral Rehydration),19,217,146
2024-12-28,MH-PUNE-PHC-011,ORS,ORS Packets (Oral Rehydration),19,198,150
2024-12-29,MH-PUNE-PHC-011,ORS,ORS Packets (Oral Rehydration),14,184,134
2024-12-30,MH-PUNE-PHC-011,ORS,ORS Packets (Oral Rehydration),14,170,150
2024-12-31,MH-PUNE-PHC-011,ORS,ORS Packets (Oral Rehydration),18,152,138
2025-01-01,MH-PUNE-PHC-011,ORS,ORS Packets (Oral Rehydration),18,134,148
2025-01-02,MH-PUNE-PHC-011,ORS,ORS Packets (Oral Rehydration),14,120,130
2025-01-03,MH-PUNE-PHC-011,ORS,ORS Packets (Oral Rehydration),21,99,131
2025-01-04,MH-PUNE-PHC-011,ORS,ORS Packets (Oral Rehydration),14,310,149
2025-01-05,MH-PUNE-PHC-011,ORS,ORS Packets (Oral Rehydration),21,289,138
2025-01-06,MH-PUNE-PHC-011,ORS,ORS Packets (Oral Rehydration),17,272,140
2025-01-07,MH-PUNE-PHC-011,ORS,ORS Packets (Oral Rehydration),14,258,140
2025-01-08,MH-PUNE-PHC-011,ORS,ORS Packets (Oral Rehydration),21,237,130
2025-01-09,MH-PUNE-PHC-011,ORS,ORS Packets (Oral Rehydration),21,216,150
2025-01-10,MH-PUNE-PHC-011,ORS,ORS Packets (Oral Rehydration),15,201,139
2025-01-11,MH-PUNE-PHC-011,ORS,ORS Packets (Oral Rehydration),19,182,144
2025-01-12,MH-PUNE-PHC-011,ORS,ORS Packets (Oral Rehydration),21,161,134
2025-01-13,MH-PUNE-PHC-011,ORS,ORS Packets (Oral Rehydration),19,142,132
2025-01-14,MH-PUNE-PHC-011,ORS,ORS Packets (Oral Rehydration),16,126,136
2025-01-15,MH-PUNE-PHC-011,ORS,ORS Packets (Oral Rehydration),16,110,140
2025-01-16,MH-PUNE-PHC-011,ORS,ORS Packets (Oral Rehydration),19,328,152
2025-01-17,MH-PUNE-PHC-011,ORS,ORS Packets (Oral Rehydration),45,283,175
2025-01-18,MH-PUNE-PHC-011,ORS,ORS Packets (Oral Rehydration),35,248,185
2025-01-19,MH-PUNE-PHC-011,ORS,ORS Packets (Oral Rehydration),50,198,166
2025-01-20,MH-PUNE-PHC-011,ORS,ORS Packets (Oral Rehydration),37,161,166
2025-01-21,MH-PUNE-PHC-011,ORS,ORS Packets (Oral Rehydration),37,124,171
2025-01-22,MH-PUNE-PHC-011,ORS,ORS Packets (Oral Rehydration),36,88,198
2025-01-23,MH-PUNE-PHC-011,ORS,ORS Packets (Oral Rehydration),32,331,181
2025-01-24,MH-PUNE-PHC-011,ORS,ORS Packets (Oral Rehydration),36,295,178
2025-01-25,MH-PUNE-PHC-011,ORS,ORS Packets (Oral Rehydration),32,263,182
2025-01-26,MH-PUNE-PHC-011,ORS,ORS Packets (Oral Rehydration),29,234,172
2025-01-27,MH-PUNE-PHC-011,ORS,ORS Packets (Oral Rehydration),43,191,167
2025-01-28,MH-PUNE-PHC-011,ORS,ORS Packets (Oral Rehydration),35,156,184
2025-01-29,MH-PUNE-PHC-011,ORS,ORS Packets (Oral Rehydration),43,113,165
2025-01-30,MH-PUNE-PHC-011,ORS,ORS Packets (Oral Rehydration),44,333,167
2025-01-31,MH-PUNE-PHC-011,ORS,ORS Packets (Oral Rehydration),32,301,178
2025-02-01,MH-PUNE-PHC-011,ORS,ORS Packets (Oral Rehydration),43,258,171
2025-02-02,MH-PUNE-PHC-011,ORS,ORS Packets (Oral Rehydration),49,209,160
2025-02-03,MH-PUNE-PHC-011,ORS,ORS Packets (Oral Rehydration),34,175,162
2025-02-04,MH-PUNE-PHC-011,ORS,ORS Packets (Oral Rehydration),37,138,160
2025-02-05,MH-PUNE-PHC-011,ORS,ORS Packets (Oral Rehydration),31,107,173
2025-02-06,MH-PUNE-PHC-011,ORS,ORS Packets (Oral Rehydration),31,304,174
2025-02-07,MH-PUNE-PHC-011,ORS,ORS Packets (Oral Rehydration),47,257,157
2025-02-08,MH-PUNE-PHC-011,ORS,ORS Packets (Oral Rehydration),42,215,189
2025-02-09,MH-PUNE-PHC-011,ORS,ORS Packets (Oral Rehydration),40,175,188
2025-02-10,MH-PUNE-PHC-011,ORS,ORS Packets (Oral Rehydration),41,134,188
2025-02-11,MH-PUNE-PHC-011,ORS,ORS Packets (Oral Rehydration),43,91,174
2025-02-12,MH-PUNE-PHC-011,ORS,ORS Packets (Oral Rehydration),27,64,161
2025-02-13,MH-PUNE-PHC-011,ORS,ORS Packets (Oral Rehydration),36,28,181
2025-02-14,MH-PUNE-PHC-011,ORS,ORS Packets (Oral Rehydration),37,10,173
2025-02-15,MH-PUNE-PHC-011,ORS,ORS Packets (Oral Rehydration),31,10,173
2024-11-18,MH-PUNE-PHC-011,PARACETAMOL_500,Paracetamol 500mg Tablets,36,682,128
2024-11-19,MH-PUNE-PHC-011,PARACETAMOL_500,Paracetamol 500mg Tablets,43,639,133
2024-11-20,MH-PUNE-PHC-011,PARACETAMOL_500,Paracetamol 500mg Tablets,40,599,135
2024-11-21,MH-PUNE-PHC-011,PARACETAMOL_500,Paracetamol 500mg Tablets,37,562,143
2024-11-22,MH-PUNE-PHC-011,PARACETAMOL_500,Paracetamol 500mg Tablets,40,522,139
2024-11-23,MH-PUNE-PHC-011,PARACETAMOL_500,Paracetamol 500mg Tablets,40,482,141
2024-11-24,MH-PUNE-PHC-011,PARACETAMOL_500,Paracetamol 500mg Tablets,42,440,136
2024-11-25,MH-PUNE-PHC-011,PARACETAMOL_500,Paracetamol 500mg Tablets,43,397,150
2024-11-26,MH-PUNE-PHC-011,PARACETAMOL_500,Paracetamol 500mg Tablets,41,356,130
2024-11-27,MH-PUNE-PHC-011,PARACETAMOL_500,Paracetamol 500mg Tablets,40,316,141
2024-11-28,MH-PUNE-PHC-011,PARACETAMOL_500,Paracetamol 500mg Tablets,36,280,151
2024-11-29,MH-PUNE-PHC-011,PARACETAMOL_500,Paracetamol 500mg Tablets,37,243,131
2024-11-30,MH-PUNE-PHC-011,PARACETAMOL_500,Paracetamol 500mg Tablets,37,206,141
2024-12-01,MH-PUNE-PHC-011,PARACETAMOL_500,Paracetamol 500mg Tablets,38,659,148
2024-12-02,MH-PUNE-PHC-011,PARACETAMOL_500,Paracetamol 500mg Tablets,43,616,145
2024-12-03,MH-PUNE-PHC-011,PARACETAMOL_500,Paracetamol 500mg Tablets,43,573,133
2024-12-04,MH-PUNE-PHC-011,PARACETAMOL_500,Paracetamol 500mg Tablets,37,536,139
2024-12-05,MH-PUNE-PHC-011,PARACETAMOL_500,Paracetamol 500mg Tablets,37,499,144
2024-12-06,MH-PUNE-PHC-011,PARACETAMOL_500,Paracetamol 500mg Tablets,36,463,134
2024-12-07,MH-PUNE-PHC-011,PARACETAMOL_500,Paracetamol 500mg Tablets,38,425,148
2024-12-08,MH-PUNE-PHC-011,PARACETAMOL_500,Paracetamol 500mg Tablets,38,387,136
2024-12-09,MH-PUNE-PHC-011,PARACETAMOL_500,Paracetamol 500mg Tablets,43,344,138
2024-12-10,MH-PUNE-PHC-011,PARACETAMOL_500,Paracetamol 500mg Tablets,36,308,131
2024-12-11,MH-PUNE-PHC-011,PARACETAMOL_500,Paracetamol 500mg Tablets,36,272,137
2024-12-12,MH-PUNE-PHC-011,PARACETAMOL_500,Paracetamol 500mg Tablets,39,233,138
2024-12-13,MH-PUNE-PHC-011,PARACETAMOL_500,Paracetamol 500mg Tablets,38,615,139
2024-12-14,MH-PUNE-PHC-011,PARACETAMOL_500,Paracetamol 500mg Tablets,36,579,143
2024-12-15,MH-PUNE-PHC-011,PARACETAMOL_500,Paracetamol 500mg Tablets,36,543,142
2024-12-16,MH-PUNE-PHC-011,PARACETAMOL_500,Paracetamol 500mg Tablets,37,506,133
2024-12-17,MH-PUNE-PHC-011,PARACETAMOL_500,Paracetamol 500mg Tablets,57,449,158
2024-12-18,MH-PUNE-PHC-011,PARACETAMOL_500,Paracetamol 500mg Tablets,46,403,167
2024-12-19,MH-PUNE-PHC-011,PARACETAMOL_500,Paracetamol 500mg Tablets,48,355,150
2024-12-20,MH-PUNE-PHC-011,PARACETAMOL_500,Paracetamol 500mg Tablets,58,297,148
2024-12-21,MH-PUNE-PHC-011,PARACETAMOL_500,Paracetamol 500mg Tablets,50,247,160
2024-12-22,MH-PUNE-PHC-011,PARACETAMOL_500,Paracetamol 500mg Tablets,48,199,156
2024-12-23,MH-PUNE-PHC-011,PARACETAMOL_500,Paracetamol 500mg Tablets,57,634,165
2024-12-24,MH-PUNE-PHC-011,PARACETAMOL_500,Paracetamol 500mg Tablets,45,589,146
2024-12-25,MH-PUNE-PHC-011,PARACETAMOL_500,Paracetamol 500mg Tablets,59,530,160
2024-12-26,MH-PUNE-PHC-011,PARACETAMOL_500,Paracetamol 500mg Tablets,54,476,145
2024-12-27,MH-PUNE-PHC-011,PARACETAMOL_500,Paracetamol 500mg Tablets,56,420,159
2024-12-28,MH-PUNE-PHC-011,PARACETAMOL_500,Paracetamol 500mg Tablets,60,360,161
2024-12-29,MH-PUNE-PHC-011,PARACETAMOL_500,Paracetamol 500mg Tablets,60,300,156
2024-12-30,MH-PUNE-PHC-011,PARACETAMOL_500,Paracetamol 500mg Tablets,61,239,151
2024-12-31,MH-PUNE-PHC-011,PARACETAMOL_500,Paracetamol 500mg Tablets,45,683,152
2025-01-01,MH-PUNE-PHC-011,PARACETAMOL_500,Paracetamol 500mg Tablets,52,631,157
2025-01-02,MH-PUNE-PHC-011,PARACETAMOL_500,Paracetamol 500mg Tablets,57,574,163
2025-01-03,MH-PUNE-PHC-011,PARACETAMOL_500,Paracetamol 500mg Tablets,54,520,155
2025-01-04,MH-PUNE-PHC-011,PARACETAMOL_500,Paracetamol 500mg Tablets,48,472,160
2025-01-05,MH-PUNE-PHC-011,PARACETAMOL_500,Paracetamol 500mg Tablets,57,415,147
2025-01-06,MH-PUNE-PHC-011,PARACETAMOL_500,Paracetamol 500mg Tablets,64,351,154
2025-01-07,MH-PUNE-PHC-011,PARACETAMOL_500,Paracetamol 500mg Tablets,57,294,162
2025-01-08,MH-PUNE-PHC-011,PARACETAMOL_500,Paracetamol 500mg Tablets,62,232,146
2025-01-09,MH-PUNE-PHC-011,PARACETAMOL_500,Paracetamol 500mg Tablets,53,634,144
2025-01-10,MH-PUNE-PHC-011,PARACETAMOL_500,Paracetamol 500mg Tablets,52,582,154
2025-01-11,MH-PUNE-PHC-011,PARACETAMOL_500,Paracetamol 500mg Tablets,60,522,161
2025-01-12,MH-PUNE-PHC-011,PARACETAMOL_500,Paracetamol 500mg Tablets,36,486,147
2025-01-13,MH-PUNE-PHC-011,PARACETAMOL_500,Paracetamol 500mg Tablets,37,449,139
2025-01-14,MH-PUNE-PHC-011,PARACETAMOL_500,Paracetamol 500mg Tablets,41,408,146
2025-01-15,MH-PUNE-PHC-011,PARACETAMOL_500,Paracetamol 500mg Tablets,39,369,150
2025-01-16,MH-PUNE-PHC-011,PARACETAMOL_500,Paracetamol 500mg Tablets,38,331,135
2025-01-17,MH-PUNE-PHC-011,PARACETAMOL_500,Paracetamol 500mg Tablets,37,294,140
2025-01-18,MH-PUNE-PHC-011,PARACETAMOL_500,Paracetamol 500mg Tablets,39,255,150
2025-01-19,MH-PUNE-PHC-011,PARACETAMOL_500,Paracetamol 500mg Tablets,37,218,144
2025-01-20,MH-PUNE-PHC-011,PARACETAMOL_500,Paracetamol 500mg Tablets,36,655,134
2025-01-21,MH-PUNE-PHC-011,PARACETAMOL_500,Paracetamol 500mg Tablets,39,616,134
2025-01-22,MH-PUNE-PHC-011,PARACETAMOL_500,Paracetamol 500mg Tablets,39,577,130
2025-01-23,MH-PUNE-PHC-011,PARACETAMOL_500,Paracetamol 500mg Tablets,36,541,142
2025-01-24,MH-PUNE-PHC-011,PARACETAMOL_500,Paracetamol 500mg Tablets,39,502,128
2025-01-25,MH-PUNE-PHC-011,PARACETAMOL_500,Paracetamol 500mg Tablets,42,460,148
2025-01-26,MH-PUNE-PHC-011,PARACETAMOL_500,Paracetamol 500mg Tablets,42,418,134
2025-01-27,MH-PUNE-PHC-011,PARACETAMOL_500,Paracetamol 500mg Tablets,43,375,152
2025-01-28,MH-PUNE-PHC-011,PARACETAMOL_500,Paracetamol 500mg Tablets,42,333,149
2025-01-29,MH-PUNE-PHC-011,PARACETAMOL_500,Paracetamol 500mg Tablets,41,292,149
2025-01-30,MH-PUNE-PHC-011,PARACETAMOL_500,Paracetamol 500mg Tablets,40,252,139
2025-01-31,MH-PUNE-PHC-011,PARACETAMOL_500,Paracetamol 500mg Tablets,36,216,143
2025-02-01,MH-PUNE-PHC-011,PARACETAMOL_500,Paracetamol 500mg Tablets,37,646,128
2025-02-02,MH-PUNE-PHC-011,PARACETAMOL_500,Paracetamol 500mg Tablets,40,606,147
2025-02-03,MH-PUNE-PHC-011,PARACETAMOL_500,Paracetamol 500mg Tablets,40,566,130
2025-02-04,MH-PUNE-PHC-011,PARACETAMOL_500,Paracetamol 500mg Tablets,41,525,128
2025-02-05,MH-PUNE-PHC-011,PARACETAMOL_500,Paracetamol 500mg Tablets,37,488,138
2025-02-06,MH-PUNE-PHC-011,PARACETAMOL_500,Paracetamol 500mg Tablets,43,445,144
2025-02-07,MH-PUNE-PHC-011,PARACETAMOL_500,Paracetamol 500mg Tablets,36,409,137
2025-02-08,MH-PUNE-PHC-011,PARACETAMOL_500,Paracetamol 500mg Tablets,42,367,133
2025-02-09,MH-PUNE-PHC-011,PARACETAMOL_500,Paracetamol 500mg Tablets,36,331,128
2025-02-10,MH-PUNE-PHC-011,PARACETAMOL_500,Paracetamol 500mg Tablets,42,289,151
2025-02-11,MH-PUNE-PHC-011,PARACETAMOL_500,Paracetamol 500mg Tablets,42,247,134
2025-02-12,MH-PUNE-PHC-011,PARACETAMOL_500,Paracetamol 500mg Tablets,36,211,136
2025-02-13,MH-PUNE-PHC-011,PARACETAMOL_500,Paracetamol 500mg Tablets,42,169,150
2025-02-14,MH-PUNE-PHC-011,PARACETAMOL_500,Paracetamol 500mg Tablets,36,133,131
2025-02-15,MH-PUNE-PHC-011,PARACETAMOL_500,Paracetamol 500mg Tablets,38,95,151
2024-11-18,MH-PUNE-PHC-011,AMOXICILLIN_500,Amoxicillin 500mg Capsules,23,494,150
2024-11-19,MH-PUNE-PHC-011,AMOXICILLIN_500,Amoxicillin 500mg Capsules,27,467,151
2024-11-20,MH-PUNE-PHC-011,AMOXICILLIN_500,Amoxicillin 500mg Capsules,21,446,151
2024-11-21,MH-PUNE-PHC-011,AMOXICILLIN_500,Amoxicillin 500mg Capsules,23,423,143
2024-11-22,MH-PUNE-PHC-011,AMOXICILLIN_500,Amoxicillin 500mg Capsules,27,396,140
2024-11-23,MH-PUNE-PHC-011,AMOXICILLIN_500,Amoxicillin 500mg Capsules,26,370,146
2024-11-24,MH-PUNE-PHC-011,AMOXICILLIN_500,Amoxicillin 500mg Capsules,23,347,142
2024-11-25,MH-PUNE-PHC-011,AMOXICILLIN_500,Amoxicillin 500mg Capsules,26,321,149
2024-11-26,MH-PUNE-PHC-011,AMOXICILLIN_500,Amoxicillin 500mg Capsules,25,296,152
2024-11-27,MH-PUNE-PHC-011,AMOXICILLIN_500,Amoxicillin 500mg Capsules,24,272,143
2024-11-28,MH-PUNE-PHC-011,AMOXICILLIN_500,Amoxicillin 500mg Capsules,25,247,141
2024-11-29,MH-PUNE-PHC-011,AMOXICILLIN_500,Amoxicillin 500mg Capsules,25,222,143
2024-11-30,MH-PUNE-PHC-011,AMOXICILLIN_500,Amoxicillin 500mg Capsules,23,199,139
2024-12-01,MH-PUNE-PHC-011,AMOXICILLIN_500,Amoxicillin 500mg Capsules,27,172,128
2024-12-02,MH-PUNE-PHC-011,AMOXICILLIN_500,Amoxicillin 500mg Capsules,21,499,129
2024-12-03,MH-PUNE-PHC-011,AMOXICILLIN_500,Amoxicillin 500mg Capsules,28,471,140
2024-12-04,MH-PUNE-PHC-011,AMOXICILLIN_500,Amoxicillin 500mg Capsules,28,443,135
2024-12-05,MH-PUNE-PHC-011,AMOXICILLIN_500,Amoxicillin 500mg Capsules,25,418,134
2024-12-06,MH-PUNE-PHC-011,AMOXICILLIN_500,Amoxicillin 500mg Capsules,28,390,130
2024-12-07,MH-PUNE-PHC-011,AMOXICILLIN_500,Amoxicillin 500mg Capsules,25,365,145
2024-12-08,MH-PUNE-PHC-011,AMOXICILLIN_500,Amoxicillin 500mg Capsules,25,340,128
2024-12-09,MH-PUNE-PHC-011,AMOXICILLIN_500,Amoxicillin 500mg Capsules,27,313,132
2024-12-10,MH-PUNE-PHC-011,AMOXICILLIN_500,Amoxicillin 500mg Capsules,22,291,139
2024-12-11,MH-PUNE-PHC-011,AMOXICILLIN_500,Amoxicillin 500mg Capsules,27,264,145
2024-12-12,MH-PUNE-PHC-011,AMOXICILLIN_500,Amoxicillin 500mg Capsules,25,239,146
2024-12-13,MH-PUNE-PHC-011,AMOXICILLIN_500,Amoxicillin 500mg Capsules,21,218,135
2024-12-14,MH-PUNE-PHC-011,AMOXICILLIN_500,Amoxicillin 500mg Capsules,27,191,147
2024-12-15,MH-PUNE-PHC-011,AMOXICILLIN_500,Amoxicillin 500mg Capsules,24,167,138
2024-12-16,MH-PUNE-PHC-011,AMOXICILLIN_500,Amoxicillin 500mg Capsules,28,463,137
2024-12-17,MH-PUNE-PHC-011,AMOXICILLIN_500,Amoxicillin 500mg Capsules,28,435,143
2024-12-18,MH-PUNE-PHC-011,AMOXICILLIN_500,Amoxicillin 500mg Capsules,24,411,150
2024-12-19,MH-PUNE-PHC-011,AMOXICILLIN_500,Amoxicillin 500mg Capsules,24,387,152
2024-12-20,MH-PUNE-PHC-011,AMOXICILLIN_500,Amoxicillin 500mg Capsules,27,360,135
2024-12-21,MH-PUNE-PHC-011,AMOXICILLIN_500,Amoxicillin 500mg Capsules,23,337,149
2024-12-22,MH-PUNE-PHC-011,AMOXICILLIN_500,Amoxicillin 500mg Capsules,22,315,143
2024-12-23,MH-PUNE-PHC-011,AMOXICILLIN_500,Amoxicillin 500mg Capsules,22,293,138
2024-12-24,MH-PUNE-PHC-011,AMOXICILLIN_500,Amoxicillin 500mg Capsules,28,265,146
2024-12-25,MH-PUNE-PHC-011,AMOXICILLIN_500,Amoxicillin 500mg Capsules,22,243,133
2024-12-26,MH-PUNE-PHC-011,AMOXICILLIN_500,Amoxicillin 500mg Capsules,21,222,150
2024-12-27,MH-PUNE-PHC-011,AMOXICILLIN_500,Amoxicillin 500mg Capsules,28,194,133
2024-12-28,MH-PUNE-PHC-011,AMOXICILLIN_500,Amoxicillin 500mg Capsules,24,170,130
2024-12-29,MH-PUNE-PHC-011,AMOXICILLIN_500,Amoxicillin 500mg Capsules,28,483,128
2024-12-30,MH-PUNE-PHC-011,AMOXICILLIN_500,Amoxicillin 500mg Capsules,27,456,152
2024-12-31,MH-PUNE-PHC-011,AMOXICILLIN_500,Amoxicillin 500mg Capsules,27,429,147
2025-01-01,MH-PUNE-PHC-011,AMOXICILLIN_500,Amoxicillin 500mg Capsules,22,407,134
2025-01-02,MH-PUNE-PHC-011,AMOXICILLIN_500,Amoxicillin 500mg Capsules,26,381,133
2025-01-03,MH-PUNE-PHC-011,AMOXICILLIN_500,Amoxicillin 500mg Capsules,27,354,150
2025-01-04,MH-PUNE-PHC-011,AMOXICILLIN_500,Amoxicillin 500mg Capsules,24,330,148
2025-01-05,MH-PUNE-PHC-011,AMOXICILLIN_500,Amoxicillin 500mg Capsules,28,302,148
2025-01-06,MH-PUNE-PHC-011,AMOXICILLIN_500,Amoxicillin 500mg Capsules,27,275,143
2025-01-07,MH-PUNE-PHC-011,AMOXICILLIN_500,Amoxicillin 500mg Capsules,23,252,129
2025-01-08,MH-PUNE-PHC-011,AMOXICILLIN_500,Amoxicillin 500mg Capsules,22,230,150
2025-01-09,MH-PUNE-PHC-011,AMOXICILLIN_500,Amoxicillin 500mg Capsules,24,206,130
2025-01-10,MH-PUNE-PHC-011,AMOXICILLIN_500,Amoxicillin 500mg Capsules,22,184,128
2025-01-11,MH-PUNE-PHC-011,AMOXICILLIN_500,Amoxicillin 500mg Capsules,21,163,129
2025-01-12,MH-PUNE-PHC-011,AMOXICILLIN_500,Amoxicillin 500mg Capsules,25,445,144
2025-01-13,MH-PUNE-PHC-011,AMOXICILLIN_500,Amoxicillin 500mg Capsules,25,420,147
2025-01-14,MH-PUNE-PHC-011,AMOXICILLIN_500,Amoxicillin 500mg Capsules,24,396,144
2025-01-15,MH-PUNE-PHC-011,AMOXICILLIN_500,Amoxicillin 500mg Capsules,24,372,141
2025-01-16,MH-PUNE-PHC-011,AMOXICILLIN_500,Amoxicillin 500mg Capsules,25,347,152
2025-01-17,MH-PUNE-PHC-011,AMOXICILLIN_500,Amoxicillin 500mg Capsules,22,325,145
2025-01-18,MH-PUNE-PHC-011,AMOXICILLIN_500,Amoxicillin 500mg Capsules,27,298,133
2025-01-19,MH-PUNE-PHC-011,AMOXICILLIN_500,Amoxicillin 500mg Capsules,28,270,137
2025-01-20,MH-PUNE-PHC-011,AMOXICILLIN_500,Amoxicillin 500mg Capsules,27,243,130
2025-01-21,MH-PUNE-PHC-011,AMOXICILLIN_500,Amoxicillin 500mg Capsules,24,219,147
2025-01-22,MH-PUNE-PHC-011,AMOXICILLIN_500,Amoxicillin 500mg Capsules,22,197,150
2025-01-23,MH-PUNE-PHC-011,AMOXICILLIN_500,Amoxicillin 500mg Capsules,23,174,150
2025-01-24,MH-PUNE-PHC-011,AMOXICILLIN_500,Amoxicillin 500mg Capsules,27,469,141
2025-01-25,MH-PUNE-PHC-011,AMOXICILLIN_500,Amoxicillin 500mg Capsules,21,448,144
2025-01-26,MH-PUNE-PHC-011,AMOXICILLIN_500,Amoxicillin 500mg Capsules,22,426,139
2025-01-27,MH-PUNE-PHC-011,AMOXICILLIN_500,Amoxicillin 500mg Capsules,22,404,141
2025-01-28,MH-PUNE-PHC-011,AMOXICILLIN_500,Amoxicillin 500mg Capsules,23,381,131
2025-01-29,MH-PUNE-PHC-011,AMOXICILLIN_500,Amoxicillin 500mg Capsules,23,358,130
2025-01-30,MH-PUNE-PHC-011,AMOXICILLIN_500,Amoxicillin 500mg Capsules,25,333,131
2025-01-31,MH-PUNE-PHC-011,AMOXICILLIN_500,Amoxicillin 500mg Capsules,26,307,135
2025-02-01,MH-PUNE-PHC-011,AMOXICILLIN_500,Amoxicillin 500mg Capsules,28,279,142
2025-02-02,MH-PUNE-PHC-011,AMOXICILLIN_500,Amoxicillin 500mg Capsules,22,257,139
2025-02-03,MH-PUNE-PHC-011,AMOXICILLIN_500,Amoxicillin 500mg Capsules,21,236,147
2025-02-04,MH-PUNE-PHC-011,AMOXICILLIN_500,Amoxicillin 500mg Capsules,23,213,143
2025-02-05,MH-PUNE-PHC-011,AMOXICILLIN_500,Amoxicillin 500mg Capsules,28,185,151
2025-02-06,MH-PUNE-PHC-011,AMOXICILLIN_500,Amoxicillin 500mg Capsules,27,158,134
2025-02-07,MH-PUNE-PHC-011,AMOXICILLIN_500,Amoxicillin 500mg Capsules,26,514,140
2025-02-08,MH-PUNE-PHC-011,AMOXICILLIN_500,Amoxicillin 500mg Capsules,21,493,149
2025-02-09,MH-PUNE-PHC-011,AMOXICILLIN_500,Amoxicillin 500mg Capsules,25,468,149
2025-02-10,MH-PUNE-PHC-011,AMOXICILLIN_500,Amoxicillin 500mg Capsules,22,446,144
2025-02-11,MH-PUNE-PHC-011,AMOXICILLIN_500,Amoxicillin 500mg Capsules,22,424,148
2025-02-12,MH-PUNE-PHC-011,AMOXICILLIN_500,Amoxicillin 500mg Capsules,21,403,148
2025-02-13,MH-PUNE-PHC-011,AMOXICILLIN_500,Amoxicillin 500mg Capsules,26,377,147
2025-02-14,MH-PUNE-PHC-011,AMOXICILLIN_500,Amoxicillin 500mg Capsules,27,350,134
2025-02-15,MH-PUNE-PHC-011,AMOXICILLIN_500,Amoxicillin 500mg Capsules,25,325,147
2024-11-18,MH-PUNE-PHC-011,AZITHROMYCIN_500,Azithromycin 500mg Tablets,14,244,145
2024-11-19,MH-PUNE-PHC-011,AZITHROMYCIN_500,Azithromycin 500mg Tablets,15,229,146
2024-11-20,MH-PUNE-PHC-011,AZITHROMYCIN_500,Azithromycin 500mg Tablets,17,212,148
2024-11-21,MH-PUNE-PHC-011,AZITHROMYCIN_500,Azithromycin 500mg Tablets,18,194,138
2024-11-22,MH-PUNE-PHC-011,AZITHROMYCIN_500,Azithromycin 500mg Tablets,15,179,139
2024-11-23,MH-PUNE-PHC-011,AZITHROMYCIN_500,Azithromycin 500mg Tablets,16,163,149
2024-11-24,MH-PUNE-PHC-011,AZITHROMYCIN_500,Azithromycin 500mg Tablets,11,152,146
2024-11-25,MH-PUNE-PHC-011,AZITHROMYCIN_500,Azithromycin 500mg Tablets,16,136,133
2024-11-26,MH-PUNE-PHC-011,AZITHROMYCIN_500,Azithromycin 500mg Tablets,16,120,128
2024-11-27,MH-PUNE-PHC-011,AZITHROMYCIN_500,Azithromycin 500mg Tablets,15,105,142
2024-11-28,MH-PUNE-PHC-011,AZITHROMYCIN_500,Azithromycin 500mg Tablets,13,92,142
2024-11-29,MH-PUNE-PHC-011,AZITHROMYCIN_500,Azithromycin 500mg Tablets,16,261,134
2024-11-30,MH-PUNE-PHC-011,AZITHROMYCIN_500,Azithromycin 500mg Tablets,15,246,142
2024-12-01,MH-PUNE-PHC-011,AZITHROMYCIN_500,Azithromycin 500mg Tablets,14,232,144
2024-12-02,MH-PUNE-PHC-011,AZITHROMYCIN_500,Azithromycin 500mg Tablets,16,216,130
2024-12-03,MH-PUNE-PHC-011,AZITHROMYCIN_500,Azithromycin 500mg Tablets,12,204,148
2024-12-04,MH-PUNE-PHC-011,AZITHROMYCIN_500,Azithromycin 500mg Tablets,16,188,130
2024-12-05,MH-PUNE-PHC-011,AZITHROMYCIN_500,Azithromycin 500mg Tablets,13,175,151
2024-12-06,MH-PUNE-PHC-011,AZITHROMYCIN_500,Azithromycin 500mg Tablets,12,163,143
2024-12-07,MH-PUNE-PHC-011,AZITHROMYCIN_500,Azithromycin 500mg Tablets,12,151,132
2024-12-08,MH-PUNE-PHC-011,AZITHROMYCIN_500,Azithromycin 500mg Tablets,18,133,143
2024-12-09,MH-PUNE-PHC-011,AZITHROMYCIN_500,Azithromycin 500mg Tablets,17,116,151
2024-12-10,MH-PUNE-PHC-011,AZITHROMYCIN_500,Azithromycin 500mg Tablets,12,104,128
2024-12-11,MH-PUNE-PHC-011,AZITHROMYCIN_500,Azithromycin 500mg Tablets,18,86,143
2024-12-12,MH-PUNE-PHC-011,AZITHROMYCIN_500,Azithromycin 500mg Tablets,13,264,150
2024-12-13,MH-PUNE-PHC-011,AZITHROMYCIN_500,Azithromycin 500mg Tablets,14,250,151
2024-12-14,MH-PUNE-PHC-011,AZITHROMYCIN_500,Azithromycin 500mg Tablets,13,237,151
2024-12-15,MH-PUNE-PHC-011,AZITHROMYCIN_500,Azithromycin 500mg Tablets,11,226,141
2024-12-16,MH-PUNE-PHC-011,AZITHROMYCIN_500,Azithromycin 500mg Tablets,14,212,143
2024-12-17,MH-PUNE-PHC-011,AZITHROMYCIN_500,Azithromycin 500mg Tablets,34,178,167
2024-12-18,MH-PUNE-PHC-011,AZITHROMYCIN_500,Azithromycin 500mg Tablets,34,144,153
2024-12-19,MH-PUNE-PHC-011,AZITHROMYCIN_500,Azithromycin 500mg Tablets,34,110,164
2024-12-20,MH-PUNE-PHC-011,AZITHROMYCIN_500,Azithromycin 500mg Tablets,25,85,152
2024-12-21,MH-PUNE-PHC-011,AZITHROMYCIN_500,Azithromycin 500mg Tablets,28,296,149
2024-12-22,MH-PUNE-PHC-011,AZITHROMYCIN_500,Azithromycin 500mg Tablets,21,275,162
2024-12-23,MH-PUNE-PHC-011,AZITHROMYCIN_500,Azithromycin 500mg Tablets,35,240,159
2024-12-24,MH-PUNE-PHC-011,AZITHROMYCIN_500,Azithromycin 500mg Tablets,31,209,150
2024-12-25,MH-PUNE-PHC-011,AZITHROMYCIN_500,Azithromycin 500mg Tablets,36,173,163
2024-12-26,MH-PUNE-PHC-011,AZITHROMYCIN_500,Azithromycin 500mg Tablets,25,148,158
2024-12-27,MH-PUNE-PHC-011,AZITHROMYCIN_500,Azithromycin 500mg Tablets,27,121,153
2024-12-28,MH-PUNE-PHC-011,AZITHROMYCIN_500,Azithromycin 500mg Tablets,34,87,167
2024-12-29,MH-PUNE-PHC-011,AZITHROMYCIN_500,Azithromycin 500mg Tablets,37,288,154
2024-12-30,MH-PUNE-PHC-011,AZITHROMYCIN_500,Azithromycin 500mg Tablets,32,256,157
2024-12-31,MH-PUNE-PHC-011,AZITHROMYCIN_500,Azithromycin 500mg Tablets,32,224,164
2025-01-01,MH-PUNE-PHC-011,AZITHROMYCIN_500,Azithromycin 500mg Tablets,33,191,158
2025-01-02,MH-PUNE-PHC-011,AZITHROMYCIN_500,Azithromycin 500mg Tablets,33,158,144
2025-01-03,MH-PUNE-PHC-011,AZITHROMYCIN_500,Azithromycin 500mg Tablets,32,126,163
2025-01-04,MH-PUNE-PHC-011,AZITHROMYCIN_500,Azithromycin 500mg Tablets,37,89,151
2025-01-05,MH-PUNE-PHC-011,AZITHROMYCIN_500,Azithromycin 500mg Tablets,35,306,156
2025-01-06,MH-PUNE-PHC-011,AZITHROMYCIN_500,Azithromycin 500mg Tablets,33,273,154
2025-01-07,MH-PUNE-PHC-011,AZITHROMYCIN_500,Azithromycin 500mg Tablets,27,246,155
2025-01-08,MH-PUNE-PHC-011,AZITHROMYCIN_500,Azithromycin 500mg Tablets,27,219,164
2025-01-09,MH-PUNE-PHC-011,AZITHROMYCIN_500,Azithromycin 500mg Tablets,34,185,161
2025-01-10,MH-PUNE-PHC-011,AZITHROMYCIN_500,Azithromycin 500mg Tablets,33,152,147
2025-01-11,MH-PUNE-PHC-011,AZITHROMYCIN_500,Azithromycin 500mg Tablets,36,116,149
2025-01-12,MH-PUNE-PHC-011,AZITHROMYCIN_500,Azithromycin 500mg Tablets,17,99,140
2025-01-13,MH-PUNE-PHC-011,AZITHROMYCIN_500,Azithromycin 500mg Tablets,17,82,130
2025-01-14,MH-PUNE-PHC-011,AZITHROMYCIN_500,Azithromycin 500mg Tablets,13,293,136
2025-01-15,MH-PUNE-PHC-011,AZITHROMYCIN_500,Azithromycin 500mg Tablets,11,282,134
2025-01-16,MH-PUNE-PHC-011,AZITHROMYCIN_500,Azithromycin 500mg Tablets,12,270,147
2025-01-17,MH-PUNE-PHC-011,AZITHROMYCIN_500,Azithromycin 500mg Tablets,15,255,145
2025-01-18,MH-PUNE-PHC-011,AZITHROMYCIN_500,Azithromycin 500mg Tablets,15,240,151
2025-01-19,MH-PUNE-PHC-011,AZITHROMYCIN_500,Azithromycin 500mg Tablets,15,225,130
2025-01-20,MH-PUNE-PHC-011,AZITHROMYCIN_500,Azithromycin 500mg Tablets,16,209,140
2025-01-21,MH-PUNE-PHC-011,AZITHROMYCIN_500,Azithromycin 500mg Tablets,14,195,145
2025-01-22,MH-PUNE-PHC-011,AZITHROMYCIN_500,Azithromycin 500mg Tablets,12,183,131
2025-01-23,MH-PUNE-PHC-011,AZITHROMYCIN_500,Azithromycin 500mg Tablets,12,171,137
2025-01-24,MH-PUNE-PHC-011,AZITHROMYCIN_500,Azithromycin 500mg Tablets,12,159,151
2025-01-25,MH-PUNE-PHC-011,AZITHROMYCIN_500,Azithromycin 500mg Tablets,16,143,144
2025-01-26,MH-PUNE-PHC-011,AZITHROMYCIN_500,Azithromycin 500mg Tablets,18,125,130
2025-01-27,MH-PUNE-PHC-011,AZITHROMYCIN_500,Azithromycin 500mg Tablets,12,113,133
2025-01-28,MH-PUNE-PHC-011,AZITHROMYCIN_500,Azithromycin 500mg Tablets,16,97,143
2025-01-29,MH-PUNE-PHC-011,AZITHROMYCIN_500,Azithromycin 500mg Tablets,18,79,152
2025-01-30,MH-PUNE-PHC-011,AZITHROMYCIN_500,Azithromycin 500mg Tablets,18,310,132
2025-01-31,MH-PUNE-PHC-011,AZITHROMYCIN_500,Azithromycin 500mg Tablets,17,293,137
2025-02-01,MH-PUNE-PHC-011,AZITHROMYCIN_500,Azithromycin 500mg Tablets,17,276,129
2025-02-02,MH-PUNE-PHC-011,AZITHROMYCIN_500,Azithromycin 500mg Tablets,17,259,136
2025-02-03,MH-PUNE-PHC-011,AZITHROMYCIN_500,Azithromycin 500mg Tablets,15,244,152
2025-02-04,MH-PUNE-PHC-011,AZITHROMYCIN_500,Azithromycin 500mg Tablets,16,228,140
2025-02-05,MH-PUNE-PHC-011,AZITHROMYCIN_500,Azithromycin 500mg Tablets,18,210,134
2025-02-06,MH-PUNE-PHC-011,AZITHROMYCIN_500,Azithromycin 500mg Tablets,14,196,141
2025-02-07,MH-PUNE-PHC-011,AZITHROMYCIN_500,Azithromycin 500mg Tablets,14,182,150
2025-02-08,MH-PUNE-PHC-011,AZITHROMYCIN_500,Azithromycin 500mg Tablets,16,166,137
2025-02-09,MH-PUNE-PHC-011,AZITHROMYCIN_500,Azithromycin 500mg Tablets,14,152,151
2025-02-10,MH-PUNE-PHC-011,AZITHROMYCIN_500,Azithromycin 500mg Tablets,13,139,132
2025-02-11,MH-PUNE-PHC-011,AZITHROMYCIN_500,Azithromycin 500mg Tablets,11,128,128
2025-02-12,MH-PUNE-PHC-011,AZITHROMYCIN_500,Azithromycin 500mg Tablets,12,116,139
2025-02-13,MH-PUNE-PHC-011,AZITHROMYCIN_500,Azithromycin 500mg Tablets,11,105,144
2025-02-14,MH-PUNE-PHC-011,AZITHROMYCIN_500,Azithromycin 500mg Tablets,13,92,143
2025-02-15,MH-PUNE-PHC-011,AZITHROMYCIN_500,Azithromycin 500mg Tablets,16,76,135
2024-11-18,MH-PUNE-PHC-011,METFORMIN_500,Metformin 500mg Tablets,25,498,148
2024-11-19,MH-PUNE-PHC-011,METFORMIN_500,Metformin 500mg Tablets,22,476,138
2024-11-20,MH-PUNE-PHC-011,METFORMIN_500,Metformin 500mg Tablets,22,454,130
2024-11-21,MH-PUNE-PHC-011,METFORMIN_500,Metformin 500mg Tablets,23,431,150
2024-11-22,MH-PUNE-PHC-011,METFORMIN_500,Metformin 500mg Tablets,22,409,128
2024-11-23,MH-PUNE-PHC-011,METFORMIN_500,Metformin 500mg Tablets,19,390,129
2024-11-24,MH-PUNE-PHC-011,METFORMIN_500,Metformin 500mg Tablets,24,366,143
2024-11-25,MH-PUNE-PHC-011,METFORMIN_500,Metformin 500mg Tablets,23,343,147
2024-11-26,MH-PUNE-PHC-011,METFORMIN_500,Metformin 500mg Tablets,23,320,130
2024-11-27,MH-PUNE-PHC-011,METFORMIN_500,Metformin 500mg Tablets,24,296,147
2024-11-28,MH-PUNE-PHC-011,METFORMIN_500,Metformin 500mg Tablets,23,273,141
2024-11-29,MH-PUNE-PHC-011,METFORMIN_500,Metformin 500mg Tablets,18,255,151
2024-11-30,MH-PUNE-PHC-011,METFORMIN_500,Metformin 500mg Tablets,18,237,146
2024-12-01,MH-PUNE-PHC-011,METFORMIN_500,Metformin 500mg Tablets,19,218,144
2024-12-02,MH-PUNE-PHC-011,METFORMIN_500,Metformin 500mg Tablets,21,197,149
2024-12-03,MH-PUNE-PHC-011,METFORMIN_500,Metformin 500mg Tablets,25,172,128
2024-12-04,MH-PUNE-PHC-011,METFORMIN_500,Metformin 500mg Tablets,22,150,137
2024-12-05,MH-PUNE-PHC-011,METFORMIN_500,Metformin 500mg Tablets,23,127,133
2024-12-06,MH-PUNE-PHC-011,METFORMIN_500,Metformin 500mg Tablets,25,411,135
2024-12-07,MH-PUNE-PHC-011,METFORMIN_500,Metformin 500mg Tablets,24,387,146
2024-12-08,MH-PUNE-PHC-011,METFORMIN_500,Metformin 500mg Tablets,22,365,129
2024-12-09,MH-PUNE-PHC-011,METFORMIN_500,Metformin 500mg Tablets,22,343,129
2024-12-10,MH-PUNE-PHC-011,METFORMIN_500,Metformin 500mg Tablets,22,321,131
2024-12-11,MH-PUNE-PHC-011,METFORMIN_500,Metformin 500mg Tablets,23,298,142
2024-12-12,MH-PUNE-PHC-011,METFORMIN_500,Metformin 500mg Tablets,23,275,130
2024-12-13,MH-PUNE-PHC-011,METFORMIN_500,Metformin 500mg Tablets,21,254,149
2024-12-14,MH-PUNE-PHC-011,METFORMIN_500,Metformin 500mg Tablets,21,233,139
2024-12-15,MH-PUNE-PHC-011,METFORMIN_500,Metformin 500mg Tablets,23,210,151
2024-12-16,MH-PUNE-PHC-011,METFORMIN_500,Metformin 500mg Tablets,25,185,144
2024-12-17,MH-PUNE-PHC-011,METFORMIN_500,Metformin 500mg Tablets,21,164,129
2024-12-18,MH-PUNE-PHC-011,METFORMIN_500,Metformin 500mg Tablets,20,144,133
2024-12-19,MH-PUNE-PHC-011,METFORMIN_500,Metformin 500mg Tablets,21,123,128
2024-12-20,MH-PUNE-PHC-011,METFORMIN_500,Metformin 500mg Tablets,18,360,136
2024-12-21,MH-PUNE-PHC-011,METFORMIN_500,Metformin 500mg Tablets,19,341,132
2024-12-22,MH-PUNE-PHC-011,METFORMIN_500,Metformin 500mg Tablets,25,316,135
2024-12-23,MH-PUNE-PHC-011,METFORMIN_500,Metformin 500mg Tablets,21,295,151
2024-12-24,MH-PUNE-PHC-011,METFORMIN_500,Metformin 500mg Tablets,18,277,132
2024-12-25,MH-PUNE-PHC-011,METFORMIN_500,Metformin 500mg Tablets,22,255,138
2024-12-26,MH-PUNE-PHC-011,METFORMIN_500,Metformin 500mg Tablets,24,231,151
2024-12-27,MH-PUNE-PHC-011,METFORMIN_500,Metformin 500mg Tablets,24,207,149
2024-12-28,MH-PUNE-PHC-011,METFORMIN_500,Metformin 500mg Tablets,23,184,138
2024-12-29,MH-PUNE-PHC-011,METFORMIN_500,Metformin 500mg Tablets,23,161,134
2024-12-30,MH-PUNE-PHC-011,METFORMIN_500,Metformin 500mg Tablets,25,136,144
2024-12-31,MH-PUNE-PHC-011,METFORMIN_500,Metformin 500mg Tablets,25,412,150
2025-01-01,MH-PUNE-PHC-011,METFORMIN_500,Metformin 500mg Tablets,25,387,141
2025-01-02,MH-PUNE-PHC-011,METFORMIN_500,Metformin 500mg Tablets,23,364,142
2025-01-03,MH-PUNE-PHC-011,METFORMIN_500,Metformin 500mg Tablets,18,346,150
2025-01-04,MH-PUNE-PHC-011,METFORMIN_500,Metformin 500mg Tablets,24,322,139
2025-01-05,MH-PUNE-PHC-011,METFORMIN_500,Metformin 500mg Tablets,18,304,142
2025-01-06,MH-PUNE-PHC-011,METFORMIN_500,Metformin 500mg Tablets,20,284,140
2025-01-07,MH-PUNE-PHC-011,METFORMIN_500,Metformin 500mg Tablets,23,261,133
2025-01-08,MH-PUNE-PHC-011,METFORMIN_500,Metformin 500mg Tablets,22,239,129
2025-01-09,MH-PUNE-PHC-011,METFORMIN_500,Metformin 500mg Tablets,25,214,138
2025-01-10,MH-PUNE-PHC-011,METFORMIN_500,Metformin 500mg Tablets,23,191,145
2025-01-11,MH-PUNE-PHC-011,METFORMIN_500,Metformin 500mg Tablets,24,167,151
2025-01-12,MH-PUNE-PHC-011,METFORMIN_500,Metformin 500mg Tablets,19,148,152
2025-01-13,MH-PUNE-PHC-011,METFORMIN_500,Metformin 500mg Tablets,23,125,146
2025-01-14,MH-PUNE-PHC-011,METFORMIN_500,Metformin 500mg Tablets,18,405,147
2025-01-15,MH-PUNE-PHC-011,METFORMIN_500,Metformin 500mg Tablets,25,380,142
2025-01-16,MH-PUNE-PHC-011,METFORMIN_500,Metformin 500mg Tablets,23,357,148
2025-01-17,MH-PUNE-PHC-011,METFORMIN_500,Metformin 500mg Tablets,18,339,131
2025-01-18,MH-PUNE-PHC-011,METFORMIN_500,Metformin 500mg Tablets,19,320,151
2025-01-19,MH-PUNE-PHC-011,METFORMIN_500,Metformin 500mg Tablets,21,299,140
2025-01-20,MH-PUNE-PHC-011,METFORMIN_500,Metformin 500mg Tablets,22,277,131
2025-01-21,MH-PUNE-PHC-011,METFORMIN_500,Metformin 500mg Tablets,18,259,140
2025-01-22,MH-PUNE-PHC-011,METFORMIN_500,Metformin 500mg Tablets,25,234,132
2025-01-23,MH-PUNE-PHC-011,METFORMIN_500,Metformin 500mg Tablets,19,215,142
2025-01-24,MH-PUNE-PHC-011,METFORMIN_500,Metformin 500mg Tablets,23,192,136
2025-01-25,MH-PUNE-PHC-011,METFORMIN_500,Metformin 500mg Tablets,22,170,147
2025-01-26,MH-PUNE-PHC-011,METFORMIN_500,Metformin 500mg Tablets,24,146,136
2025-01-27,MH-PUNE-PHC-011,METFORMIN_500,Metformin 500mg Tablets,24,122,151
2025-01-28,MH-PUNE-PHC-011,METFORMIN_500,Metformin 500mg Tablets,25,413,129
2025-01-29,MH-PUNE-PHC-011,METFORMIN_500,Metformin 500mg Tablets,25,388,140
2025-01-30,MH-PUNE-PHC-011,METFORMIN_500,Metformin 500mg Tablets,18,370,135
2025-01-31,MH-PUNE-PHC-011,METFORMIN_500,Metformin 500mg Tablets,22,348,152
2025-02-01,MH-PUNE-PHC-011,METFORMIN_500,Metformin 500mg Tablets,25,323,144
2025-02-02,MH-PUNE-PHC-011,METFORMIN_500,Metformin 500mg Tablets,19,304,130
2025-02-03,MH-PUNE-PHC-011,METFORMIN_500,Metformin 500mg Tablets,22,282,151
2025-02-04,MH-PUNE-PHC-011,METFORMIN_500,Metformin 500mg Tablets,24,258,128
2025-02-05,MH-PUNE-PHC-011,METFORMIN_500,Metformin 500mg Tablets,23,235,129
2025-02-06,MH-PUNE-PHC-011,METFORMIN_500,Metformin 500mg Tablets,18,217,138
2025-02-07,MH-PUNE-PHC-011,METFORMIN_500,Metformin 500mg Tablets,18,199,131
2025-02-08,MH-PUNE-PHC-011,METFORMIN_500,Metformin 500mg Tablets,21,178,140
2025-02-09,MH-PUNE-PHC-011,METFORMIN_500,Metformin 500mg Tablets,19,159,130
2025-02-10,MH-PUNE-PHC-011,METFORMIN_500,Metformin 500mg Tablets,20,139,138
2025-02-11,MH-PUNE-PHC-011,METFORMIN_500,Metformin 500mg Tablets,24,115,147
2025-02-12,MH-PUNE-PHC-011,METFORMIN_500,Metformin 500mg Tablets,22,93,135
2025-02-13,MH-PUNE-PHC-011,METFORMIN_500,Metformin 500mg Tablets,22,71,139
2025-02-14,MH-PUNE-PHC-011,METFORMIN_500,Metformin 500mg Tablets,23,48,152
2025-02-15,MH-PUNE-PHC-011,METFORMIN_500,Metformin 500mg Tablets,24,24,130
2024-11-18,MH-PUNE-PHC-011,INSULIN_REGULAR,Insulin Regular (100IU/ml),2,119,143
2024-11-19,MH-PUNE-PHC-011,INSULIN_REGULAR,Insulin Regular (100IU/ml),5,114,145
2024-11-20,MH-PUNE-PHC-011,INSULIN_REGULAR,Insulin Regular (100IU/ml),2,112,151
2024-11-21,MH-PUNE-PHC-011,INSULIN_REGULAR,Insulin Regular (100IU/ml),7,105,151
2024-11-22,MH-PUNE-PHC-011,INSULIN_REGULAR,Insulin Regular (100IU/ml),7,98,140
2024-11-23,MH-PUNE-PHC-011,INSULIN_REGULAR,Insulin Regular (100IU/ml),3,95,150
2024-11-24,MH-PUNE-PHC-011,INSULIN_REGULAR,Insulin Regular (100IU/ml),2,93,148
2024-11-25,MH-PUNE-PHC-011,INSULIN_REGULAR,Insulin Regular (100IU/ml),1,92,134
2024-11-26,MH-PUNE-PHC-011,INSULIN_REGULAR,Insulin Regular (100IU/ml),6,86,140
2024-11-27,MH-PUNE-PHC-011,INSULIN_REGULAR,Insulin Regular (100IU/ml),6,80,128
2024-11-28,MH-PUNE-PHC-011,INSULIN_REGULAR,Insulin Regular (100IU/ml),7,73,135
2024-11-29,MH-PUNE-PHC-011,INSULIN_REGULAR,Insulin Regular (100IU/ml),8,65,149
2024-11-30,MH-PUNE-PHC-011,INSULIN_REGULAR,Insulin Regular (100IU/ml),7,58,130
2024-12-01,MH-PUNE-PHC-011,INSULIN_REGULAR,Insulin Regular (100IU/ml),1,57,129
2024-12-02,MH-PUNE-PHC-011,INSULIN_REGULAR,Insulin Regular (100IU/ml),5,52,130
2024-12-03,MH-PUNE-PHC-011,INSULIN_REGULAR,Insulin Regular (100IU/ml),8,44,141
2024-12-04,MH-PUNE-PHC-011,INSULIN_REGULAR,Insulin Regular (100IU/ml),3,41,148
2024-12-05,MH-PUNE-PHC-011,INSULIN_REGULAR,Insulin Regular (100IU/ml),1,40,144
2024-12-06,MH-PUNE-PHC-011,INSULIN_REGULAR,Insulin Regular (100IU/ml),8,32,147
2024-12-07,MH-PUNE-PHC-011,INSULIN_REGULAR,Insulin Regular (100IU/ml),4,169,152
2024-12-08,MH-PUNE-PHC-011,INSULIN_REGULAR,Insulin Regular (100IU/ml),3,166,151
2024-12-09,MH-PUNE-PHC-011,INSULIN_REGULAR,Insulin Regular (100IU/ml),3,163,150
2024-12-10,MH-PUNE-PHC-011,INSULIN_REGULAR,Insulin Regular (100IU/ml),7,156,148
2024-12-11,MH-PUNE-PHC-011,INSULIN_REGULAR,Insulin Regular (100IU/ml),6,150,151
2024-12-12,MH-PUNE-PHC-011,INSULIN_REGULAR,Insulin Regular (100IU/ml),5,145,128
2024-12-13,MH-PUNE-PHC-011,INSULIN_REGULAR,Insulin Regular (100IU/ml),6,139,140
2024-12-14,MH-PUNE-PHC-011,INSULIN_REGULAR,Insulin Regular (100IU/ml),6,133,133
2024-12-15,MH-PUNE-PHC-011,INSULIN_REGULAR,Insulin Regular (100IU/ml),1,132,147
2024-12-16,MH-PUNE-PHC-011,INSULIN_REGULAR,Insulin Regular (100IU/ml),4,128,147
2024-12-17,MH-PUNE-PHC-011,INSULIN_REGULAR,Insulin Regular (100IU/ml),7,121,134
2024-12-18,MH-PUNE-PHC-011,INSULIN_REGULAR,Insulin Regular (100IU/ml),7,114,144
2024-12-19,MH-PUNE-PHC-011,INSULIN_REGULAR,Insulin Regular (100IU/ml),4,110,143
2024-12-20,MH-PUNE-PHC-011,INSULIN_REGULAR,Insulin Regular (100IU/ml),3,107,146
2024-12-21,MH-PUNE-PHC-011,INSULIN_REGULAR,Insulin Regular (100IU/ml),4,103,144
2024-12-22,MH-PUNE-PHC-011,INSULIN_REGULAR,Insulin Regular (100IU/ml),1,102,134
2024-12-23,MH-PUNE-PHC-011,INSULIN_REGULAR,Insulin Regular (100IU/ml),1,101,142
2024-12-24,MH-PUNE-PHC-011,INSULIN_REGULAR,Insulin Regular (100IU/ml),7,94,132
2024-12-25,MH-PUNE-PHC-011,INSULIN_REGULAR,Insulin Regular (100IU/ml),1,93,151
2024-12-26,MH-PUNE-PHC-011,INSULIN_REGULAR,Insulin Regular (100IU/ml),7,86,152
2024-12-27,MH-PUNE-PHC-011,INSULIN_REGULAR,Insulin Regular (100IU/ml),1,85,139
2024-12-28,MH-PUNE-PHC-011,INSULIN_REGULAR,Insulin Regular (100IU/ml),1,84,134
2024-12-29,MH-PUNE-PHC-011,INSULIN_REGULAR,Insulin Regular (100IU/ml),8,76,149
2024-12-30,MH-PUNE-PHC-011,INSULIN_REGULAR,Insulin Regular (100IU/ml),5,71,140
2024-12-31,MH-PUNE-PHC-011,INSULIN_REGULAR,Insulin Regular (100IU/ml),7,64,131
2025-01-01,MH-PUNE-PHC-011,INSULIN_REGULAR,Insulin Regular (100IU/ml),6,58,144
2025-01-02,MH-PUNE-PHC-011,INSULIN_REGULAR,Insulin Regular (100IU/ml),4,54,135
2025-01-03,MH-PUNE-PHC-011,INSULIN_REGULAR,Insulin Regular (100IU/ml),1,53,145
2025-01-04,MH-PUNE-PHC-011,INSULIN_REGULAR,Insulin Regular (100IU/ml),3,50,152
2025-01-05,MH-PUNE-PHC-011,INSULIN_REGULAR,Insulin Regular (100IU/ml),3,47,130
2025-01-06,MH-PUNE-PHC-011,INSULIN_REGULAR,Insulin Regular (100IU/ml),7,40,152
2025-01-07,MH-PUNE-PHC-011,INSULIN_REGULAR,Insulin Regular (100IU/ml),7,33,148
2025-01-08,MH-PUNE-PHC-011,INSULIN_REGULAR,Insulin Regular (100IU/ml),1,185,131
2025-01-09,MH-PUNE-PHC-011,INSULIN_REGULAR,Insulin Regular (100IU/ml),7,178,150
2025-01-10,MH-PUNE-PHC-011,INSULIN_REGULAR,Insulin Regular (100IU/ml),5,173,138
2025-01-11,MH-PUNE-PHC-011,INSULIN_REGULAR,Insulin Regular (100IU/ml),5,168,147
2025-01-12,MH-PUNE-PHC-011,INSULIN_REGULAR,Insulin Regular (100IU/ml),6,162,146
2025-01-13,MH-PUNE-PHC-011,INSULIN_REGULAR,Insulin Regular (100IU/ml),8,154,149
2025-01-14,MH-PUNE-PHC-011,INSULIN_REGULAR,Insulin Regular (100IU/ml),3,151,146
2025-01-15,MH-PUNE-PHC-011,INSULIN_REGULAR,Insulin Regular (100IU/ml),7,144,145
2025-01-16,MH-PUNE-PHC-011,INSULIN_REGULAR,Insulin Regular (100IU/ml),5,139,131
2025-01-17,MH-PUNE-PHC-011,INSULIN_REGULAR,Insulin Regular (100IU/ml),6,133,143
2025-01-18,MH-PUNE-PHC-011,INSULIN_REGULAR,Insulin Regular (100IU/ml),4,129,151
2025-01-19,MH-PUNE-PHC-011,INSULIN_REGULAR,Insulin Regular (100IU/ml),4,125,131
2025-01-20,MH-PUNE-PHC-011,INSULIN_REGULAR,Insulin Regular (100IU/ml),3,122,152
2025-01-21,MH-PUNE-PHC-011,INSULIN_REGULAR,Insulin Regular (100IU/ml),4,118,128
2025-01-22,MH-PUNE-PHC-011,INSULIN_REGULAR,Insulin Regular (100IU/ml),8,110,150
2025-01-23,MH-PUNE-PHC-011,INSULIN_REGULAR,Insulin Regular (100IU/ml),1,109,134
2025-01-24,MH-PUNE-PHC-011,INSULIN_REGULAR,Insulin Regular (100IU/ml),3,106,138
2025-01-25,MH-PUNE-PHC-011,INSULIN_REGULAR,Insulin Regular (100IU/ml),7,99,141
2025-01-26,MH-PUNE-PHC-011,INSULIN_REGULAR,Insulin Regular (100IU/ml),6,93,135
2025-01-27,MH-PUNE-PHC-011,INSULIN_REGULAR,Insulin Regular (100IU/ml),7,86,149
2025-01-28,MH-PUNE-PHC-011,INSULIN_REGULAR,Insulin Regular (100IU/ml),3,83,128
2025-01-29,MH-PUNE-PHC-011,INSULIN_REGULAR,Insulin Regular (100IU/ml),8,75,152
2025-01-30,MH-PUNE-PHC-011,INSULIN_REGULAR,Insulin Regular (100IU/ml),4,71,139
2025-01-31,MH-PUNE-PHC-011,INSULIN_REGULAR,Insulin Regular (100IU/ml),2,69,135
2025-02-01,MH-PUNE-PHC-011,INSULIN_REGULAR,Insulin Regular (100IU/ml),2,67,132
2025-02-02,MH-PUNE-PHC-011,INSULIN_REGULAR,Insulin Regular (100IU/ml),3,64,128
2025-02-03,MH-PUNE-PHC-011,INSULIN_REGULAR,Insulin Regular (100IU/ml),4,60,149
2025-02-04,MH-PUNE-PHC-011,INSULIN_REGULAR,Insulin Regular (100IU/ml),6,54,139
2025-02-05,MH-PUNE-PHC-011,INSULIN_REGULAR,Insulin Regular (100IU/ml),3,51,134
2025-02-06,MH-PUNE-PHC-011,INSULIN_REGULAR,Insulin Regular (100IU/ml),5,46,135
2025-02-07,MH-PUNE-PHC-011,INSULIN_REGULAR,Insulin Regular (100IU/ml),2,44,140
2025-02-08,MH-PUNE-PHC-011,INSULIN_REGULAR,Insulin Regular (100IU/ml),3,41,131
2025-02-09,MH-PUNE-PHC-011,INSULIN_REGULAR,Insulin Regular (100IU/ml),8,33,131
2025-02-10,MH-PUNE-PHC-011,INSULIN_REGULAR,Insulin Regular (100IU/ml),2,31,145
2025-02-11,MH-PUNE-PHC-011,INSULIN_REGULAR,Insulin Regular (100IU/ml),5,26,136
2025-02-12,MH-PUNE-PHC-011,INSULIN_REGULAR,Insulin Regular (100IU/ml),4,22,131
2025-02-13,MH-PUNE-PHC-011,INSULIN_REGULAR,Insulin Regular (100IU/ml),3,19,151
2025-02-14,MH-PUNE-PHC-011,INSULIN_REGULAR,Insulin Regular (100IU/ml),4,15,150
2025-02-15,MH-PUNE-PHC-011,INSULIN_REGULAR,Insulin Regular (100IU/ml),6,10,136
2024-11-18,MH-PUNE-PHC-011,RABIES_VACCINE,Anti-Rabies Vaccine (ARV),5,98,143
2024-11-19,MH-PUNE-PHC-011,RABIES_VACCINE,Anti-Rabies Vaccine (ARV),6,92,151
2024-11-20,MH-PUNE-PHC-011,RABIES_VACCINE,Anti-Rabies Vaccine (ARV),7,85,134
2024-11-21,MH-PUNE-PHC-011,RABIES_VACCINE,Anti-Rabies Vaccine (ARV),6,79,145
2024-11-22,MH-PUNE-PHC-011,RABIES_VACCINE,Anti-Rabies Vaccine (ARV),1,78,144
2024-11-23,MH-PUNE-PHC-011,RABIES_VACCINE,Anti-Rabies Vaccine (ARV),1,77,132
2024-11-24,MH-PUNE-PHC-011,RABIES_VACCINE,Anti-Rabies Vaccine (ARV),6,71,132
2024-11-25,MH-PUNE-PHC-011,RABIES_VACCINE,Anti-Rabies Vaccine (ARV),1,70,138
2024-11-26,MH-PUNE-PHC-011,RABIES_VACCINE,Anti-Rabies Vaccine (ARV),2,68,147
2024-11-27,MH-PUNE-PHC-011,RABIES_VACCINE,Anti-Rabies Vaccine (ARV),2,66,138
2024-11-28,MH-PUNE-PHC-011,RABIES_VACCINE,Anti-Rabies Vaccine (ARV),3,63,147
2024-11-29,MH-PUNE-PHC-011,RABIES_VACCINE,Anti-Rabies Vaccine (ARV),1,62,149
2024-11-30,MH-PUNE-PHC-011,RABIES_VACCINE,Anti-Rabies Vaccine (ARV),7,55,136
2024-12-01,MH-PUNE-PHC-011,RABIES_VACCINE,Anti-Rabies Vaccine (ARV),4,51,147
2024-12-02,MH-PUNE-PHC-011,RABIES_VACCINE,Anti-Rabies Vaccine (ARV),7,44,152
2024-12-03,MH-PUNE-PHC-011,RABIES_VACCINE,Anti-Rabies Vaccine (ARV),5,39,146
2024-12-04,MH-PUNE-PHC-011,RABIES_VACCINE,Anti-Rabies Vaccine (ARV),6,33,137
2024-12-05,MH-PUNE-PHC-011,RABIES_VACCINE,Anti-Rabies Vaccine (ARV),4,29,128
2024-12-06,MH-PUNE-PHC-011,RABIES_VACCINE,Anti-Rabies Vaccine (ARV),6,138,135
2024-12-07,MH-PUNE-PHC-011,RABIES_VACCINE,Anti-Rabies Vaccine (ARV),2,136,145
2024-12-08,MH-PUNE-PHC-011,RABIES_VACCINE,Anti-Rabies Vaccine (ARV),4,132,149
2024-12-09,MH-PUNE-PHC-011,RABIES_VACCINE,Anti-Rabies Vaccine (ARV),1,131,131
2024-12-10,MH-PUNE-PHC-011,RABIES_VACCINE,Anti-Rabies Vaccine (ARV),1,130,133
2024-12-11,MH-PUNE-PHC-011,RABIES_VACCINE,Anti-Rabies Vaccine (ARV),6,124,137
2024-12-12,MH-PUNE-PHC-011,RABIES_VACCINE,Anti-Rabies Vaccine (ARV),6,118,134
2024-12-13,MH-PUNE-PHC-011,RABIES_VACCINE,Anti-Rabies Vaccine (ARV),4,114,133
2024-12-14,MH-PUNE-PHC-011,RABIES_VACCINE,Anti-Rabies Vaccine (ARV),5,109,139
2024-12-15,MH-PUNE-PHC-011,RABIES_VACCINE,Anti-Rabies Vaccine (ARV),5,104,144
2024-12-16,MH-PUNE-PHC-011,RABIES_VACCINE,Anti-Rabies Vaccine (ARV),4,100,149
2024-12-17,MH-PUNE-PHC-011,RABIES_VACCINE,Anti-Rabies Vaccine (ARV),4,96,144
2024-12-18,MH-PUNE-PHC-011,RABIES_VACCINE,Anti-Rabies Vaccine (ARV),6,90,152
2024-12-19,MH-PUNE-PHC-011,RABIES_VACCINE,Anti-Rabies Vaccine (ARV),1,89,128
2024-12-20,MH-PUNE-PHC-011,RABIES_VACCINE,Anti-Rabies Vaccine (ARV),1,88,152
2024-12-21,MH-PUNE-PHC-011,RABIES_VACCINE,Anti-Rabies Vaccine (ARV),4,84,138
2024-12-22,MH-PUNE-PHC-011,RABIES_VACCINE,Anti-Rabies Vaccine (ARV),7,77,134
2024-12-23,MH-PUNE-PHC-011,RABIES_VACCINE,Anti-Rabies Vaccine (ARV),3,74,151
2024-12-24,MH-PUNE-PHC-011,RABIES_VACCINE,Anti-Rabies Vaccine (ARV),2,72,139
2024-12-25,MH-PUNE-PHC-011,RABIES_VACCINE,Anti-Rabies Vaccine (ARV),6,66,129
2024-12-26,MH-PUNE-PHC-011,RABIES_VACCINE,Anti-Rabies Vaccine (ARV),2,64,136
2024-12-27,MH-PUNE-PHC-011,RABIES_VACCINE,Anti-Rabies Vaccine (ARV),3,61,128
2024-12-28,MH-PUNE-PHC-011,RABIES_VACCINE,Anti-Rabies Vaccine (ARV),2,59,130
2024-12-29,MH-PUNE-PHC-011,RABIES_VACCINE,Anti-Rabies Vaccine (ARV),4,55,131
2024-12-30,MH-PUNE-PHC-011,RABIES_VACCINE,Anti-Rabies Vaccine (ARV),1,54,147
2024-12-31,MH-PUNE-PHC-011,RABIES_VACCINE,Anti-Rabies Vaccine (ARV),3,51,136
2025-01-01,MH-PUNE-PHC-011,RABIES_VACCINE,Anti-Rabies Vaccine (ARV),1,50,148
2025-01-02,MH-PUNE-PHC-011,RABIES_VACCINE,Anti-Rabies Vaccine (ARV),1,49,129
2025-01-03,MH-PUNE-PHC-011,RABIES_VACCINE,Anti-Rabies Vaccine (ARV),6,43,131
2025-01-04,MH-PUNE-PHC-011,RABIES_VACCINE,Anti-Rabies Vaccine (ARV),7,36,128
2025-01-05,MH-PUNE-PHC-011,RABIES_VACCINE,Anti-Rabies Vaccine (ARV),2,34,131
2025-01-06,MH-PUNE-PHC-011,RABIES_VACCINE,Anti-Rabies Vaccine (ARV),5,29,146
2025-01-07,MH-PUNE-PHC-011,RABIES_VACCINE,Anti-Rabies Vaccine (ARV),1,112,128
2025-01-08,MH-PUNE-PHC-011,RABIES_VACCINE,Anti-Rabies Vaccine (ARV),7,105,132
2025-01-09,MH-PUNE-PHC-011,RABIES_VACCINE,Anti-Rabies Vaccine (ARV),1,104,145
2025-01-10,MH-PUNE-PHC-011,RABIES_VACCINE,Anti-Rabies Vaccine (ARV),7,97,139
2025-01-11,MH-PUNE-PHC-011,RABIES_VACCINE,Anti-Rabies Vaccine (ARV),1,96,146
2025-01-12,MH-PUNE-PHC-011,RABIES_VACCINE,Anti-Rabies Vaccine (ARV),1,95,132
2025-01-13,MH-PUNE-PHC-011,RABIES_VACCINE,Anti-Rabies Vaccine (ARV),2,93,137
2025-01-14,MH-PUNE-PHC-011,RABIES_VACCINE,Anti-Rabies Vaccine (ARV),5,88,135
2025-01-15,MH-PUNE-PHC-011,RABIES_VACCINE,Anti-Rabies Vaccine (ARV),3,85,150
2025-01-16,MH-PUNE-PHC-011,RABIES_VACCINE,Anti-Rabies Vaccine (ARV),2,83,151
2025-01-17,MH-PUNE-PHC-011,RABIES_VACCINE,Anti-Rabies Vaccine (ARV),4,79,138
2025-01-18,MH-PUNE-PHC-011,RABIES_VACCINE,Anti-Rabies Vaccine (ARV),1,78,145
2025-01-19,MH-PUNE-PHC-011,RABIES_VACCINE,Anti-Rabies Vaccine (ARV),2,76,130
2025-01-20,MH-PUNE-PHC-011,RABIES_VACCINE,Anti-Rabies Vaccine (ARV),1,75,151
2025-01-21,MH-PUNE-PHC-011,RABIES_VACCINE,Anti-Rabies Vaccine (ARV),3,72,152
2025-01-22,MH-PUNE-PHC-011,RABIES_VACCINE,Anti-Rabies Vaccine (ARV),6,66,147
2025-01-23,MH-PUNE-PHC-011,RABIES_VACCINE,Anti-Rabies Vaccine (ARV),4,62,130
2025-01-24,MH-PUNE-PHC-011,RABIES_VACCINE,Anti-Rabies Vaccine (ARV),6,56,135
2025-01-25,MH-PUNE-PHC-011,RABIES_VACCINE,Anti-Rabies Vaccine (ARV),6,50,128
2025-01-26,MH-PUNE-PHC-011,RABIES_VACCINE,Anti-Rabies Vaccine (ARV),6,44,148
2025-01-27,MH-PUNE-PHC-011,RABIES_VACCINE,Anti-Rabies Vaccine (ARV),2,42,132
2025-01-28,MH-PUNE-PHC-011,RABIES_VACCINE,Anti-Rabies Vaccine (ARV),4,38,152
2025-01-29,MH-PUNE-PHC-011,RABIES_VACCINE,Anti-Rabies Vaccine (ARV),4,34,142
2025-01-30,MH-PUNE-PHC-011,RABIES_VACCINE,Anti-Rabies Vaccine (ARV),2,32,151
2025-01-31,MH-PUNE-PHC-011,RABIES_VACCINE,Anti-Rabies Vaccine (ARV),2,30,146
2025-02-01,MH-PUNE-PHC-011,RABIES_VACCINE,Anti-Rabies Vaccine (ARV),4,26,145
2025-02-02,MH-PUNE-PHC-011,RABIES_VACCINE,Anti-Rabies Vaccine (ARV),3,77,138
2025-02-03,MH-PUNE-PHC-011,RABIES_VACCINE,Anti-Rabies Vaccine (ARV),2,75,136
2025-02-04,MH-PUNE-PHC-011,RABIES_VACCINE,Anti-Rabies Vaccine (ARV),4,71,134
2025-02-05,MH-PUNE-PHC-011,RABIES_VACCINE,Anti-Rabies Vaccine (ARV),1,70,146
2025-02-06,MH-PUNE-PHC-011,RABIES_VACCINE,Anti-Rabies Vaccine (ARV),4,66,139
2025-02-07,MH-PUNE-PHC-011,RABIES_VACCINE,Anti-Rabies Vaccine (ARV),6,60,137
2025-02-08,MH-PUNE-PHC-011,RABIES_VACCINE,Anti-Rabies Vaccine (ARV),1,59,144
2025-02-09,MH-PUNE-PHC-011,RABIES_VACCINE,Anti-Rabies Vaccine (ARV),3,56,148
2025-02-10,MH-PUNE-PHC-011,RABIES_VACCINE,Anti-Rabies Vaccine (ARV),2,54,152
2025-02-11,MH-PUNE-PHC-011,RABIES_VACCINE,Anti-Rabies Vaccine (ARV),2,52,144
2025-02-12,MH-PUNE-PHC-011,RABIES_VACCINE,Anti-Rabies Vaccine (ARV),6,46,148
2025-02-13,MH-PUNE-PHC-011,RABIES_VACCINE,Anti-Rabies Vaccine (ARV),4,42,144
2025-02-14,MH-PUNE-PHC-011,RABIES_VACCINE,Anti-Rabies Vaccine (ARV),5,37,144
2025-02-15,MH-PUNE-PHC-011,RABIES_VACCINE,Anti-Rabies Vaccine (ARV),3,34,133
2024-11-18,MH-PUNE-PHC-011,OXYGEN_CYLINDER,Medical Oxygen D-Type,1,108,137
2024-11-19,MH-PUNE-PHC-011,OXYGEN_CYLINDER,Medical Oxygen D-Type,1,107,152
2024-11-20,MH-PUNE-PHC-011,OXYGEN_CYLINDER,Medical Oxygen D-Type,3,104,152
2024-11-21,MH-PUNE-PHC-011,OXYGEN_CYLINDER,Medical Oxygen D-Type,5,99,138
2024-11-22,MH-PUNE-PHC-011,OXYGEN_CYLINDER,Medical Oxygen D-Type,2,97,151
2024-11-23,MH-PUNE-PHC-011,OXYGEN_CYLINDER,Medical Oxygen D-Type,2,95,132
2024-11-24,MH-PUNE-PHC-011,OXYGEN_CYLINDER,Medical Oxygen D-Type,5,90,146
2024-11-25,MH-PUNE-PHC-011,OXYGEN_CYLINDER,Medical Oxygen D-Type,2,88,130
2024-11-26,MH-PUNE-PHC-011,OXYGEN_CYLINDER,Medical Oxygen D-Type,1,87,140
2024-11-27,MH-PUNE-PHC-011,OXYGEN_CYLINDER,Medical Oxygen D-Type,2,85,152
2024-11-28,MH-PUNE-PHC-011,OXYGEN_CYLINDER,Medical Oxygen D-Type,4,81,152
2024-11-29,MH-PUNE-PHC-011,OXYGEN_CYLINDER,Medical Oxygen D-Type,5,76,146
2024-11-30,MH-PUNE-PHC-011,OXYGEN_CYLINDER,Medical Oxygen D-Type,3,73,139
2024-12-01,MH-PUNE-PHC-011,OXYGEN_CYLINDER,Medical Oxygen D-Type,1,72,130
2024-12-02,MH-PUNE-PHC-011,OXYGEN_CYLINDER,Medical Oxygen D-Type,4,68,131
2024-12-03,MH-PUNE-PHC-011,OXYGEN_CYLINDER,Medical Oxygen D-Type,5,63,138
2024-12-04,MH-PUNE-PHC-011,OXYGEN_CYLINDER,Medical Oxygen D-Type,1,62,151
2024-12-05,MH-PUNE-PHC-011,OXYGEN_CYLINDER,Medical Oxygen D-Type,1,61,150
2024-12-06,MH-PUNE-PHC-011,OXYGEN_CYLINDER,Medical Oxygen D-Type,5,56,147
2024-12-07,MH-PUNE-PHC-011,OXYGEN_CYLINDER,Medical Oxygen D-Type,3,53,132
2024-12-08,MH-PUNE-PHC-011,OXYGEN_CYLINDER,Medical Oxygen D-Type,2,51,130
2024-12-09,MH-PUNE-PHC-011,OXYGEN_CYLINDER,Medical Oxygen D-Type,1,50,128
2024-12-10,MH-PUNE-PHC-011,OXYGEN_CYLINDER,Medical Oxygen D-Type,3,47,151
2024-12-11,MH-PUNE-PHC-011,OXYGEN_CYLINDER,Medical Oxygen D-Type,2,45,146
2024-12-12,MH-PUNE-PHC-011,OXYGEN_CYLINDER,Medical Oxygen D-Type,3,42,133
2024-12-13,MH-PUNE-PHC-011,OXYGEN_CYLINDER,Medical Oxygen D-Type,1,41,128
2024-12-14,MH-PUNE-PHC-011,OXYGEN_CYLINDER,Medical Oxygen D-Type,2,39,147
2024-12-15,MH-PUNE-PHC-011,OXYGEN_CYLINDER,Medical Oxygen D-Type,1,38,128
2024-12-16,MH-PUNE-PHC-011,OXYGEN_CYLINDER,Medical Oxygen D-Type,1,37,141
2024-12-17,MH-PUNE-PHC-011,OXYGEN_CYLINDER,Medical Oxygen D-Type,2,35,130
2024-12-18,MH-PUNE-PHC-011,OXYGEN_CYLINDER,Medical Oxygen D-Type,1,34,143
2024-12-19,MH-PUNE-PHC-011,OXYGEN_CYLINDER,Medical Oxygen D-Type,1,33,130
2024-12-20,MH-PUNE-PHC-011,OXYGEN_CYLINDER,Medical Oxygen D-Type,2,31,128
2024-12-21,MH-PUNE-PHC-011,OXYGEN_CYLINDER,Medical Oxygen D-Type,2,29,141
2024-12-22,MH-PUNE-PHC-011,OXYGEN_CYLINDER,Medical Oxygen D-Type,1,28,137
2024-12-23,MH-PUNE-PHC-011,OXYGEN_CYLINDER,Medical Oxygen D-Type,1,27,139
2024-12-24,MH-PUNE-PHC-011,OXYGEN_CYLINDER,Medical Oxygen D-Type,1,26,133
2024-12-25,MH-PUNE-PHC-011,OXYGEN_CYLINDER,Medical Oxygen D-Type,5,21,133
2024-12-26,MH-PUNE-PHC-011,OXYGEN_CYLINDER,Medical Oxygen D-Type,3,18,138
2024-12-27,MH-PUNE-PHC-011,OXYGEN_CYLINDER,Medical Oxygen D-Type,2,16,132
2024-12-28,MH-PUNE-PHC-011,OXYGEN_CYLINDER,Medical Oxygen D-Type,1,15,149
2024-12-29,MH-PUNE-PHC-011,OXYGEN_CYLINDER,Medical Oxygen D-Type,1,14,141
2024-12-30,MH-PUNE-PHC-011,OXYGEN_CYLINDER,Medical Oxygen D-Type,4,10,134
2024-12-31,MH-PUNE-PHC-011,OXYGEN_CYLINDER,Medical Oxygen D-Type,3,10,136
2025-01-01,MH-PUNE-PHC-011,OXYGEN_CYLINDER,Medical Oxygen D-Type,5,10,128
2025-01-02,MH-PUNE-PHC-011,OXYGEN_CYLINDER,Medical Oxygen D-Type,1,10,143
2025-01-03,MH-PUNE-PHC-011,OXYGEN_CYLINDER,Medical Oxygen D-Type,3,10,146
2025-01-04,MH-PUNE-PHC-011,OXYGEN_CYLINDER,Medical Oxygen D-Type,5,10,133
2025-01-05,MH-PUNE-PHC-011,OXYGEN_CYLINDER,Medical Oxygen D-Type,1,10,129
2025-01-06,MH-PUNE-PHC-011,OXYGEN_CYLINDER,Medical Oxygen D-Type,3,10,138
2025-01-07,MH-PUNE-PHC-011,OXYGEN_CYLINDER,Medical Oxygen D-Type,1,10,147
2025-01-08,MH-PUNE-PHC-011,OXYGEN_CYLINDER,Medical Oxygen D-Type,3,10,134
2025-01-09,MH-PUNE-PHC-011,OXYGEN_CYLINDER,Medical Oxygen D-Type,4,10,138
2025-01-10,MH-PUNE-PHC-011,OXYGEN_CYLINDER,Medical Oxygen D-Type,2,10,144
2025-01-11,MH-PUNE-PHC-011,OXYGEN_CYLINDER,Medical Oxygen D-Type,1,10,137
2025-01-12,MH-PUNE-PHC-011,OXYGEN_CYLINDER,Medical Oxygen D-Type,1,10,131
2025-01-13,MH-PUNE-PHC-011,OXYGEN_CYLINDER,Medical Oxygen D-Type,1,10,141
2025-01-14,MH-PUNE-PHC-011,OXYGEN_CYLINDER,Medical Oxygen D-Type,1,10,151
2025-01-15,MH-PUNE-PHC-011,OXYGEN_CYLINDER,Medical Oxygen D-Type,4,10,141
2025-01-16,MH-PUNE-PHC-011,OXYGEN_CYLINDER,Medical Oxygen D-Type,1,10,128
2025-01-17,MH-PUNE-PHC-011,OXYGEN_CYLINDER,Medical Oxygen D-Type,1,10,148
2025-01-18,MH-PUNE-PHC-011,OXYGEN_CYLINDER,Medical Oxygen D-Type,1,10,147
2025-01-19,MH-PUNE-PHC-011,OXYGEN_CYLINDER,Medical Oxygen D-Type,1,10,142
2025-01-20,MH-PUNE-PHC-011,OXYGEN_CYLINDER,Medical Oxygen D-Type,1,10,140
2025-01-21,MH-PUNE-PHC-011,OXYGEN_CYLINDER,Medical Oxygen D-Type,4,10,140
2025-01-22,MH-PUNE-PHC-011,OXYGEN_CYLINDER,Medical Oxygen D-Type,1,10,131
2025-01-23,MH-PUNE-PHC-011,OXYGEN_CYLINDER,Medical Oxygen D-Type,1,10,149
2025-01-24,MH-PUNE-PHC-011,OXYGEN_CYLINDER,Medical Oxygen D-Type,3,10,150
2025-01-25,MH-PUNE-PHC-011,OXYGEN_CYLINDER,Medical Oxygen D-Type,3,10,152
2025-01-26,MH-PUNE-PHC-011,OXYGEN_CYLINDER,Medical Oxygen D-Type,4,10,129
2025-01-27,MH-PUNE-PHC-011,OXYGEN_CYLINDER,Medical Oxygen D-Type,1,10,136
2025-01-28,MH-PUNE-PHC-011,OXYGEN_CYLINDER,Medical Oxygen D-Type,4,10,133
2025-01-29,MH-PUNE-PHC-011,OXYGEN_CYLINDER,Medical Oxygen D-Type,1,10,142
2025-01-30,MH-PUNE-PHC-011,OXYGEN_CYLINDER,Medical Oxygen D-Type,1,10,151
2025-01-31,MH-PUNE-PHC-011,OXYGEN_CYLINDER,Medical Oxygen D-Type,5,10,129
2025-02-01,MH-PUNE-PHC-011,OXYGEN_CYLINDER,Medical Oxygen D-Type,5,10,136
2025-02-02,MH-PUNE-PHC-011,OXYGEN_CYLINDER,Medical Oxygen D-Type,1,10,148
2025-02-03,MH-PUNE-PHC-011,OXYGEN_CYLINDER,Medical Oxygen D-Type,1,10,150
2025-02-04,MH-PUNE-PHC-011,OXYGEN_CYLINDER,Medical Oxygen D-Type,3,10,134
2025-02-05,MH-PUNE-PHC-011,OXYGEN_CYLINDER,Medical Oxygen D-Type,2,10,132
2025-02-06,MH-PUNE-PHC-011,OXYGEN_CYLINDER,Medical Oxygen D-Type,5,10,130
2025-02-07,MH-PUNE-PHC-011,OXYGEN_CYLINDER,Medical Oxygen D-Type,1,10,149
2025-02-08,MH-PUNE-PHC-011,OXYGEN_CYLINDER,Medical Oxygen D-Type,4,10,144
2025-02-09,MH-PUNE-PHC-011,OXYGEN_CYLINDER,Medical Oxygen D-Type,1,10,139
2025-02-10,MH-PUNE-PHC-011,OXYGEN_CYLINDER,Medical Oxygen D-Type,5,10,131
2025-02-11,MH-PUNE-PHC-011,OXYGEN_CYLINDER,Medical Oxygen D-Type,1,10,147
2025-02-12,MH-PUNE-PHC-011,OXYGEN_CYLINDER,Medical Oxygen D-Type,1,10,135
2025-02-13,MH-PUNE-PHC-011,OXYGEN_CYLINDER,Medical Oxygen D-Type,1,10,148
2025-02-14,MH-PUNE-PHC-011,OXYGEN_CYLINDER,Medical Oxygen D-Type,1,10,132
2025-02-15,MH-PUNE-PHC-011,OXYGEN_CYLINDER,Medical Oxygen D-Type,1,10,134
2024-11-18,MH-NSK-PHC-001,ORS,ORS Packets (Oral Rehydration),18,306,84
2024-11-19,MH-NSK-PHC-001,ORS,ORS Packets (Oral Rehydration),14,292,87
2024-11-20,MH-NSK-PHC-001,ORS,ORS Packets (Oral Rehydration),19,273,78
2024-11-21,MH-NSK-PHC-001,ORS,ORS Packets (Oral Rehydration),18,255,90
2024-11-22,MH-NSK-PHC-001,ORS,ORS Packets (Oral Rehydration),21,234,81
2024-11-23,MH-NSK-PHC-001,ORS,ORS Packets (Oral Rehydration),16,218,89
2024-11-24,MH-NSK-PHC-001,ORS,ORS Packets (Oral Rehydration),20,198,87
2024-11-25,MH-NSK-PHC-001,ORS,ORS Packets (Oral Rehydration),19,179,67
2024-11-26,MH-NSK-PHC-001,ORS,ORS Packets (Oral Rehydration),20,159,82
2024-11-27,MH-NSK-PHC-001,ORS,ORS Packets (Oral Rehydration),19,140,86
2024-11-28,MH-NSK-PHC-001,ORS,ORS Packets (Oral Rehydration),18,122,71
2024-11-29,MH-NSK-PHC-001,ORS,ORS Packets (Oral Rehydration),17,105,87
2024-11-30,MH-NSK-PHC-001,ORS,ORS Packets (Oral Rehydration),20,330,87
2024-12-01,MH-NSK-PHC-001,ORS,ORS Packets (Oral Rehydration),14,316,78
2024-12-02,MH-NSK-PHC-001,ORS,ORS Packets (Oral Rehydration),15,301,87
2024-12-03,MH-NSK-PHC-001,ORS,ORS Packets (Oral Rehydration),21,280,70
2024-12-04,MH-NSK-PHC-001,ORS,ORS Packets (Oral Rehydration),20,260,90
2024-12-05,MH-NSK-PHC-001,ORS,ORS Packets (Oral Rehydration),20,240,77
2024-12-06,MH-NSK-PHC-001,ORS,ORS Packets (Oral Rehydration),15,225,66
2024-12-07,MH-NSK-PHC-001,ORS,ORS Packets (Oral Rehydration),18,207,68
2024-12-08,MH-NSK-PHC-001,ORS,ORS Packets (Oral Rehydration),18,189,75
2024-12-09,MH-NSK-PHC-001,ORS,ORS Packets (Oral Rehydration),19,170,86
2024-12-10,MH-NSK-PHC-001,ORS,ORS Packets (Oral Rehydration),16,154,67
2024-12-11,MH-NSK-PHC-001,ORS,ORS Packets (Oral Rehydration),17,137,78
2024-12-12,MH-NSK-PHC-001,ORS,ORS Packets (Oral Rehydration),16,121,84
2024-12-13,MH-NSK-PHC-001,ORS,ORS Packets (Oral Rehydration),18,103,78
2024-12-14,MH-NSK-PHC-001,ORS,ORS Packets (Oral Rehydration),21,285,90
2024-12-15,MH-NSK-PHC-001,ORS,ORS Packets (Oral Rehydration),18,267,85
2024-12-16,MH-NSK-PHC-001,ORS,ORS Packets (Oral Rehydration),21,246,81
2024-12-17,MH-NSK-PHC-001,ORS,ORS Packets (Oral Rehydration),17,229,87
2024-12-18,MH-NSK-PHC-001,ORS,ORS Packets (Oral Rehydration),18,211,85
2024-12-19,MH-NSK-PHC-001,ORS,ORS Packets (Oral Rehydration),18,193,71
2024-12-20,MH-NSK-PHC-001,ORS,ORS Packets (Oral Rehydration),17,176,76
2024-12-21,MH-NSK-PHC-001,ORS,ORS Packets (Oral Rehydration),15,161,90
2024-12-22,MH-NSK-PHC-001,ORS,ORS Packets (Oral Rehydration),17,144,88
2024-12-23,MH-NSK-PHC-001,ORS,ORS Packets (Oral Rehydration),16,128,80
2024-12-24,MH-NSK-PHC-001,ORS,ORS Packets (Oral Rehydration),14,114,82
2024-12-25,MH-NSK-PHC-001,ORS,ORS Packets (Oral Rehydration),16,343,76
2024-12-26,MH-NSK-PHC-001,ORS,ORS Packets (Oral Rehydration),18,325,72
2024-12-27,MH-NSK-PHC-001,ORS,ORS Packets (Oral Rehydration),18,307,73
2024-12-28,MH-NSK-PHC-001,ORS,ORS Packets (Oral Rehydration),15,292,81
2024-12-29,MH-NSK-PHC-001,ORS,ORS Packets (Oral Rehydration),19,273,72
2024-12-30,MH-NSK-PHC-001,ORS,ORS Packets (Oral Rehydration),20,253,78
2024-12-31,MH-NSK-PHC-001,ORS,ORS Packets (Oral Rehydration),19,234,80
2025-01-01,MH-NSK-PHC-001,ORS,ORS Packets (Oral Rehydration),18,216,87
2025-01-02,MH-NSK-PHC-001,ORS,ORS Packets (Oral Rehydration),16,200,66
2025-01-03,MH-NSK-PHC-001,ORS,ORS Packets (Oral Rehydration),19,181,78
2025-01-04,MH-NSK-PHC-001,ORS,ORS Packets (Oral Rehydration),16,165,89
2025-01-05,MH-NSK-PHC-001,ORS,ORS Packets (Oral Rehydration),15,150,66
2025-01-06,MH-NSK-PHC-001,ORS,ORS Packets (Oral Rehydration),16,134,86
2025-01-07,MH-NSK-PHC-001,ORS,ORS Packets (Oral Rehydration),15,119,68
2025-01-08,MH-NSK-PHC-001,ORS,ORS Packets (Oral Rehydration),16,303,90
2025-01-09,MH-NSK-PHC-001,ORS,ORS Packets (Oral Rehydration),15,288,79
2025-01-10,MH-NSK-PHC-001,ORS,ORS Packets (Oral Rehydration),17,271,75
2025-01-11,MH-NSK-PHC-001,ORS,ORS Packets (Oral Rehydration),14,257,90
2025-01-12,MH-NSK-PHC-001,ORS,ORS Packets (Oral Rehydration),19,238,80
2025-01-13,MH-NSK-PHC-001,ORS,ORS Packets (Oral Rehydration),21,217,82
2025-01-14,MH-NSK-PHC-001,ORS,ORS Packets (Oral Rehydration),15,202,82
2025-01-15,MH-NSK-PHC-001,ORS,ORS Packets (Oral Rehydration),21,181,72
2025-01-16,MH-NSK-PHC-001,ORS,ORS Packets (Oral Rehydration),17,164,68
2025-01-17,MH-NSK-PHC-001,ORS,ORS Packets (Oral Rehydration),41,123,96
2025-01-18,MH-NSK-PHC-001,ORS,ORS Packets (Oral Rehydration),27,96,108
2025-01-19,MH-NSK-PHC-001,ORS,ORS Packets (Oral Rehydration),27,299,107
2025-01-20,MH-NSK-PHC-001,ORS,ORS Packets (Oral Rehydration),43,256,101
2025-01-21,MH-NSK-PHC-001,ORS,ORS Packets (Oral Rehydration),32,224,118
2025-01-22,MH-NSK-PHC-001,ORS,ORS Packets (Oral Rehydration),32,192,121
2025-01-23,MH-NSK-PHC-001,ORS,ORS Packets (Oral Rehydration),39,153,105
2025-01-24,MH-NSK-PHC-001,ORS,ORS Packets (Oral Rehydration),42,111,127
2025-01-25,MH-NSK-PHC-001,ORS,ORS Packets (Oral Rehydration),30,340,90
2025-01-26,MH-NSK-PHC-001,ORS,ORS Packets (Oral Rehydration),36,304,100
2025-01-27,MH-NSK-PHC-001,ORS,ORS Packets (Oral Rehydration),41,263,112
2025-01-28,MH-NSK-PHC-001,ORS,ORS Packets (Oral Rehydration),39,224,108
2025-01-29,MH-NSK-PHC-001,ORS,ORS Packets (Oral Rehydration),32,192,97
2025-01-30,MH-NSK-PHC-001,ORS,ORS Packets (Oral Rehydration),34,158,116
2025-01-31,MH-NSK-PHC-001,ORS,ORS Packets (Oral Rehydration),28,130,115
2025-02-01,MH-NSK-PHC-001,ORS,ORS Packets (Oral Rehydration),38,92,120
2025-02-02,MH-NSK-PHC-001,ORS,ORS Packets (Oral Rehydration),34,331,128
2025-02-03,MH-NSK-PHC-001,ORS,ORS Packets (Oral Rehydration),24,307,100
2025-02-04,MH-NSK-PHC-001,ORS,ORS Packets (Oral Rehydration),41,266,115
2025-02-05,MH-NSK-PHC-001,ORS,ORS Packets (Oral Rehydration),41,225,105
2025-02-06,MH-NSK-PHC-001,ORS,ORS Packets (Oral Rehydration),37,188,101
2025-02-07,MH-NSK-PHC-001,ORS,ORS Packets (Oral Rehydration),25,163,122
2025-02-08,MH-NSK-PHC-001,ORS,ORS Packets (Oral Rehydration),45,118,119
2025-02-09,MH-NSK-PHC-001,ORS,ORS Packets (Oral Rehydration),33,295,117
2025-02-10,MH-NSK-PHC-001,ORS,ORS Packets (Oral Rehydration),42,253,106
2025-02-11,MH-NSK-PHC-001,ORS,ORS Packets (Oral Rehydration),40,213,119
2025-02-12,MH-NSK-PHC-001,ORS,ORS Packets (Oral Rehydration),50,163,117
2025-02-13,MH-NSK-PHC-001,ORS,ORS Packets (Oral Rehydration),26,137,96
2025-02-14,MH-NSK-PHC-001,ORS,ORS Packets (Oral Rehydration),31,106,118
2025-02-15,MH-NSK-PHC-001,ORS,ORS Packets (Oral Rehydration),25,81,124
2024-11-18,MH-NSK-PHC-001,PARACETAMOL_500,Paracetamol 500mg Tablets,40,742,70
2024-11-19,MH-NSK-PHC-001,PARACETAMOL_500,Paracetamol 500mg Tablets,40,702,66
2024-11-20,MH-NSK-PHC-001,PARACETAMOL_500,Paracetamol 500mg Tablets,42,660,79
2024-11-21,MH-NSK-PHC-001,PARACETAMOL_500,Paracetamol 500mg Tablets,37,623,80
2024-11-22,MH-NSK-PHC-001,PARACETAMOL_500,Paracetamol 500mg Tablets,40,583,79
2024-11-23,MH-NSK-PHC-001,PARACETAMOL_500,Paracetamol 500mg Tablets,40,543,84
2024-11-24,MH-NSK-PHC-001,PARACETAMOL_500,Paracetamol 500mg Tablets,37,506,74
2024-11-25,MH-NSK-PHC-001,PARACETAMOL_500,Paracetamol 500mg Tablets,36,470,85
2024-11-26,MH-NSK-PHC-001,PARACETAMOL_500,Paracetamol 500mg Tablets,42,428,86
2024-11-27,MH-NSK-PHC-001,PARACETAMOL_500,Paracetamol 500mg Tablets,40,388,66
2024-11-28,MH-NSK-PHC-001,PARACETAMOL_500,Paracetamol 500mg Tablets,40,348,83
2024-11-29,MH-NSK-PHC-001,PARACETAMOL_500,Paracetamol 500mg Tablets,37,311,86
2024-11-30,MH-NSK-PHC-001,PARACETAMOL_500,Paracetamol 500mg Tablets,40,271,70
2024-12-01,MH-NSK-PHC-001,PARACETAMOL_500,Paracetamol 500mg Tablets,39,232,84
2024-12-02,MH-NSK-PHC-001,PARACETAMOL_500,Paracetamol 500mg Tablets,38,626,70
2024-12-03,MH-NSK-PHC-001,PARACETAMOL_500,Paracetamol 500mg Tablets,39,587,88
2024-12-04,MH-NSK-PHC-001,PARACETAMOL_500,Paracetamol 500mg Tablets,41,546,89
2024-12-05,MH-NSK-PHC-001,PARACETAMOL_500,Paracetamol 500mg Tablets,43,503,69
2024-12-06,MH-NSK-PHC-001,PARACETAMOL_500,Paracetamol 500mg Tablets,37,466,72
2024-12-07,MH-NSK-PHC-001,PARACETAMOL_500,Paracetamol 500mg Tablets,39,427,78
2024-12-08,MH-NSK-PHC-001,PARACETAMOL_500,Paracetamol 500mg Tablets,42,385,67
2024-12-09,MH-NSK-PHC-001,PARACETAMOL_500,Paracetamol 500mg Tablets,42,343,82
2024-12-10,MH-NSK-PHC-001,PARACETAMOL_500,Paracetamol 500mg Tablets,36,307,68
2024-12-11,MH-NSK-PHC-001,PARACETAMOL_500,Paracetamol 500mg Tablets,38,269,67
2024-12-12,MH-NSK-PHC-001,PARACETAMOL_500,Paracetamol 500mg Tablets,43,226,74
2024-12-13,MH-NSK-PHC-001,PARACETAMOL_500,Paracetamol 500mg Tablets,38,619,71
2024-12-14,MH-NSK-PHC-001,PARACETAMOL_500,Paracetamol 500mg Tablets,43,576,81
2024-12-15,MH-NSK-PHC-001,PARACETAMOL_500,Paracetamol 500mg Tablets,41,535,90
2024-12-16,MH-NSK-PHC-001,PARACETAMOL_500,Paracetamol 500mg Tablets,41,494,87
2024-12-17,MH-NSK-PHC-001,PARACETAMOL_500,Paracetamol 500mg Tablets,58,436,94
2024-12-18,MH-NSK-PHC-001,PARACETAMOL_500,Paracetamol 500mg Tablets,47,389,105
2024-12-19,MH-NSK-PHC-001,PARACETAMOL_500,Paracetamol 500mg Tablets,48,341,101
2024-12-20,MH-NSK-PHC-001,PARACETAMOL_500,Paracetamol 500mg Tablets,52,289,93
2024-12-21,MH-NSK-PHC-001,PARACETAMOL_500,Paracetamol 500mg Tablets,48,241,89
2024-12-22,MH-NSK-PHC-001,PARACETAMOL_500,Paracetamol 500mg Tablets,53,188,86
2024-12-23,MH-NSK-PHC-001,PARACETAMOL_500,Paracetamol 500mg Tablets,57,552,101
2024-12-24,MH-NSK-PHC-001,PARACETAMOL_500,Paracetamol 500mg Tablets,54,498,83
2024-12-25,MH-NSK-PHC-001,PARACETAMOL_500,Paracetamol 500mg Tablets,50,448,91
2024-12-26,MH-NSK-PHC-001,PARACETAMOL_500,Paracetamol 500mg Tablets,54,394,89
2024-12-27,MH-NSK-PHC-001,PARACETAMOL_500,Paracetamol 500mg Tablets,49,345,93
2024-12-28,MH-NSK-PHC-001,PARACETAMOL_500,Paracetamol 500mg Tablets,50,295,102
2024-12-29,MH-NSK-PHC-001,PARACETAMOL_500,Paracetamol 500mg Tablets,57,238,89
2024-12-30,MH-NSK-PHC-001,PARACETAMOL_500,Paracetamol 500mg Tablets,48,650,90
2024-12-31,MH-NSK-PHC-001,PARACETAMOL_500,Paracetamol 500mg Tablets,53,597,82
2025-01-01,MH-NSK-PHC-001,PARACETAMOL_500,Paracetamol 500mg Tablets,58,539,96
2025-01-02,MH-NSK-PHC-001,PARACETAMOL_500,Paracetamol 500mg Tablets,52,487,92
2025-01-03,MH-NSK-PHC-001,PARACETAMOL_500,Paracetamol 500mg Tablets,57,430,105
2025-01-04,MH-NSK-PHC-001,PARACETAMOL_500,Paracetamol 500mg Tablets,54,376,83
2025-01-05,MH-NSK-PHC-001,PARACETAMOL_500,Paracetamol 500mg Tablets,51,325,81
2025-01-06,MH-NSK-PHC-001,PARACETAMOL_500,Paracetamol 500mg Tablets,63,262,89
2025-01-07,MH-NSK-PHC-001,PARACETAMOL_500,Paracetamol 500mg Tablets,47,215,97
2025-01-08,MH-NSK-PHC-001,PARACETAMOL_500,Paracetamol 500mg Tablets,50,607,96
2025-01-09,MH-NSK-PHC-001,PARACETAMOL_500,Paracetamol 500mg Tablets,56,551,93
2025-01-10,MH-NSK-PHC-001,PARACETAMOL_500,Paracetamol 500mg Tablets,57,494,83
2025-01-11,MH-NSK-PHC-001,PARACETAMOL_500,Paracetamol 500mg Tablets,51,443,101
2025-01-12,MH-NSK-PHC-001,PARACETAMOL_500,Paracetamol 500mg Tablets,43,400,68
2025-01-13,MH-NSK-PHC-001,PARACETAMOL_500,Paracetamol 500mg Tablets,37,363,79
2025-01-14,MH-NSK-PHC-001,PARACETAMOL_500,Paracetamol 500mg Tablets,42,321,83
2025-01-15,MH-NSK-PHC-001,PARACETAMOL_500,Paracetamol 500mg Tablets,40,281,71
2025-01-16,MH-NSK-PHC-001,PARACETAMOL_500,Paracetamol 500mg Tablets,39,242,87
2025-01-17,MH-NSK-PHC-001,PARACETAMOL_500,Paracetamol 500mg Tablets,36,206,79
2025-01-18,MH-NSK-PHC-001,PARACETAMOL_500,Paracetamol 500mg Tablets,36,665,88
2025-01-19,MH-NSK-PHC-001,PARACETAMOL_500,Paracetamol 500mg Tablets,36,629,87
2025-01-20,MH-NSK-PHC-001,PARACETAMOL_500,Paracetamol 500mg Tablets,43,586,74
2025-01-21,MH-NSK-PHC-001,PARACETAMOL_500,Paracetamol 500mg Tablets,36,550,80
2025-01-22,MH-NSK-PHC-001,PARACETAMOL_500,Paracetamol 500mg Tablets,37,513,87
2025-01-23,MH-NSK-PHC-001,PARACETAMOL_500,Paracetamol 500mg Tablets,41,472,88
2025-01-24,MH-NSK-PHC-001,PARACETAMOL_500,Paracetamol 500mg Tablets,36,436,71
2025-01-25,MH-NSK-PHC-001,PARACETAMOL_500,Paracetamol 500mg Tablets,36,400,72
2025-01-26,MH-NSK-PHC-001,PARACETAMOL_500,Paracetamol 500mg Tablets,40,360,76
2025-01-27,MH-NSK-PHC-001,PARACETAMOL_500,Paracetamol 500mg Tablets,42,318,71
2025-01-28,MH-NSK-PHC-001,PARACETAMOL_500,Paracetamol 500mg Tablets,38,280,88
2025-01-29,MH-NSK-PHC-001,PARACETAMOL_500,Paracetamol 500mg Tablets,40,240,67
2025-01-30,MH-NSK-PHC-001,PARACETAMOL_500,Paracetamol 500mg Tablets,36,204,84
2025-01-31,MH-NSK-PHC-001,PARACETAMOL_500,Paracetamol 500mg Tablets,43,606,78
2025-02-01,MH-NSK-PHC-001,PARACETAMOL_500,Paracetamol 500mg Tablets,37,569,73
2025-02-02,MH-NSK-PHC-001,PARACETAMOL_500,Paracetamol 500mg Tablets,42,527,79
2025-02-03,MH-NSK-PHC-001,PARACETAMOL_500,Paracetamol 500mg Tablets,42,485,88
2025-02-04,MH-NSK-PHC-001,PARACETAMOL_500,Paracetamol 500mg Tablets,36,449,74
2025-02-05,MH-NSK-PHC-001,PARACETAMOL_500,Paracetamol 500mg Tablets,41,408,70
2025-02-06,MH-NSK-PHC-001,PARACETAMOL_500,Paracetamol 500mg Tablets,41,367,90
2025-02-07,MH-NSK-PHC-001,PARACETAMOL_500,Paracetamol 500mg Tablets,43,324,83
2025-02-08,MH-NSK-PHC-001,PARACETAMOL_500,Paracetamol 500mg Tablets,37,287,78
2025-02-09,MH-NSK-PHC-001,PARACETAMOL_500,Paracetamol 500mg Tablets,36,251,70
2025-02-10,MH-NSK-PHC-001,PARACETAMOL_500,Paracetamol 500mg Tablets,37,214,69
2025-02-11,MH-NSK-PHC-001,PARACETAMOL_500,Paracetamol 500mg Tablets,37,177,85
2025-02-12,MH-NSK-PHC-001,PARACETAMOL_500,Paracetamol 500mg Tablets,39,138,74
2025-02-13,MH-NSK-PHC-001,PARACETAMOL_500,Paracetamol 500mg Tablets,40,98,81
2025-02-14,MH-NSK-PHC-001,PARACETAMOL_500,Paracetamol 500mg Tablets,40,58,75
2025-02-15,MH-NSK-PHC-001,PARACETAMOL_500,Paracetamol 500mg Tablets,36,22,69
2024-11-18,MH-NSK-PHC-001,AMOXICILLIN_500,Amoxicillin 500mg Capsules,28,507,76
2024-11-19,MH-NSK-PHC-001,AMOXICILLIN_500,Amoxicillin 500mg Capsules,28,479,74
2024-11-20,MH-NSK-PHC-001,AMOXICILLIN_500,Amoxicillin 500mg Capsules,27,452,75
2024-11-21,MH-NSK-PHC-001,AMOXICILLIN_500,Amoxicillin 500mg Capsules,21,431,67
2024-11-22,MH-NSK-PHC-001,AMOXICILLIN_500,Amoxicillin 500mg Capsules,23,408,88
2024-11-23,MH-NSK-PHC-001,AMOXICILLIN_500,Amoxicillin 500mg Capsules,21,387,68
2024-11-24,MH-NSK-PHC-001,AMOXICILLIN_500,Amoxicillin 500mg Capsules,21,366,80
2024-11-25,MH-NSK-PHC-001,AMOXICILLIN_500,Amoxicillin 500mg Capsules,25,341,73
2024-11-26,MH-NSK-PHC-001,AMOXICILLIN_500,Amoxicillin 500mg Capsules,27,314,74
2024-11-27,MH-NSK-PHC-001,AMOXICILLIN_500,Amoxicillin 500mg Capsules,27,287,90
2024-11-28,MH-NSK-PHC-001,AMOXICILLIN_500,Amoxicillin 500mg Capsules,21,266,75
2024-11-29,MH-NSK-PHC-001,AMOXICILLIN_500,Amoxicillin 500mg Capsules,22,244,80
2024-11-30,MH-NSK-PHC-001,AMOXICILLIN_500,Amoxicillin 500mg Capsules,22,222,85
2024-12-01,MH-NSK-PHC-001,AMOXICILLIN_500,Amoxicillin 500mg Capsules,25,197,73
2024-12-02,MH-NSK-PHC-001,AMOXICILLIN_500,Amoxicillin 500mg Capsules,28,169,81
2024-12-03,MH-NSK-PHC-001,AMOXICILLIN_500,Amoxicillin 500mg Capsules,25,505,78
2024-12-04,MH-NSK-PHC-001,AMOXICILLIN_500,Amoxicillin 500mg Capsules,26,479,70
2024-12-05,MH-NSK-PHC-001,AMOXICILLIN_500,Amoxicillin 500mg Capsules,27,452,71
2024-12-06,MH-NSK-PHC-001,AMOXICILLIN_500,Amoxicillin 500mg Capsules,24,428,85
2024-12-07,MH-NSK-PHC-001,AMOXICILLIN_500,Amoxicillin 500mg Capsules,28,400,67
2024-12-08,MH-NSK-PHC-001,AMOXICILLIN_500,Amoxicillin 500mg Capsules,28,372,70
2024-12-09,MH-NSK-PHC-001,AMOXICILLIN_500,Amoxicillin 500mg Capsules,22,350,73
2024-12-10,MH-NSK-PHC-001,AMOXICILLIN_500,Amoxicillin 500mg Capsules,22,328,82
2024-12-11,MH-NSK-PHC-001,AMOXICILLIN_500,Amoxicillin 500mg Capsules,24,304,84
2024-12-12,MH-NSK-PHC-001,AMOXICILLIN_500,Amoxicillin 500mg Capsules,26,278,67
2024-12-13,MH-NSK-PHC-001,AMOXICILLIN_500,Amoxicillin 500mg Capsules,24,254,68
2024-12-14,MH-NSK-PHC-001,AMOXICILLIN_500,Amoxicillin 500mg Capsules,28,226,67
2024-12-15,MH-NSK-PHC-001,AMOXICILLIN_500,Amoxicillin 500mg Capsules,21,205,79
2024-12-16,MH-NSK-PHC-001,AMOXICILLIN_500,Amoxicillin 500mg Capsules,22,183,78
2024-12-17,MH-NSK-PHC-001,AMOXICILLIN_500,Amoxicillin 500mg Capsules,26,157,79
2024-12-18,MH-NSK-PHC-001,AMOXICILLIN_500,Amoxicillin 500mg Capsules,25,455,84
2024-12-19,MH-NSK-PHC-001,AMOXICILLIN_500,Amoxicillin 500mg Capsules,23,432,83
2024-12-20,MH-NSK-PHC-001,AMOXICILLIN_500,Amoxicillin 500mg Capsules,26,406,88
2024-12-21,MH-NSK-PHC-001,AMOXICILLIN_500,Amoxicillin 500mg Capsules,27,379,84
2024-12-22,MH-NSK-PHC-001,AMOXICILLIN_500,Amoxicillin 500mg Capsules,26,353,84
2024-12-23,MH-NSK-PHC-001,AMOXICILLIN_500,Amoxicillin 500mg Capsules,22,331,66
2024-12-24,MH-NSK-PHC-001,AMOXICILLIN_500,Amoxicillin 500mg Capsules,21,310,79
2024-12-25,MH-NSK-PHC-001,AMOXICILLIN_500,Amoxicillin 500mg Capsules,23,287,90
2024-12-26,MH-NSK-PHC-001,AMOXICILLIN_500,Amoxicillin 500mg Capsules,23,264,88
2024-12-27,MH-NSK-PHC-001,AMOXICILLIN_500,Amoxicillin 500mg Capsules,28,236,71
2024-12-28,MH-NSK-PHC-001,AMOXICILLIN_500,Amoxicillin 500mg Capsules,26,210,68
2024-12-29,MH-NSK-PHC-001,AMOXICILLIN_500,Amoxicillin 500mg Capsules,24,186,75
2024-12-30,MH-NSK-PHC-001,AMOXICILLIN_500,Amoxicillin 500mg Capsules,27,159,83
2024-12-31,MH-NSK-PHC-001,AMOXICILLIN_500,Amoxicillin 500mg Capsules,28,477,72
2025-01-01,MH-NSK-PHC-001,AMOXICILLIN_500,Amoxicillin 500mg Capsules,25,452,89
2025-01-02,MH-NSK-PHC-001,AMOXICILLIN_500,Amoxicillin 500mg Capsules,24,428,75
2025-01-03,MH-NSK-PHC-001,AMOXICILLIN_500,Amoxicillin 500mg Capsules,26,402,67
2025-01-04,MH-NSK-PHC-001,AMOXICILLIN_500,Amoxicillin 500mg Capsules,27,375,74
2025-01-05,MH-NSK-PHC-001,AMOXICILLIN_500,Amoxicillin 500mg Capsules,27,348,76
2025-01-06,MH-NSK-PHC-001,AMOXICILLIN_500,Amoxicillin 500mg Capsules,25,323,69
2025-01-07,MH-NSK-PHC-001,AMOXICILLIN_500,Amoxicillin 500mg Capsules,24,299,85
2025-01-08,MH-NSK-PHC-001,AMOXICILLIN_500,Amoxicillin 500mg Capsules,22,277,86
2025-01-09,MH-NSK-PHC-001,AMOXICILLIN_500,Amoxicillin 500mg Capsules,26,251,89
2025-01-10,MH-NSK-PHC-001,AMOXICILLIN_500,Amoxicillin 500mg Capsules,27,224,68
2025-01-11,MH-NSK-PHC-001,AMOXICILLIN_500,Amoxicillin 500mg Capsules,26,198,67
2025-01-12,MH-NSK-PHC-001,AMOXICILLIN_500,Amoxicillin 500mg Capsules,27,171,81
2025-01-13,MH-NSK-PHC-001,AMOXICILLIN_500,Amoxicillin 500mg Capsules,26,479,82
2025-01-14,MH-NSK-PHC-001,AMOXICILLIN_500,Amoxicillin 500mg Capsules,25,454,83
2025-01-15,MH-NSK-PHC-001,AMOXICILLIN_500,Amoxicillin 500mg Capsules,26,428,70
2025-01-16,MH-NSK-PHC-001,AMOXICILLIN_500,Amoxicillin 500mg Capsules,28,400,81
2025-01-17,MH-NSK-PHC-001,AMOXICILLIN_500,Amoxicillin 500mg Capsules,27,373,88
2025-01-18,MH-NSK-PHC-001,AMOXICILLIN_500,Amoxicillin 500mg Capsules,25,348,79
2025-01-19,MH-NSK-PHC-001,AMOXICILLIN_500,Amoxicillin 500mg Capsules,24,324,77
2025-01-20,MH-NSK-PHC-001,AMOXICILLIN_500,Amoxicillin 500mg Capsules,24,300,75
2025-01-21,MH-NSK-PHC-001,AMOXICILLIN_500,Amoxicillin 500mg Capsules,28,272,67
2025-01-22,MH-NSK-PHC-001,AMOXICILLIN_500,Amoxicillin 500mg Capsules,25,247,79
2025-01-23,MH-NSK-PHC-001,AMOXICILLIN_500,Amoxicillin 500mg Capsules,27,220,88
2025-01-24,MH-NSK-PHC-001,AMOXICILLIN_500,Amoxicillin 500mg Capsules,27,193,80
2025-01-25,MH-NSK-PHC-001,AMOXICILLIN_500,Amoxicillin 500mg Capsules,23,170,73
2025-01-26,MH-NSK-PHC-001,AMOXICILLIN_500,Amoxicillin 500mg Capsules,27,482,88
2025-01-27,MH-NSK-PHC-001,AMOXICILLIN_500,Amoxicillin 500mg Capsules,23,459,78
2025-01-28,MH-NSK-PHC-001,AMOXICILLIN_500,Amoxicillin 500mg Capsules,28,431,80
2025-01-29,MH-NSK-PHC-001,AMOXICILLIN_500,Amoxicillin 500mg Capsules,25,406,66
2025-01-30,MH-NSK-PHC-001,AMOXICILLIN_500,Amoxicillin 500mg Capsules,25,381,84
2025-01-31,MH-NSK-PHC-001,AMOXICILLIN_500,Amoxicillin 500mg Capsules,24,357,86
2025-02-01,MH-NSK-PHC-001,AMOXICILLIN_500,Amoxicillin 500mg Capsules,27,330,83
2025-02-02,MH-NSK-PHC-001,AMOXICILLIN_500,Amoxicillin 500mg Capsules,23,307,67
2025-02-03,MH-NSK-PHC-001,AMOXICILLIN_500,Amoxicillin 500mg Capsules,21,286,85
2025-02-04,MH-NSK-PHC-001,AMOXICILLIN_500,Amoxicillin 500mg Capsules,24,262,87
2025-02-05,MH-NSK-PHC-001,AMOXICILLIN_500,Amoxicillin 500mg Capsules,22,240,79
2025-02-06,MH-NSK-PHC-001,AMOXICILLIN_500,Amoxicillin 500mg Capsules,22,218,71
2025-02-07,MH-NSK-PHC-001,AMOXICILLIN_500,Amoxicillin 500mg Capsules,23,195,72
2025-02-08,MH-NSK-PHC-001,AMOXICILLIN_500,Amoxicillin 500mg Capsules,25,170,87
2025-02-09,MH-NSK-PHC-001,AMOXICILLIN_500,Amoxicillin 500mg Capsules,26,481,88
2025-02-10,MH-NSK-PHC-001,AMOXICILLIN_500,Amoxicillin 500mg Capsules,23,458,88
2025-02-11,MH-NSK-PHC-001,AMOXICILLIN_500,Amoxicillin 500mg Capsules,24,434,70
2025-02-12,MH-NSK-PHC-001,AMOXICILLIN_500,Amoxicillin 500mg Capsules,27,407,88
2025-02-13,MH-NSK-PHC-001,AMOXICILLIN_500,Amoxicillin 500mg Capsules,26,381,71
2025-02-14,MH-NSK-PHC-001,AMOXICILLIN_500,Amoxicillin 500mg Capsules,24,357,69
2025-02-15,MH-NSK-PHC-001,AMOXICILLIN_500,Amoxicillin 500mg Capsules,27,330,89
2024-11-18,MH-NSK-PHC-001,AZITHROMYCIN_500,Azithromycin 500mg Tablets,14,281,70
2024-11-19,MH-NSK-PHC-001,AZITHROMYCIN_500,Azithromycin 500mg Tablets,15,266,84
2024-11-20,MH-NSK-PHC-001,AZITHROMYCIN_500,Azithromycin 500mg Tablets,14,252,75
2024-11-21,MH-NSK-PHC-001,AZITHROMYCIN_500,Azithromycin 500mg Tablets,18,234,90
2024-11-22,MH-NSK-PHC-001,AZITHROMYCIN_500,Azithromycin 500mg Tablets,11,223,83
2024-11-23,MH-NSK-PHC-001,AZITHROMYCIN_500,Azithromycin 500mg Tablets,11,212,67
2024-11-24,MH-NSK-PHC-001,AZITHROMYCIN_500,Azithromycin 500mg Tablets,12,200,71
2024-11-25,MH-NSK-PHC-001,AZITHROMYCIN_500,Azithromycin 500mg Tablets,14,186,70
2024-11-26,MH-NSK-PHC-001,AZITHROMYCIN_500,Azithromycin 500mg Tablets,11,175,85
2024-11-27,MH-NSK-PHC-001,AZITHROMYCIN_500,Azithromycin 500mg Tablets,11,164,88
2024-11-28,MH-NSK-PHC-001,AZITHROMYCIN_500,Azithromycin 500mg Tablets,11,153,71
2024-11-29,MH-NSK-PHC-001,AZITHROMYCIN_500,Azithromycin 500mg Tablets,16,137,74
2024-11-30,MH-NSK-PHC-001,AZITHROMYCIN_500,Azithromycin 500mg Tablets,14,123,81
2024-12-01,MH-NSK-PHC-001,AZITHROMYCIN_500,Azithromycin 500mg Tablets,12,111,85
2024-12-02,MH-NSK-PHC-001,AZITHROMYCIN_500,Azithromycin 500mg Tablets,11,100,67
2024-12-03,MH-NSK-PHC-001,AZITHROMYCIN_500,Azithromycin 500mg Tablets,11,89,73
2024-12-04,MH-NSK-PHC-001,AZITHROMYCIN_500,Azithromycin 500mg Tablets,12,251,88
2024-12-05,MH-NSK-PHC-001,AZITHROMYCIN_500,Azithromycin 500mg Tablets,12,239,70
2024-12-06,MH-NSK-PHC-001,AZITHROMYCIN_500,Azithromycin 500mg Tablets,16,223,68
2024-12-07,MH-NSK-PHC-001,AZITHROMYCIN_500,Azithromycin 500mg Tablets,16,207,88
2024-12-08,MH-NSK-PHC-001,AZITHROMYCIN_500,Azithromycin 500mg Tablets,18,189,73
2024-12-09,MH-NSK-PHC-001,AZITHROMYCIN_500,Azithromycin 500mg Tablets,15,174,87
2024-12-10,MH-NSK-PHC-001,AZITHROMYCIN_500,Azithromycin 500mg Tablets,13,161,79
2024-12-11,MH-NSK-PHC-001,AZITHROMYCIN_500,Azithromycin 500mg Tablets,14,147,90
2024-12-12,MH-NSK-PHC-001,AZITHROMYCIN_500,Azithromycin 500mg Tablets,12,135,75
2024-12-13,MH-NSK-PHC-001,AZITHROMYCIN_500,Azithromycin 500mg Tablets,18,117,70
2024-12-14,MH-NSK-PHC-001,AZITHROMYCIN_500,Azithromycin 500mg Tablets,17,100,71
2024-12-15,MH-NSK-PHC-001,AZITHROMYCIN_500,Azithromycin 500mg Tablets,17,83,66
2024-12-16,MH-NSK-PHC-001,AZITHROMYCIN_500,Azithromycin 500mg Tablets,17,232,76
2024-12-17,MH-NSK-PHC-001,AZITHROMYCIN_500,Azithromycin 500mg Tablets,26,206,105
2024-12-18,MH-NSK-PHC-001,AZITHROMYCIN_500,Azithromycin 500mg Tablets,37,169,101
2024-12-19,MH-NSK-PHC-001,AZITHROMYCIN_500,Azithromycin 500mg Tablets,22,147,97
2024-12-20,MH-NSK-PHC-001,AZITHROMYCIN_500,Azithromycin 500mg Tablets,26,121,91
2024-12-21,MH-NSK-PHC-001,AZITHROMYCIN_500,Azithromycin 500mg Tablets,28,93,89
2024-12-22,MH-NSK-PHC-001,AZITHROMYCIN_500,Azithromycin 500mg Tablets,28,282,91
2024-12-23,MH-NSK-PHC-001,AZITHROMYCIN_500,Azithromycin 500mg Tablets,29,253,97
2024-12-24,MH-NSK-PHC-001,AZITHROMYCIN_500,Azithromycin 500mg Tablets,30,223,99
2024-12-25,MH-NSK-PHC-001,AZITHROMYCIN_500,Azithromycin 500mg Tablets,20,203,91
2024-12-26,MH-NSK-PHC-001,AZITHROMYCIN_500,Azithromycin 500mg Tablets,23,180,85
2024-12-27,MH-NSK-PHC-001,AZITHROMYCIN_500,Azithromycin 500mg Tablets,32,148,85
2024-12-28,MH-NSK-PHC-001,AZITHROMYCIN_500,Azithromycin 500mg Tablets,31,117,81
2024-12-29,MH-NSK-PHC-001,AZITHROMYCIN_500,Azithromycin 500mg Tablets,25,92,82
2024-12-30,MH-NSK-PHC-001,AZITHROMYCIN_500,Azithromycin 500mg Tablets,26,294,93
2024-12-31,MH-NSK-PHC-001,AZITHROMYCIN_500,Azithromycin 500mg Tablets,22,272,96
2025-01-01,MH-NSK-PHC-001,AZITHROMYCIN_500,Azithromycin 500mg Tablets,38,234,95
2025-01-02,MH-NSK-PHC-001,AZITHROMYCIN_500,Azithromycin 500mg Tablets,25,209,104
2025-01-03,MH-NSK-PHC-001,AZITHROMYCIN_500,Azithromycin 500mg Tablets,35,174,103
2025-01-04,MH-NSK-PHC-001,AZITHROMYCIN_500,Azithromycin 500mg Tablets,25,149,81
2025-01-05,MH-NSK-PHC-001,AZITHROMYCIN_500,Azithromycin 500mg Tablets,22,127,82
2025-01-06,MH-NSK-PHC-001,AZITHROMYCIN_500,Azithromycin 500mg Tablets,22,105,97
2025-01-07,MH-NSK-PHC-001,AZITHROMYCIN_500,Azithromycin 500mg Tablets,22,83,81
2025-01-08,MH-NSK-PHC-001,AZITHROMYCIN_500,Azithromycin 500mg Tablets,27,245,103
2025-01-09,MH-NSK-PHC-001,AZITHROMYCIN_500,Azithromycin 500mg Tablets,32,213,81
2025-01-10,MH-NSK-PHC-001,AZITHROMYCIN_500,Azithromycin 500mg Tablets,31,182,99
2025-01-11,MH-NSK-PHC-001,AZITHROMYCIN_500,Azithromycin 500mg Tablets,22,160,105
2025-01-12,MH-NSK-PHC-001,AZITHROMYCIN_500,Azithromycin 500mg Tablets,11,149,72
2025-01-13,MH-NSK-PHC-001,AZITHROMYCIN_500,Azithromycin 500mg Tablets,15,134,69
2025-01-14,MH-NSK-PHC-001,AZITHROMYCIN_500,Azithromycin 500mg Tablets,11,123,87
2025-01-15,MH-NSK-PHC-001,AZITHROMYCIN_500,Azithromycin 500mg Tablets,11,112,80
2025-01-16,MH-NSK-PHC-001,AZITHROMYCIN_500,Azithromycin 500mg Tablets,11,101,78
2025-01-17,MH-NSK-PHC-001,AZITHROMYCIN_500,Azithromycin 500mg Tablets,13,88,77
2025-01-18,MH-NSK-PHC-001,AZITHROMYCIN_500,Azithromycin 500mg Tablets,12,300,75
2025-01-19,MH-NSK-PHC-001,AZITHROMYCIN_500,Azithromycin 500mg Tablets,17,283,83
2025-01-20,MH-NSK-PHC-001,AZITHROMYCIN_500,Azithromycin 500mg Tablets,13,270,84
2025-01-21,MH-NSK-PHC-001,AZITHROMYCIN_500,Azithromycin 500mg Tablets,18,252,66
2025-01-22,MH-NSK-PHC-001,AZITHROMYCIN_500,Azithromycin 500mg Tablets,12,240,76
2025-01-23,MH-NSK-PHC-001,AZITHROMYCIN_500,Azithromycin 500mg Tablets,15,225,69
2025-01-24,MH-NSK-PHC-001,AZITHROMYCIN_500,Azithromycin 500mg Tablets,11,214,83
2025-01-25,MH-NSK-PHC-001,AZITHROMYCIN_500,Azithromycin 500mg Tablets,13,201,80
2025-01-26,MH-NSK-PHC-001,AZITHROMYCIN_500,Azithromycin 500mg Tablets,11,190,89
2025-01-27,MH-NSK-PHC-001,AZITHROMYCIN_500,Azithromycin 500mg Tablets,13,177,72
2025-01-28,MH-NSK-PHC-001,AZITHROMYCIN_500,Azithromycin 500mg Tablets,13,164,72
2025-01-29,MH-NSK-PHC-001,AZITHROMYCIN_500,Azithromycin 500mg Tablets,14,150,68
2025-01-30,MH-NSK-PHC-001,AZITHROMYCIN_500,Azithromycin 500mg Tablets,15,135,66
2025-01-31,MH-NSK-PHC-001,AZITHROMYCIN_500,Azithromycin 500mg Tablets,17,118,75
2025-02-01,MH-NSK-PHC-001,AZITHROMYCIN_500,Azithromycin 500mg Tablets,18,100,90
2025-02-02,MH-NSK-PHC-001,AZITHROMYCIN_500,Azithromycin 500mg Tablets,11,89,82
2025-02-03,MH-NSK-PHC-001,AZITHROMYCIN_500,Azithromycin 500mg Tablets,16,241,74
2025-02-04,MH-NSK-PHC-001,AZITHROMYCIN_500,Azithromycin 500mg Tablets,12,229,88
2025-02-05,MH-NSK-PHC-001,AZITHROMYCIN_500,Azithromycin 500mg Tablets,17,212,89
2025-02-06,MH-NSK-PHC-001,AZITHROMYCIN_500,Azithromycin 500mg Tablets,15,197,78
2025-02-07,MH-NSK-PHC-001,AZITHROMYCIN_500,Azithromycin 500mg Tablets,18,179,80
2025-02-08,MH-NSK-PHC-001,AZITHROMYCIN_500,Azithromycin 500mg Tablets,14,165,67
2025-02-09,MH-NSK-PHC-001,AZITHROMYCIN_500,Azithromycin 500mg Tablets,11,154,79
2025-02-10,MH-NSK-PHC-001,AZITHROMYCIN_500,Azithromycin 500mg Tablets,17,137,89
2025-02-11,MH-NSK-PHC-001,AZITHROMYCIN_500,Azithromycin 500mg Tablets,14,123,85
2025-02-12,MH-NSK-PHC-001,AZITHROMYCIN_500,Azithromycin 500mg Tablets,15,108,90
2025-02-13,MH-NSK-PHC-001,AZITHROMYCIN_500,Azithromycin 500mg Tablets,12,96,72
2025-02-14,MH-NSK-PHC-001,AZITHROMYCIN_500,Azithromycin 500mg Tablets,16,80,89
2025-02-15,MH-NSK-PHC-001,AZITHROMYCIN_500,Azithromycin 500mg Tablets,12,68,74
2024-11-18,MH-NSK-PHC-001,METFORMIN_500,Metformin 500mg Tablets,21,397,78
2024-11-19,MH-NSK-PHC-001,METFORMIN_500,Metformin 500mg Tablets,24,373,67
2024-11-20,MH-NSK-PHC-001,METFORMIN_500,Metformin 500mg Tablets,25,348,86
2024-11-21,MH-NSK-PHC-001,METFORMIN_500,Metformin 500mg Tablets,18,330,68
2024-11-22,MH-NSK-PHC-001,METFORMIN_500,Metformin 500mg Tablets,20,310,74
2024-11-23,MH-NSK-PHC-001,METFORMIN_500,Metformin 500mg Tablets,18,292,74
2024-11-24,MH-NSK-PHC-001,METFORMIN_500,Metformin 500mg Tablets,24,268,78
2024-11-25,MH-NSK-PHC-001,METFORMIN_500,Metformin 500mg Tablets,22,246,82
2024-11-26,MH-NSK-PHC-001,METFORMIN_500,Metformin 500mg Tablets,19,227,68
2024-11-27,MH-NSK-PHC-001,METFORMIN_500,Metformin 500mg Tablets,20,207,80
2024-11-28,MH-NSK-PHC-001,METFORMIN_500,Metformin 500mg Tablets,22,185,77
2024-11-29,MH-NSK-PHC-001,METFORMIN_500,Metformin 500mg Tablets,21,164,84
2024-11-30,MH-NSK-PHC-001,METFORMIN_500,Metformin 500mg Tablets,22,142,87
2024-12-01,MH-NSK-PHC-001,METFORMIN_500,Metformin 500mg Tablets,22,384,75
2024-12-02,MH-NSK-PHC-001,METFORMIN_500,Metformin 500mg Tablets,22,362,77
2024-12-03,MH-NSK-PHC-001,METFORMIN_500,Metformin 500mg Tablets,18,344,68
2024-12-04,MH-NSK-PHC-001,METFORMIN_500,Metformin 500mg Tablets,18,326,71
2024-12-05,MH-NSK-PHC-001,METFORMIN_500,Metformin 500mg Tablets,23,303,82
2024-12-06,MH-NSK-PHC-001,METFORMIN_500,Metformin 500mg Tablets,19,284,67
2024-12-07,MH-NSK-PHC-001,METFORMIN_500,Metformin 500mg Tablets,19,265,81
2024-12-08,MH-NSK-PHC-001,METFORMIN_500,Metformin 500mg Tablets,22,243,70
2024-12-09,MH-NSK-PHC-001,METFORMIN_500,Metformin 500mg Tablets,25,218,75
2024-12-10,MH-NSK-PHC-001,METFORMIN_500,Metformin 500mg Tablets,18,200,89
2024-12-11,MH-NSK-PHC-001,METFORMIN_500,Metformin 500mg Tablets,20,180,68
2024-12-12,MH-NSK-PHC-001,METFORMIN_500,Metformin 500mg Tablets,21,159,77
2024-12-13,MH-NSK-PHC-001,METFORMIN_500,Metformin 500mg Tablets,24,135,85
2024-12-14,MH-NSK-PHC-001,METFORMIN_500,Metformin 500mg Tablets,23,401,84
2024-12-15,MH-NSK-PHC-001,METFORMIN_500,Metformin 500mg Tablets,24,377,81
2024-12-16,MH-NSK-PHC-001,METFORMIN_500,Metformin 500mg Tablets,21,356,79
2024-12-17,MH-NSK-PHC-001,METFORMIN_500,Metformin 500mg Tablets,21,335,67
2024-12-18,MH-NSK-PHC-001,METFORMIN_500,Metformin 500mg Tablets,24,311,71
2024-12-19,MH-NSK-PHC-001,METFORMIN_500,Metformin 500mg Tablets,25,286,88
2024-12-20,MH-NSK-PHC-001,METFORMIN_500,Metformin 500mg Tablets,24,262,76
2024-12-21,MH-NSK-PHC-001,METFORMIN_500,Metformin 500mg Tablets,24,238,66
2024-12-22,MH-NSK-PHC-001,METFORMIN_500,Metformin 500mg Tablets,24,214,88
2024-12-23,MH-NSK-PHC-001,METFORMIN_500,Metformin 500mg Tablets,19,195,79
2024-12-24,MH-NSK-PHC-001,METFORMIN_500,Metformin 500mg Tablets,19,176,69
2024-12-25,MH-NSK-PHC-001,METFORMIN_500,Metformin 500mg Tablets,19,157,72
2024-12-26,MH-NSK-PHC-001,METFORMIN_500,Metformin 500mg Tablets,19,138,67
2024-12-27,MH-NSK-PHC-001,METFORMIN_500,Metformin 500mg Tablets,23,367,69
2024-12-28,MH-NSK-PHC-001,METFORMIN_500,Metformin 500mg Tablets,24,343,74
2024-12-29,MH-NSK-PHC-001,METFORMIN_500,Metformin 500mg Tablets,20,323,81
2024-12-30,MH-NSK-PHC-001,METFORMIN_500,Metformin 500mg Tablets,23,300,71
2024-12-31,MH-NSK-PHC-001,METFORMIN_500,Metformin 500mg Tablets,22,278,78
2025-01-01,MH-NSK-PHC-001,METFORMIN_500,Metformin 500mg Tablets,19,259,69
2025-01-02,MH-NSK-PHC-001,METFORMIN_500,Metformin 500mg Tablets,25,234,77
2025-01-03,MH-NSK-PHC-001,METFORMIN_500,Metformin 500mg Tablets,23,211,80
2025-01-04,MH-NSK-PHC-001,METFORMIN_500,Metformin 500mg Tablets,23,188,79
2025-01-05,MH-NSK-PHC-001,METFORMIN_500,Metformin 500mg Tablets,25,163,88
2025-01-06,MH-NSK-PHC-001,METFORMIN_500,Metformin 500mg Tablets,22,141,87
2025-01-07,MH-NSK-PHC-001,METFORMIN_500,Metformin 500mg Tablets,24,360,75
2025-01-08,MH-NSK-PHC-001,METFORMIN_500,Metformin 500mg Tablets,20,340,89
2025-01-09,MH-NSK-PHC-001,METFORMIN_500,Metformin 500mg Tablets,21,319,89
2025-01-10,MH-NSK-PHC-001,METFORMIN_500,Metformin 500mg Tablets,20,299,89
2025-01-11,MH-NSK-PHC-001,METFORMIN_500,Metformin 500mg Tablets,25,274,77
2025-01-12,MH-NSK-PHC-001,METFORMIN_500,Metformin 500mg Tablets,23,251,76
2025-01-13,MH-NSK-PHC-001,METFORMIN_500,Metformin 500mg Tablets,21,230,85
2025-01-14,MH-NSK-PHC-001,METFORMIN_500,Metformin 500mg Tablets,23,207,79
2025-01-15,MH-NSK-PHC-001,METFORMIN_500,Metformin 500mg Tablets,23,184,74
2025-01-16,MH-NSK-PHC-001,METFORMIN_500,Metformin 500mg Tablets,21,163,70
2025-01-17,MH-NSK-PHC-001,METFORMIN_500,Metformin 500mg Tablets,18,145,88
2025-01-18,MH-NSK-PHC-001,METFORMIN_500,Metformin 500mg Tablets,22,123,68
2025-01-19,MH-NSK-PHC-001,METFORMIN_500,Metformin 500mg Tablets,20,368,75
2025-01-20,MH-NSK-PHC-001,METFORMIN_500,Metformin 500mg Tablets,25,343,70
2025-01-21,MH-NSK-PHC-001,METFORMIN_500,Metformin 500mg Tablets,20,323,68
2025-01-22,MH-NSK-PHC-001,METFORMIN_500,Metformin 500mg Tablets,25,298,68
2025-01-23,MH-NSK-PHC-001,METFORMIN_500,Metformin 500mg Tablets,19,279,73
2025-01-24,MH-NSK-PHC-001,METFORMIN_500,Metformin 500mg Tablets,19,260,90
2025-01-25,MH-NSK-PHC-001,METFORMIN_500,Metformin 500mg Tablets,25,235,86
2025-01-26,MH-NSK-PHC-001,METFORMIN_500,Metformin 500mg Tablets,24,211,73
2025-01-27,MH-NSK-PHC-001,METFORMIN_500,Metformin 500mg Tablets,20,191,71
2025-01-28,MH-NSK-PHC-001,METFORMIN_500,Metformin 500mg Tablets,23,168,78
2025-01-29,MH-NSK-PHC-001,METFORMIN_500,Metformin 500mg Tablets,20,148,78
2025-01-30,MH-NSK-PHC-001,METFORMIN_500,Metformin 500mg Tablets,20,128,66
2025-01-31,MH-NSK-PHC-001,METFORMIN_500,Metformin 500mg Tablets,19,445,74
2025-02-01,MH-NSK-PHC-001,METFORMIN_500,Metformin 500mg Tablets,23,422,83
2025-02-02,MH-NSK-PHC-001,METFORMIN_500,Metformin 500mg Tablets,22,400,79
2025-02-03,MH-NSK-PHC-001,METFORMIN_500,Metformin 500mg Tablets,18,382,78
2025-02-04,MH-NSK-PHC-001,METFORMIN_500,Metformin 500mg Tablets,21,361,88
2025-02-05,MH-NSK-PHC-001,METFORMIN_500,Metformin 500mg Tablets,23,338,86
2025-02-06,MH-NSK-PHC-001,METFORMIN_500,Metformin 500mg Tablets,22,316,85
2025-02-07,MH-NSK-PHC-001,METFORMIN_500,Metformin 500mg Tablets,18,298,72
2025-02-08,MH-NSK-PHC-001,METFORMIN_500,Metformin 500mg Tablets,22,276,81
2025-02-09,MH-NSK-PHC-001,METFORMIN_500,Metformin 500mg Tablets,23,253,90
2025-02-10,MH-NSK-PHC-001,METFORMIN_500,Metformin 500mg Tablets,20,233,78
2025-02-11,MH-NSK-PHC-001,METFORMIN_500,Metformin 500mg Tablets,19,214,68
2025-02-12,MH-NSK-PHC-001,METFORMIN_500,Metformin 500mg Tablets,24,190,79
2025-02-13,MH-NSK-PHC-001,METFORMIN_500,Metformin 500mg Tablets,20,170,75
2025-02-14,MH-NSK-PHC-001,METFORMIN_500,Metformin 500mg Tablets,18,152,80
2025-02-15,MH-NSK-PHC-001,METFORMIN_500,Metformin 500mg Tablets,24,128,83
2024-11-18,MH-NSK-PHC-001,INSULIN_REGULAR,Insulin Regular (100IU/ml),3,149,74
2024-11-19,MH-NSK-PHC-001,INSULIN_REGULAR,Insulin Regular (100IU/ml),1,148,79
2024-11-20,MH-NSK-PHC-001,INSULIN_REGULAR,Insulin Regular (100IU/ml),1,147,67
2024-11-21,MH-NSK-PHC-001,INSULIN_REGULAR,Insulin Regular (100IU/ml),1,146,87
2024-11-22,MH-NSK-PHC-001,INSULIN_REGULAR,Insulin Regular (100IU/ml),2,144,87
2024-11-23,MH-NSK-PHC-001,INSULIN_REGULAR,Insulin Regular (100IU/ml),6,138,70
2024-11-24,MH-NSK-PHC-001,INSULIN_REGULAR,Insulin Regular (100IU/ml),7,131,85
2024-11-25,MH-NSK-PHC-001,INSULIN_REGULAR,Insulin Regular (100IU/ml),2,129,89
2024-11-26,MH-NSK-PHC-001,INSULIN_REGULAR,Insulin Regular (100IU/ml),4,125,86
2024-11-27,MH-NSK-PHC-001,INSULIN_REGULAR,Insulin Regular (100IU/ml),8,117,89
2024-11-28,MH-NSK-PHC-001,INSULIN_REGULAR,Insulin Regular (100IU/ml),8,109,77
2024-11-29,MH-NSK-PHC-001,INSULIN_REGULAR,Insulin Regular (100IU/ml),5,104,70
2024-11-30,MH-NSK-PHC-001,INSULIN_REGULAR,Insulin Regular (100IU/ml),6,98,79
2024-12-01,MH-NSK-PHC-001,INSULIN_REGULAR,Insulin Regular (100IU/ml),2,96,76
2024-12-02,MH-NSK-PHC-001,INSULIN_REGULAR,Insulin Regular (100IU/ml),2,94,76
2024-12-03,MH-NSK-PHC-001,INSULIN_REGULAR,Insulin Regular (100IU/ml),2,92,81
2024-12-04,MH-NSK-PHC-001,INSULIN_REGULAR,Insulin Regular (100IU/ml),5,87,70
2024-12-05,MH-NSK-PHC-001,INSULIN_REGULAR,Insulin Regular (100IU/ml),5,82,84
2024-12-06,MH-NSK-PHC-001,INSULIN_REGULAR,Insulin Regular (100IU/ml),2,80,85
2024-12-07,MH-NSK-PHC-001,INSULIN_REGULAR,Insulin Regular (100IU/ml),7,73,88
2024-12-08,MH-NSK-PHC-001,INSULIN_REGULAR,Insulin Regular (100IU/ml),6,67,69
2024-12-09,MH-NSK-PHC-001,INSULIN_REGULAR,Insulin Regular (100IU/ml),8,59,88
2024-12-10,MH-NSK-PHC-001,INSULIN_REGULAR,Insulin Regular (100IU/ml),5,54,79
2024-12-11,MH-NSK-PHC-001,INSULIN_REGULAR,Insulin Regular (100IU/ml),1,53,78
2024-12-12,MH-NSK-PHC-001,INSULIN_REGULAR,Insulin Regular (100IU/ml),2,51,75
2024-12-13,MH-NSK-PHC-001,INSULIN_REGULAR,Insulin Regular (100IU/ml),7,44,86
2024-12-14,MH-NSK-PHC-001,INSULIN_REGULAR,Insulin Regular (100IU/ml),4,40,75
2024-12-15,MH-NSK-PHC-001,INSULIN_REGULAR,Insulin Regular (100IU/ml),3,37,69
2024-12-16,MH-NSK-PHC-001,INSULIN_REGULAR,Insulin Regular (100IU/ml),6,31,69
2024-12-17,MH-NSK-PHC-001,INSULIN_REGULAR,Insulin Regular (100IU/ml),3,134,82
2024-12-18,MH-NSK-PHC-001,INSULIN_REGULAR,Insulin Regular (100IU/ml),1,133,84
2024-12-19,MH-NSK-PHC-001,INSULIN_REGULAR,Insulin Regular (100IU/ml),6,127,71
2024-12-20,MH-NSK-PHC-001,INSULIN_REGULAR,Insulin Regular (100IU/ml),7,120,77
2024-12-21,MH-NSK-PHC-001,INSULIN_REGULAR,Insulin Regular (100IU/ml),4,116,73
2024-12-22,MH-NSK-PHC-001,INSULIN_REGULAR,Insulin Regular (100IU/ml),8,108,69
2024-12-23,MH-NSK-PHC-001,INSULIN_REGULAR,Insulin Regular (100IU/ml),4,104,77
2024-12-24,MH-NSK-PHC-001,INSULIN_REGULAR,Insulin Regular (100IU/ml),2,102,86
2024-12-25,MH-NSK-PHC-001,INSULIN_REGULAR,Insulin Regular (100IU/ml),4,98,81
2024-12-26,MH-NSK-PHC-001,INSULIN_REGULAR,Insulin Regular (100IU/ml),6,92,71
2024-12-27,MH-NSK-PHC-001,INSULIN_REGULAR,Insulin Regular (100IU/ml),6,86,76
2024-12-28,MH-NSK-PHC-001,INSULIN_REGULAR,Insulin Regular (100IU/ml),7,79,71
2024-12-29,MH-NSK-PHC-001,INSULIN_REGULAR,Insulin Regular (100IU/ml),2,77,76
2024-12-30,MH-NSK-PHC-001,INSULIN_REGULAR,Insulin Regular (100IU/ml),1,76,70
2024-12-31,MH-NSK-PHC-001,INSULIN_REGULAR,Insulin Regular (100IU/ml),1,75,69
2025-01-01,MH-NSK-PHC-001,INSULIN_REGULAR,Insulin Regular (100IU/ml),8,67,67
2025-01-02,MH-NSK-PHC-001,INSULIN_REGULAR,Insulin Regular (100IU/ml),1,66,71
2025-01-03,MH-NSK-PHC-001,INSULIN_REGULAR,Insulin Regular (100IU/ml),5,61,74
2025-01-04,MH-NSK-PHC-001,INSULIN_REGULAR,Insulin Regular (100IU/ml),6,55,88
2025-01-05,MH-NSK-PHC-001,INSULIN_REGULAR,Insulin Regular (100IU/ml),7,48,71
2025-01-06,MH-NSK-PHC-001,INSULIN_REGULAR,Insulin Regular (100IU/ml),4,44,89
2025-01-07,MH-NSK-PHC-001,INSULIN_REGULAR,Insulin Regular (100IU/ml),7,37,87
2025-01-08,MH-NSK-PHC-001,INSULIN_REGULAR,Insulin Regular (100IU/ml),6,31,89
2025-01-09,MH-NSK-PHC-001,INSULIN_REGULAR,Insulin Regular (100IU/ml),7,171,80
2025-01-10,MH-NSK-PHC-001,INSULIN_REGULAR,Insulin Regular (100IU/ml),2,169,76
2025-01-11,MH-NSK-PHC-001,INSULIN_REGULAR,Insulin Regular (100IU/ml),7,162,84
2025-01-12,MH-NSK-PHC-001,INSULIN_REGULAR,Insulin Regular (100IU/ml),6,156,67
2025-01-13,MH-NSK-PHC-001,INSULIN_REGULAR,Insulin Regular (100IU/ml),1,155,78
2025-01-14,MH-NSK-PHC-001,INSULIN_REGULAR,Insulin Regular (100IU/ml),8,147,82
2025-01-15,MH-NSK-PHC-001,INSULIN_REGULAR,Insulin Regular (100IU/ml),8,139,70
2025-01-16,MH-NSK-PHC-001,INSULIN_REGULAR,Insulin Regular (100IU/ml),8,131,71
2025-01-17,MH-NSK-PHC-001,INSULIN_REGULAR,Insulin Regular (100IU/ml),5,126,82
2025-01-18,MH-NSK-PHC-001,INSULIN_REGULAR,Insulin Regular (100IU/ml),1,125,77
2025-01-19,MH-NSK-PHC-001,INSULIN_REGULAR,Insulin Regular (100IU/ml),6,119,70
2025-01-20,MH-NSK-PHC-001,INSULIN_REGULAR,Insulin Regular (100IU/ml),1,118,78
2025-01-21,MH-NSK-PHC-001,INSULIN_REGULAR,Insulin Regular (100IU/ml),7,111,73
2025-01-22,MH-NSK-PHC-001,INSULIN_REGULAR,Insulin Regular (100IU/ml),3,108,76
2025-01-23,MH-NSK-PHC-001,INSULIN_REGULAR,Insulin Regular (100IU/ml),2,106,84
2025-01-24,MH-NSK-PHC-001,INSULIN_REGULAR,Insulin Regular (100IU/ml),4,102,79
2025-01-25,MH-NSK-PHC-001,INSULIN_REGULAR,Insulin Regular (100IU/ml),3,99,88
2025-01-26,MH-NSK-PHC-001,INSULIN_REGULAR,Insulin Regular (100IU/ml),2,97,73
2025-01-27,MH-NSK-PHC-001,INSULIN_REGULAR,Insulin Regular (100IU/ml),8,89,69
2025-01-28,MH-NSK-PHC-001,INSULIN_REGULAR,Insulin Regular (100IU/ml),6,83,74
2025-01-29,MH-NSK-PHC-001,INSULIN_REGULAR,Insulin Regular (100IU/ml),7,76,90
2025-01-30,MH-NSK-PHC-001,INSULIN_REGULAR,Insulin Regular (100IU/ml),7,69,89
2025-01-31,MH-NSK-PHC-001,INSULIN_REGULAR,Insulin Regular (100IU/ml),8,61,85
2025-02-01,MH-NSK-PHC-001,INSULIN_REGULAR,Insulin Regular (100IU/ml),4,57,78
2025-02-02,MH-NSK-PHC-001,INSULIN_REGULAR,Insulin Regular (100IU/ml),4,53,87
2025-02-03,MH-NSK-PHC-001,INSULIN_REGULAR,Insulin Regular (100IU/ml),5,48,68
2025-02-04,MH-NSK-PHC-001,INSULIN_REGULAR,Insulin Regular (100IU/ml),8,40,73
2025-02-05,MH-NSK-PHC-001,INSULIN_REGULAR,Insulin Regular (100IU/ml),4,36,79
2025-02-06,MH-NSK-PHC-001,INSULIN_REGULAR,Insulin Regular (100IU/ml),3,33,70
2025-02-07,MH-NSK-PHC-001,INSULIN_REGULAR,Insulin Regular (100IU/ml),7,142,88
2025-02-08,MH-NSK-PHC-001,INSULIN_REGULAR,Insulin Regular (100IU/ml),2,140,72
2025-02-09,MH-NSK-PHC-001,INSULIN_REGULAR,Insulin Regular (100IU/ml),3,137,76
2025-02-10,MH-NSK-PHC-001,INSULIN_REGULAR,Insulin Regular (100IU/ml),7,130,85
2025-02-11,MH-NSK-PHC-001,INSULIN_REGULAR,Insulin Regular (100IU/ml),7,123,82
2025-02-12,MH-NSK-PHC-001,INSULIN_REGULAR,Insulin Regular (100IU/ml),5,118,88
2025-02-13,MH-NSK-PHC-001,INSULIN_REGULAR,Insulin Regular (100IU/ml),8,110,74
2025-02-14,MH-NSK-PHC-001,INSULIN_REGULAR,Insulin Regular (100IU/ml),8,102,69
2025-02-15,MH-NSK-PHC-001,INSULIN_REGULAR,Insulin Regular (100IU/ml),1,101,82
2024-11-18,MH-NSK-PHC-001,RABIES_VACCINE,Anti-Rabies Vaccine (ARV),1,224,68
2024-11-19,MH-NSK-PHC-001,RABIES_VACCINE,Anti-Rabies Vaccine (ARV),1,223,72
2024-11-20,MH-NSK-PHC-001,RABIES_VACCINE,Anti-Rabies Vaccine (ARV),5,218,86
2024-11-21,MH-NSK-PHC-001,RABIES_VACCINE,Anti-Rabies Vaccine (ARV),4,214,77
2024-11-22,MH-NSK-PHC-001,RABIES_VACCINE,Anti-Rabies Vaccine (ARV),3,211,86
2024-11-23,MH-NSK-PHC-001,RABIES_VACCINE,Anti-Rabies Vaccine (ARV),1,210,75
2024-11-24,MH-NSK-PHC-001,RABIES_VACCINE,Anti-Rabies Vaccine (ARV),4,206,90
2024-11-25,MH-NSK-PHC-001,RABIES_VACCINE,Anti-Rabies Vaccine (ARV),7,199,69
2024-11-26,MH-NSK-PHC-001,RABIES_VACCINE,Anti-Rabies Vaccine (ARV),4,195,78
2024-11-27,MH-NSK-PHC-001,RABIES_VACCINE,Anti-Rabies Vaccine (ARV),1,194,87
2024-11-28,MH-NSK-PHC-001,RABIES_VACCINE,Anti-Rabies Vaccine (ARV),6,188,74
2024-11-29,MH-NSK-PHC-001,RABIES_VACCINE,Anti-Rabies Vaccine (ARV),1,187,89
2024-11-30,MH-NSK-PHC-001,RABIES_VACCINE,Anti-Rabies Vaccine (ARV),4,183,87
2024-12-01,MH-NSK-PHC-001,RABIES_VACCINE,Anti-Rabies Vaccine (ARV),4,179,72
2024-12-02,MH-NSK-PHC-001,RABIES_VACCINE,Anti-Rabies Vaccine (ARV),1,178,81
2024-12-03,MH-NSK-PHC-001,RABIES_VACCINE,Anti-Rabies Vaccine (ARV),1,177,83
2024-12-04,MH-NSK-PHC-001,RABIES_VACCINE,Anti-Rabies Vaccine (ARV),7,170,78
2024-12-05,MH-NSK-PHC-001,RABIES_VACCINE,Anti-Rabies Vaccine (ARV),7,163,70
2024-12-06,MH-NSK-PHC-001,RABIES_VACCINE,Anti-Rabies Vaccine (ARV),7,156,68
2024-12-07,MH-NSK-PHC-001,RABIES_VACCINE,Anti-Rabies Vaccine (ARV),1,155,71
2024-12-08,MH-NSK-PHC-001,RABIES_VACCINE,Anti-Rabies Vaccine (ARV),6,149,90
2024-12-09,MH-NSK-PHC-001,RABIES_VACCINE,Anti-Rabies Vaccine (ARV),3,146,88
2024-12-10,MH-NSK-PHC-001,RABIES_VACCINE,Anti-Rabies Vaccine (ARV),3,143,78
2024-12-11,MH-NSK-PHC-001,RABIES_VACCINE,Anti-Rabies Vaccine (ARV),2,141,79
2024-12-12,MH-NSK-PHC-001,RABIES_VACCINE,Anti-Rabies Vaccine (ARV),4,137,90
2024-12-13,MH-NSK-PHC-001,RABIES_VACCINE,Anti-Rabies Vaccine (ARV),7,130,80
2024-12-14,MH-NSK-PHC-001,RABIES_VACCINE,Anti-Rabies Vaccine (ARV),2,128,77
2024-12-15,MH-NSK-PHC-001,RABIES_VACCINE,Anti-Rabies Vaccine (ARV),1,127,66
2024-12-16,MH-NSK-PHC-001,RABIES_VACCINE,Anti-Rabies Vaccine (ARV),4,123,80
2024-12-17,MH-NSK-PHC-001,RABIES_VACCINE,Anti-Rabies Vaccine (ARV),4,119,76
2024-12-18,MH-NSK-PHC-001,RABIES_VACCINE,Anti-Rabies Vaccine (ARV),3,116,76
2024-12-19,MH-NSK-PHC-001,RABIES_VACCINE,Anti-Rabies Vaccine (ARV),7,109,83
2024-12-20,MH-NSK-PHC-001,RABIES_VACCINE,Anti-Rabies Vaccine (ARV),7,102,86
2024-12-21,MH-NSK-PHC-001,RABIES_VACCINE,Anti-Rabies Vaccine (ARV),4,98,81
2024-12-22,MH-NSK-PHC-001,RABIES_VACCINE,Anti-Rabies Vaccine (ARV),7,91,72
2024-12-23,MH-NSK-PHC-001,RABIES_VACCINE,Anti-Rabies Vaccine (ARV),2,89,73
2024-12-24,MH-NSK-PHC-001,RABIES_VACCINE,Anti-Rabies Vaccine (ARV),2,87,84
2024-12-25,MH-NSK-PHC-001,RABIES_VACCINE,Anti-Rabies Vaccine (ARV),3,84,72
2024-12-26,MH-NSK-PHC-001,RABIES_VACCINE,Anti-Rabies Vaccine (ARV),1,83,70
2024-12-27,MH-NSK-PHC-001,RABIES_VACCINE,Anti-Rabies Vaccine (ARV),1,82,85
2024-12-28,MH-NSK-PHC-001,RABIES_VACCINE,Anti-Rabies Vaccine (ARV),5,77,81
2024-12-29,MH-NSK-PHC-001,RABIES_VACCINE,Anti-Rabies Vaccine (ARV),6,71,89
2024-12-30,MH-NSK-PHC-001,RABIES_VACCINE,Anti-Rabies Vaccine (ARV),7,64,90
2024-12-31,MH-NSK-PHC-001,RABIES_VACCINE,Anti-Rabies Vaccine (ARV),1,63,88
2025-01-01,MH-NSK-PHC-001,RABIES_VACCINE,Anti-Rabies Vaccine (ARV),6,57,70
2025-01-02,MH-NSK-PHC-001,RABIES_VACCINE,Anti-Rabies Vaccine (ARV),6,51,81
2025-01-03,MH-NSK-PHC-001,RABIES_VACCINE,Anti-Rabies Vaccine (ARV),2,49,79
2025-01-04,MH-NSK-PHC-001,RABIES_VACCINE,Anti-Rabies Vaccine (ARV),4,45,74
2025-01-05,MH-NSK-PHC-001,RABIES_VACCINE,Anti-Rabies Vaccine (ARV),3,42,80
2025-01-06,MH-NSK-PHC-001,RABIES_VACCINE,Anti-Rabies Vaccine (ARV),1,41,75
2025-01-07,MH-NSK-PHC-001,RABIES_VACCINE,Anti-Rabies Vaccine (ARV),1,40,74
2025-01-08,MH-NSK-PHC-001,RABIES_VACCINE,Anti-Rabies Vaccine (ARV),6,34,72
2025-01-09,MH-NSK-PHC-001,RABIES_VACCINE,Anti-Rabies Vaccine (ARV),1,33,68
2025-01-10,MH-NSK-PHC-001,RABIES_VACCINE,Anti-Rabies Vaccine (ARV),7,26,84
2025-01-11,MH-NSK-PHC-001,RABIES_VACCINE,Anti-Rabies Vaccine (ARV),4,89,85
2025-01-12,MH-NSK-PHC-001,RABIES_VACCINE,Anti-Rabies Vaccine (ARV),3,86,88
2025-01-13,MH-NSK-PHC-001,RABIES_VACCINE,Anti-Rabies Vaccine (ARV),1,85,77
2025-01-14,MH-NSK-PHC-001,RABIES_VACCINE,Anti-Rabies Vaccine (ARV),4,81,77
2025-01-15,MH-NSK-PHC-001,RABIES_VACCINE,Anti-Rabies Vaccine (ARV),7,74,81
2025-01-16,MH-NSK-PHC-001,RABIES_VACCINE,Anti-Rabies Vaccine (ARV),2,72,89
2025-01-17,MH-NSK-PHC-001,RABIES_VACCINE,Anti-Rabies Vaccine (ARV),1,71,88
2025-01-18,MH-NSK-PHC-001,RABIES_VACCINE,Anti-Rabies Vaccine (ARV),1,70,72
2025-01-19,MH-NSK-PHC-001,RABIES_VACCINE,Anti-Rabies Vaccine (ARV),1,69,75
2025-01-20,MH-NSK-PHC-001,RABIES_VACCINE,Anti-Rabies Vaccine (ARV),4,65,66
2025-01-21,MH-NSK-PHC-001,RABIES_VACCINE,Anti-Rabies Vaccine (ARV),2,63,67
2025-01-22,MH-NSK-PHC-001,RABIES_VACCINE,Anti-Rabies Vaccine (ARV),1,62,70
2025-01-23,MH-NSK-PHC-001,RABIES_VACCINE,Anti-Rabies Vaccine (ARV),5,57,81
2025-01-24,MH-NSK-PHC-001,RABIES_VACCINE,Anti-Rabies Vaccine (ARV),7,50,79
2025-01-25,MH-NSK-PHC-001,RABIES_VACCINE,Anti-Rabies Vaccine (ARV),1,49,75
2025-01-26,MH-NSK-PHC-001,RABIES_VACCINE,Anti-Rabies Vaccine (ARV),4,45,80
2025-01-27,MH-NSK-PHC-001,RABIES_VACCINE,Anti-Rabies Vaccine (ARV),7,38,78
2025-01-28,MH-NSK-PHC-001,RABIES_VACCINE,Anti-Rabies Vaccine (ARV),5,33,75
2025-01-29,MH-NSK-PHC-001,RABIES_VACCINE,Anti-Rabies Vaccine (ARV),6,27,87
2025-01-30,MH-NSK-PHC-001,RABIES_VACCINE,Anti-Rabies Vaccine (ARV),1,159,73
2025-01-31,MH-NSK-PHC-001,RABIES_VACCINE,Anti-Rabies Vaccine (ARV),1,158,76
2025-02-01,MH-NSK-PHC-001,RABIES_VACCINE,Anti-Rabies Vaccine (ARV),6,152,79
2025-02-02,MH-NSK-PHC-001,RABIES_VACCINE,Anti-Rabies Vaccine (ARV),6,146,72
2025-02-03,MH-NSK-PHC-001,RABIES_VACCINE,Anti-Rabies Vaccine (ARV),6,140,84
2025-02-04,MH-NSK-PHC-001,RABIES_VACCINE,Anti-Rabies Vaccine (ARV),6,134,85
2025-02-05,MH-NSK-PHC-001,RABIES_VACCINE,Anti-Rabies Vaccine (ARV),5,129,78
2025-02-06,MH-NSK-PHC-001,RABIES_VACCINE,Anti-Rabies Vaccine (ARV),2,127,67
2025-02-07,MH-NSK-PHC-001,RABIES_VACCINE,Anti-Rabies Vaccine (ARV),4,123,71
2025-02-08,MH-NSK-PHC-001,RABIES_VACCINE,Anti-Rabies Vaccine (ARV),1,122,84
2025-02-09,MH-NSK-PHC-001,RABIES_VACCINE,Anti-Rabies Vaccine (ARV),3,119,70
2025-02-10,MH-NSK-PHC-001,RABIES_VACCINE,Anti-Rabies Vaccine (ARV),5,114,66
2025-02-11,MH-NSK-PHC-001,RABIES_VACCINE,Anti-Rabies Vaccine (ARV),7,107,87
2025-02-12,MH-NSK-PHC-001,RABIES_VACCINE,Anti-Rabies Vaccine (ARV),6,101,67
2025-02-13,MH-NSK-PHC-001,RABIES_VACCINE,Anti-Rabies Vaccine (ARV),7,94,76
2025-02-14,MH-NSK-PHC-001,RABIES_VACCINE,Anti-Rabies Vaccine (ARV),1,93,72
2025-02-15,MH-NSK-PHC-001,RABIES_VACCINE,Anti-Rabies Vaccine (ARV),1,92,68
2024-11-18,MH-NSK-PHC-001,OXYGEN_CYLINDER,Medical Oxygen D-Type,1,160,89
2024-11-19,MH-NSK-PHC-001,OXYGEN_CYLINDER,Medical Oxygen D-Type,4,156,67
2024-11-20,MH-NSK-PHC-001,OXYGEN_CYLINDER,Medical Oxygen D-Type,4,152,68
2024-11-21,MH-NSK-PHC-001,OXYGEN_CYLINDER,Medical Oxygen D-Type,1,151,83
2024-11-22,MH-NSK-PHC-001,OXYGEN_CYLINDER,Medical Oxygen D-Type,2,149,72
2024-11-23,MH-NSK-PHC-001,OXYGEN_CYLINDER,Medical Oxygen D-Type,1,148,87
2024-11-24,MH-NSK-PHC-001,OXYGEN_CYLINDER,Medical Oxygen D-Type,3,145,67
2024-11-25,MH-NSK-PHC-001,OXYGEN_CYLINDER,Medical Oxygen D-Type,1,144,83
2024-11-26,MH-NSK-PHC-001,OXYGEN_CYLINDER,Medical Oxygen D-Type,3,141,79
2024-11-27,MH-NSK-PHC-001,OXYGEN_CYLINDER,Medical Oxygen D-Type,1,140,84
2024-11-28,MH-NSK-PHC-001,OXYGEN_CYLINDER,Medical Oxygen D-Type,1,139,82
2024-11-29,MH-NSK-PHC-001,OXYGEN_CYLINDER,Medical Oxygen D-Type,2,137,73
2024-11-30,MH-NSK-PHC-001,OXYGEN_CYLINDER,Medical Oxygen D-Type,1,136,73
2024-12-01,MH-NSK-PHC-001,OXYGEN_CYLINDER,Medical Oxygen D-Type,1,135,66
2024-12-02,MH-NSK-PHC-001,OXYGEN_CYLINDER,Medical Oxygen D-Type,1,134,74
2024-12-03,MH-NSK-PHC-001,OXYGEN_CYLINDER,Medical Oxygen D-Type,5,129,83
2024-12-04,MH-NSK-PHC-001,OXYGEN_CYLINDER,Medical Oxygen D-Type,5,124,86
2024-12-05,MH-NSK-PHC-001,OXYGEN_CYLINDER,Medical Oxygen D-Type,2,122,71
2024-12-06,MH-NSK-PHC-001,OXYGEN_CYLINDER,Medical Oxygen D-Type,1,121,73
2024-12-07,MH-NSK-PHC-001,OXYGEN_CYLINDER,Medical Oxygen D-Type,3,118,70
2024-12-08,MH-NSK-PHC-001,OXYGEN_CYLINDER,Medical Oxygen D-Type,5,113,84
2024-12-09,MH-NSK-PHC-001,OXYGEN_CYLINDER,Medical Oxygen D-Type,2,111,77
2024-12-10,MH-NSK-PHC-001,OXYGEN_CYLINDER,Medical Oxygen D-Type,1,110,86
2024-12-11,MH-NSK-PHC-001,OXYGEN_CYLINDER,Medical Oxygen D-Type,2,108,83
2024-12-12,MH-NSK-PHC-001,OXYGEN_CYLINDER,Medical Oxygen D-Type,5,103,85
2024-12-13,MH-NSK-PHC-001,OXYGEN_CYLINDER,Medical Oxygen D-Type,1,102,85
2024-12-14,MH-NSK-PHC-001,OXYGEN_CYLINDER,Medical Oxygen D-Type,1,101,86
2024-12-15,MH-NSK-PHC-001,OXYGEN_CYLINDER,Medical Oxygen D-Type,1,100,82
2024-12-16,MH-NSK-PHC-001,OXYGEN_CYLINDER,Medical Oxygen D-Type,3,97,69
2024-12-17,MH-NSK-PHC-001,OXYGEN_CYLINDER,Medical Oxygen D-Type,1,96,76
2024-12-18,MH-NSK-PHC-001,OXYGEN_CYLINDER,Medical Oxygen D-Type,4,92,72
2024-12-19,MH-NSK-PHC-001,OXYGEN_CYLINDER,Medical Oxygen D-Type,5,87,67
2024-12-20,MH-NSK-PHC-001,OXYGEN_CYLINDER,Medical Oxygen D-Type,3,84,72
2024-12-21,MH-NSK-PHC-001,OXYGEN_CYLINDER,Medical Oxygen D-Type,1,83,74
2024-12-22,MH-NSK-PHC-001,OXYGEN_CYLINDER,Medical Oxygen D-Type,1,82,74
2024-12-23,MH-NSK-PHC-001,OXYGEN_CYLINDER,Medical Oxygen D-Type,4,78,89
2024-12-24,MH-NSK-PHC-001,OXYGEN_CYLINDER,Medical Oxygen D-Type,3,75,75
2024-12-25,MH-NSK-PHC-001,OXYGEN_CYLINDER,Medical Oxygen D-Type,3,72,69
2024-12-26,MH-NSK-PHC-001,OXYGEN_CYLINDER,Medical Oxygen D-Type,1,71,77
2024-12-27,MH-NSK-PHC-001,OXYGEN_CYLINDER,Medical Oxygen D-Type,2,69,66
2024-12-28,MH-NSK-PHC-001,OXYGEN_CYLINDER,Medical Oxygen D-Type,3,66,75
2024-12-29,MH-NSK-PHC-001,OXYGEN_CYLINDER,Medical Oxygen D-Type,4,62,86
2024-12-30,MH-NSK-PHC-001,OXYGEN_CYLINDER,Medical Oxygen D-Type,1,61,87
2024-12-31,MH-NSK-PHC-001,OXYGEN_CYLINDER,Medical Oxygen D-Type,3,58,87
2025-01-01,MH-NSK-PHC-001,OXYGEN_CYLINDER,Medical Oxygen D-Type,2,56,79
2025-01-02,MH-NSK-PHC-001,OXYGEN_CYLINDER,Medical Oxygen D-Type,4,52,69
2025-01-03,MH-NSK-PHC-001,OXYGEN_CYLINDER,Medical Oxygen D-Type,4,48,85
2025-01-04,MH-NSK-PHC-001,OXYGEN_CYLINDER,Medical Oxygen D-Type,1,47,69
2025-01-05,MH-NSK-PHC-001,OXYGEN_CYLINDER,Medical Oxygen D-Type,1,46,71
2025-01-06,MH-NSK-PHC-001,OXYGEN_CYLINDER,Medical Oxygen D-Type,1,45,68
2025-01-07,MH-NSK-PHC-001,OXYGEN_CYLINDER,Medical Oxygen D-Type,2,43,87
2025-01-08,MH-NSK-PHC-001,OXYGEN_CYLINDER,Medical Oxygen D-Type,1,42,89
2025-01-09,MH-NSK-PHC-001,OXYGEN_CYLINDER,Medical Oxygen D-Type,1,41,70
2025-01-10,MH-NSK-PHC-001,OXYGEN_CYLINDER,Medical Oxygen D-Type,1,40,71
2025-01-11,MH-NSK-PHC-001,OXYGEN_CYLINDER,Medical Oxygen D-Type,3,37,87
2025-01-12,MH-NSK-PHC-001,OXYGEN_CYLINDER,Medical Oxygen D-Type,1,36,89
2025-01-13,MH-NSK-PHC-001,OXYGEN_CYLINDER,Medical Oxygen D-Type,4,32,70
2025-01-14,MH-NSK-PHC-001,OXYGEN_CYLINDER,Medical Oxygen D-Type,1,31,88
2025-01-15,MH-NSK-PHC-001,OXYGEN_CYLINDER,Medical Oxygen D-Type,2,29,84
2025-01-16,MH-NSK-PHC-001,OXYGEN_CYLINDER,Medical Oxygen D-Type,1,28,69
2025-01-17,MH-NSK-PHC-001,OXYGEN_CYLINDER,Medical Oxygen D-Type,1,27,86
2025-01-18,MH-NSK-PHC-001,OXYGEN_CYLINDER,Medical Oxygen D-Type,1,26,72
2025-01-19,MH-NSK-PHC-001,OXYGEN_CYLINDER,Medical Oxygen D-Type,1,25,69
2025-01-20,MH-NSK-PHC-001,OXYGEN_CYLINDER,Medical Oxygen D-Type,4,21,82
2025-01-21,MH-NSK-PHC-001,OXYGEN_CYLINDER,Medical Oxygen D-Type,4,17,77
2025-01-22,MH-NSK-PHC-001,OXYGEN_CYLINDER,Medical Oxygen D-Type,5,12,74
2025-01-23,MH-NSK-PHC-001,OXYGEN_CYLINDER,Medical Oxygen D-Type,1,11,67
2025-01-24,MH-NSK-PHC-001,OXYGEN_CYLINDER,Medical Oxygen D-Type,1,10,78
2025-01-25,MH-NSK-PHC-001,OXYGEN_CYLINDER,Medical Oxygen D-Type,4,10,84
2025-01-26,MH-NSK-PHC-001,OXYGEN_CYLINDER,Medical Oxygen D-Type,1,10,71
2025-01-27,MH-NSK-PHC-001,OXYGEN_CYLINDER,Medical Oxygen D-Type,1,10,86
2025-01-28,MH-NSK-PHC-001,OXYGEN_CYLINDER,Medical Oxygen D-Type,1,10,70
2025-01-29,MH-NSK-PHC-001,OXYGEN_CYLINDER,Medical Oxygen D-Type,5,10,73
2025-01-30,MH-NSK-PHC-001,OXYGEN_CYLINDER,Medical Oxygen D-Type,1,10,84
2025-01-31,MH-NSK-PHC-001,OXYGEN_CYLINDER,Medical Oxygen D-Type,1,10,74
2025-02-01,MH-NSK-PHC-001,OXYGEN_CYLINDER,Medical Oxygen D-Type,5,10,79
2025-02-02,MH-NSK-PHC-001,OXYGEN_CYLINDER,Medical Oxygen D-Type,2,10,78
2025-02-03,MH-NSK-PHC-001,OXYGEN_CYLINDER,Medical Oxygen D-Type,1,10,87
2025-02-04,MH-NSK-PHC-001,OXYGEN_CYLINDER,Medical Oxygen D-Type,1,10,69
2025-02-05,MH-NSK-PHC-001,OXYGEN_CYLINDER,Medical Oxygen D-Type,1,10,73
2025-02-06,MH-NSK-PHC-001,OXYGEN_CYLINDER,Medical Oxygen D-Type,1,10,87
2025-02-07,MH-NSK-PHC-001,OXYGEN_CYLINDER,Medical Oxygen D-Type,3,10,81
2025-02-08,MH-NSK-PHC-001,OXYGEN_CYLINDER,Medical Oxygen D-Type,5,10,77
2025-02-09,MH-NSK-PHC-001,OXYGEN_CYLINDER,Medical Oxygen D-Type,1,10,75
2025-02-10,MH-NSK-PHC-001,OXYGEN_CYLINDER,Medical Oxygen D-Type,1,10,80
2025-02-11,MH-NSK-PHC-001,OXYGEN_CYLINDER,Medical Oxygen D-Type,5,10,80
2025-02-12,MH-NSK-PHC-001,OXYGEN_CYLINDER,Medical Oxygen D-Type,1,10,84
2025-02-13,MH-NSK-PHC-001,OXYGEN_CYLINDER,Medical Oxygen D-Type,1,10,88
2025-02-14,MH-NSK-PHC-001,OXYGEN_CYLINDER,Medical Oxygen D-Type,5,10,73
2025-02-15,MH-NSK-PHC-001,OXYGEN_CYLINDER,Medical Oxygen D-Type,3,10,67
2024-11-18,MH-NSK-PHC-002,ORS,ORS Packets (Oral Rehydration),21,414,91
2024-11-19,MH-NSK-PHC-002,ORS,ORS Packets (Oral Rehydration),14,400,93
2024-11-20,MH-NSK-PHC-002,ORS,ORS Packets (Oral Rehydration),15,385,81
2024-11-21,MH-NSK-PHC-002,ORS,ORS Packets (Oral Rehydration),15,370,82
2024-11-22,MH-NSK-PHC-002,ORS,ORS Packets (Oral Rehydration),16,354,81
2024-11-23,MH-NSK-PHC-002,ORS,ORS Packets (Oral Rehydration),14,340,94
2024-11-24,MH-NSK-PHC-002,ORS,ORS Packets (Oral Rehydration),15,325,84
2024-11-25,MH-NSK-PHC-002,ORS,ORS Packets (Oral Rehydration),15,310,100
2024-11-26,MH-NSK-PHC-002,ORS,ORS Packets (Oral Rehydration),21,289,78
2024-11-27,MH-NSK-PHC-002,ORS,ORS Packets (Oral Rehydration),15,274,77
2024-11-28,MH-NSK-PHC-002,ORS,ORS Packets (Oral Rehydration),16,258,77
2024-11-29,MH-NSK-PHC-002,ORS,ORS Packets (Oral Rehydration),20,238,86
2024-11-30,MH-NSK-PHC-002,ORS,ORS Packets (Oral Rehydration),16,222,89
2024-12-01,MH-NSK-PHC-002,ORS,ORS Packets (Oral Rehydration),19,203,88
2024-12-02,MH-NSK-PHC-002,ORS,ORS Packets (Oral Rehydration),17,186,100
2024-12-03,MH-NSK-PHC-002,ORS,ORS Packets (Oral Rehydration),20,166,82
2024-12-04,MH-NSK-PHC-002,ORS,ORS Packets (Oral Rehydration),21,145,87
2024-12-05,MH-NSK-PHC-002,ORS,ORS Packets (Oral Rehydration),18,127,84
2024-12-06,MH-NSK-PHC-002,ORS,ORS Packets (Oral Rehydration),15,112,100
2024-12-07,MH-NSK-PHC-002,ORS,ORS Packets (Oral Rehydration),17,324,100
2024-12-08,MH-NSK-PHC-002,ORS,ORS Packets (Oral Rehydration),18,306,89
2024-12-09,MH-NSK-PHC-002,ORS,ORS Packets (Oral Rehydration),19,287,84
2024-12-10,MH-NSK-PHC-002,ORS,ORS Packets (Oral Rehydration),16,271,78
2024-12-11,MH-NSK-PHC-002,ORS,ORS Packets (Oral Rehydration),21,250,91
2024-12-12,MH-NSK-PHC-002,ORS,ORS Packets (Oral Rehydration),20,230,78
2024-12-13,MH-NSK-PHC-002,ORS,ORS Packets (Oral Rehydration),18,212,93
2024-12-14,MH-NSK-PHC-002,ORS,ORS Packets (Oral Rehydration),19,193,94
2024-12-15,MH-NSK-PHC-002,ORS,ORS Packets (Oral Rehydration),20,173,99
2024-12-16,MH-NSK-PHC-002,ORS,ORS Packets (Oral Rehydration),15,158,95
2024-12-17,MH-NSK-PHC-002,ORS,ORS Packets (Oral Rehydration),15,143,96
2024-12-18,MH-NSK-PHC-002,ORS,ORS Packets (Oral Rehydration),21,122,92
2024-12-19,MH-NSK-PHC-002,ORS,ORS Packets (Oral Rehydration),17,105,83
2024-12-20,MH-NSK-PHC-002,ORS,ORS Packets (Oral Rehydration),14,328,81
2024-12-21,MH-NSK-PHC-002,ORS,ORS Packets (Oral Rehydration),14,314,83
2024-12-22,MH-NSK-PHC-002,ORS,ORS Packets (Oral Rehydration),14,300,100
2024-12-23,MH-NSK-PHC-002,ORS,ORS Packets (Oral Rehydration),21,279,93
2024-12-24,MH-NSK-PHC-002,ORS,ORS Packets (Oral Rehydration),14,265,81
2024-12-25,MH-NSK-PHC-002,ORS,ORS Packets (Oral Rehydration),20,245,96
2024-12-26,MH-NSK-PHC-002,ORS,ORS Packets (Oral Rehydration),21,224,96
2024-12-27,MH-NSK-PHC-002,ORS,ORS Packets (Oral Rehydration),20,204,85
2024-12-28,MH-NSK-PHC-002,ORS,ORS Packets (Oral Rehydration),20,184,87
2024-12-29,MH-NSK-PHC-002,ORS,ORS Packets (Oral Rehydration),17,167,88
2024-12-30,MH-NSK-PHC-002,ORS,ORS Packets (Oral Rehydration),19,148,98
2024-12-31,MH-NSK-PHC-002,ORS,ORS Packets (Oral Rehydration),16,132,77
2025-01-01,MH-NSK-PHC-002,ORS,ORS Packets (Oral Rehydration),21,111,98
2025-01-02,MH-NSK-PHC-002,ORS,ORS Packets (Oral Rehydration),18,381,77
2025-01-03,MH-NSK-PHC-002,ORS,ORS Packets (Oral Rehydration),21,360,95
2025-01-04,MH-NSK-PHC-002,ORS,ORS Packets (Oral Rehydration),19,341,76
2025-01-05,MH-NSK-PHC-002,ORS,ORS Packets (Oral Rehydration),17,324,84
2025-01-06,MH-NSK-PHC-002,ORS,ORS Packets (Oral Rehydration),20,304,85
2025-01-07,MH-NSK-PHC-002,ORS,ORS Packets (Oral Rehydration),20,284,82
2025-01-08,MH-NSK-PHC-002,ORS,ORS Packets (Oral Rehydration),21,263,83
2025-01-09,MH-NSK-PHC-002,ORS,ORS Packets (Oral Rehydration),16,247,81
2025-01-10,MH-NSK-PHC-002,ORS,ORS Packets (Oral Rehydration),15,232,82
2025-01-11,MH-NSK-PHC-002,ORS,ORS Packets (Oral Rehydration),17,215,86
2025-01-12,MH-NSK-PHC-002,ORS,ORS Packets (Oral Rehydration),18,197,78
2025-01-13,MH-NSK-PHC-002,ORS,ORS Packets (Oral Rehydration),14,183,92
2025-01-14,MH-NSK-PHC-002,ORS,ORS Packets (Oral Rehydration),20,163,89
2025-01-15,MH-NSK-PHC-002,ORS,ORS Packets (Oral Rehydration),20,143,82
2025-01-16,MH-NSK-PHC-002,ORS,ORS Packets (Oral Rehydration),21,122,88
2025-01-17,MH-NSK-PHC-002,ORS,ORS Packets (Oral Rehydration),33,89,112
2025-01-18,MH-NSK-PHC-002,ORS,ORS Packets (Oral Rehydration),44,261,138
2025-01-19,MH-NSK-PHC-002,ORS,ORS Packets (Oral Rehydration),37,224,132
2025-01-20,MH-NSK-PHC-002,ORS,ORS Packets (Oral Rehydration),28,196,128
2025-01-21,MH-NSK-PHC-002,ORS,ORS Packets (Oral Rehydration),39,157,114
2025-01-22,MH-NSK-PHC-002,ORS,ORS Packets (Oral Rehydration),30,127,110
2025-01-23,MH-NSK-PHC-002,ORS,ORS Packets (Oral Rehydration),31,96,133
2025-01-24,MH-NSK-PHC-002,ORS,ORS Packets (Oral Rehydration),45,269,131
2025-01-25,MH-NSK-PHC-002,ORS,ORS Packets (Oral Rehydration),37,232,124
2025-01-26,MH-NSK-PHC-002,ORS,ORS Packets (Oral Rehydration),36,196,123
2025-01-27,MH-NSK-PHC-002,ORS,ORS Packets (Oral Rehydration),28,168,110
2025-01-28,MH-NSK-PHC-002,ORS,ORS Packets (Oral Rehydration),28,140,129
2025-01-29,MH-NSK-PHC-002,ORS,ORS Packets (Oral Rehydration),29,111,107
2025-01-30,MH-NSK-PHC-002,ORS,ORS Packets (Oral Rehydration),31,358,117
2025-01-31,MH-NSK-PHC-002,ORS,ORS Packets (Oral Rehydration),27,331,119
2025-02-01,MH-NSK-PHC-002,ORS,ORS Packets (Oral Rehydration),37,294,114
2025-02-02,MH-NSK-PHC-002,ORS,ORS Packets (Oral Rehydration),35,259,133
2025-02-03,MH-NSK-PHC-002,ORS,ORS Packets (Oral Rehydration),28,231,110
2025-02-04,MH-NSK-PHC-002,ORS,ORS Packets (Oral Rehydration),43,188,136
2025-02-05,MH-NSK-PHC-002,ORS,ORS Packets (Oral Rehydration),47,141,114
2025-02-06,MH-NSK-PHC-002,ORS,ORS Packets (Oral Rehydration),38,103,119
2025-02-07,MH-NSK-PHC-002,ORS,ORS Packets (Oral Rehydration),47,332,114
2025-02-08,MH-NSK-PHC-002,ORS,ORS Packets (Oral Rehydration),28,304,105
2025-02-09,MH-NSK-PHC-002,ORS,ORS Packets (Oral Rehydration),48,256,114
2025-02-10,MH-NSK-PHC-002,ORS,ORS Packets (Oral Rehydration),46,210,124
2025-02-11,MH-NSK-PHC-002,ORS,ORS Packets (Oral Rehydration),40,170,125
2025-02-12,MH-NSK-PHC-002,ORS,ORS Packets (Oral Rehydration),32,138,129
2025-02-13,MH-NSK-PHC-002,ORS,ORS Packets (Oral Rehydration),46,92,117
2025-02-14,MH-NSK-PHC-002,ORS,ORS Packets (Oral Rehydration),45,47,124
2025-02-15,MH-NSK-PHC-002,ORS,ORS Packets (Oral Rehydration),34,13,111
2024-11-18,MH-NSK-PHC-002,PARACETAMOL_500,Paracetamol 500mg Tablets,41,561,84
2024-11-19,MH-NSK-PHC-002,PARACETAMOL_500,Paracetamol 500mg Tablets,37,524,80
2024-11-20,MH-NSK-PHC-002,PARACETAMOL_500,Paracetamol 500mg Tablets,38,486,88
2024-11-21,MH-NSK-PHC-002,PARACETAMOL_500,Paracetamol 500mg Tablets,36,450,96
2024-11-22,MH-NSK-PHC-002,PARACETAMOL_500,Paracetamol 500mg Tablets,39,411,85
2024-11-23,MH-NSK-PHC-002,PARACETAMOL_500,Paracetamol 500mg Tablets,42,369,76
2024-11-24,MH-NSK-PHC-002,PARACETAMOL_500,Paracetamol 500mg Tablets,39,330,85
2024-11-25,MH-NSK-PHC-002,PARACETAMOL_500,Paracetamol 500mg Tablets,42,288,92
2024-11-26,MH-NSK-PHC-002,PARACETAMOL_500,Paracetamol 500mg Tablets,41,247,81
2024-11-27,MH-NSK-PHC-002,PARACETAMOL_500,Paracetamol 500mg Tablets,40,207,88
2024-11-28,MH-NSK-PHC-002,PARACETAMOL_500,Paracetamol 500mg Tablets,43,629,89
2024-11-29,MH-NSK-PHC-002,PARACETAMOL_500,Paracetamol 500mg Tablets,36,593,80
2024-11-30,MH-NSK-PHC-002,PARACETAMOL_500,Paracetamol 500mg Tablets,39,554,78
2024-12-01,MH-NSK-PHC-002,PARACETAMOL_500,Paracetamol 500mg Tablets,42,512,93
2024-12-02,MH-NSK-PHC-002,PARACETAMOL_500,Paracetamol 500mg Tablets,43,469,78
2024-12-03,MH-NSK-PHC-002,PARACETAMOL_500,Paracetamol 500mg Tablets,43,426,97
2024-12-04,MH-NSK-PHC-002,PARACETAMOL_500,Paracetamol 500mg Tablets,39,387,96
2024-12-05,MH-NSK-PHC-002,PARACETAMOL_500,Paracetamol 500mg Tablets,42,345,86
2024-12-06,MH-NSK-PHC-002,PARACETAMOL_500,Paracetamol 500mg Tablets,42,303,94
2024-12-07,MH-NSK-PHC-002,PARACETAMOL_500,Paracetamol 500mg Tablets,39,264,85
2024-12-08,MH-NSK-PHC-002,PARACETAMOL_500,Paracetamol 500mg Tablets,40,224,92
2024-12-09,MH-NSK-PHC-002,PARACETAMOL_500,Paracetamol 500mg Tablets,39,623,91
2024-12-10,MH-NSK-PHC-002,PARACETAMOL_500,Paracetamol 500mg Tablets,37,586,83
2024-12-11,MH-NSK-PHC-002,PARACETAMOL_500,Paracetamol 500mg Tablets,38,548,91
2024-12-12,MH-NSK-PHC-002,PARACETAMOL_500,Paracetamol 500mg Tablets,39,509,92
2024-12-13,MH-NSK-PHC-002,PARACETAMOL_500,Paracetamol 500mg Tablets,37,472,98
2024-12-14,MH-NSK-PHC-002,PARACETAMOL_500,Paracetamol 500mg Tablets,40,432,92
2024-12-15,MH-NSK-PHC-002,PARACETAMOL_500,Paracetamol 500mg Tablets,36,396,76
2024-12-16,MH-NSK-PHC-002,PARACETAMOL_500,Paracetamol 500mg Tablets,37,359,78
2024-12-17,MH-NSK-PHC-002,PARACETAMOL_500,Paracetamol 500mg Tablets,48,311,102
2024-12-18,MH-NSK-PHC-002,PARACETAMOL_500,Paracetamol 500mg Tablets,55,256,108
2024-12-19,MH-NSK-PHC-002,PARACETAMOL_500,Paracetamol 500mg Tablets,58,198,96
2024-12-20,MH-NSK-PHC-002,PARACETAMOL_500,Paracetamol 500mg Tablets,53,586,102
2024-12-21,MH-NSK-PHC-002,PARACETAMOL_500,Paracetamol 500mg Tablets,53,533,112
2024-12-22,MH-NSK-PHC-002,PARACETAMOL_500,Paracetamol 500mg Tablets,57,476,103
2024-12-23,MH-NSK-PHC-002,PARACETAMOL_500,Paracetamol 500mg Tablets,59,417,97
2024-12-24,MH-NSK-PHC-002,PARACETAMOL_500,Paracetamol 500mg Tablets,63,354,104
2024-12-25,MH-NSK-PHC-002,PARACETAMOL_500,Paracetamol 500mg Tablets,52,302,96
2024-12-26,MH-NSK-PHC-002,PARACETAMOL_500,Paracetamol 500mg Tablets,48,254,101
2024-12-27,MH-NSK-PHC-002,PARACETAMOL_500,Paracetamol 500mg Tablets,53,201,101
2024-12-28,MH-NSK-PHC-002,PARACETAMOL_500,Paracetamol 500mg Tablets,58,614,101
2024-12-29,MH-NSK-PHC-002,PARACETAMOL_500,Paracetamol 500mg Tablets,49,565,115
2024-12-30,MH-NSK-PHC-002,PARACETAMOL_500,Paracetamol 500mg Tablets,45,520,97
2024-12-31,MH-NSK-PHC-002,PARACETAMOL_500,Paracetamol 500mg Tablets,55,465,93
2025-01-01,MH-NSK-PHC-002,PARACETAMOL_500,Paracetamol 500mg Tablets,60,405,111
2025-01-02,MH-NSK-PHC-002,PARACETAMOL_500,Paracetamol 500mg Tablets,52,353,93
2025-01-03,MH-NSK-PHC-002,PARACETAMOL_500,Paracetamol 500mg Tablets,54,299,105
2025-01-04,MH-NSK-PHC-002,PARACETAMOL_500,Paracetamol 500mg Tablets,60,239,105
2025-01-05,MH-NSK-PHC-002,PARACETAMOL_500,Paracetamol 500mg Tablets,51,685,114
2025-01-06,MH-NSK-PHC-002,PARACETAMOL_500,Paracetamol 500mg Tablets,48,637,109
2025-01-07,MH-NSK-PHC-002,PARACETAMOL_500,Paracetamol 500mg Tablets,52,585,94
2025-01-08,MH-NSK-PHC-002,PARACETAMOL_500,Paracetamol 500mg Tablets,63,522,97
2025-01-09,MH-NSK-PHC-002,PARACETAMOL_500,Paracetamol 500mg Tablets,52,470,95
2025-01-10,MH-NSK-PHC-002,PARACETAMOL_500,Paracetamol 500mg Tablets,50,420,104
2025-01-11,MH-NSK-PHC-002,PARACETAMOL_500,Paracetamol 500mg Tablets,57,363,99
2025-01-12,MH-NSK-PHC-002,PARACETAMOL_500,Paracetamol 500mg Tablets,40,323,82
2025-01-13,MH-NSK-PHC-002,PARACETAMOL_500,Paracetamol 500mg Tablets,38,285,92
2025-01-14,MH-NSK-PHC-002,PARACETAMOL_500,Paracetamol 500mg Tablets,41,244,81
2025-01-15,MH-NSK-PHC-002,PARACETAMOL_500,Paracetamol 500mg Tablets,38,206,96
2025-01-16,MH-NSK-PHC-002,PARACETAMOL_500,Paracetamol 500mg Tablets,36,648,96
2025-01-17,MH-NSK-PHC-002,PARACETAMOL_500,Paracetamol 500mg Tablets,43,605,88
2025-01-18,MH-NSK-PHC-002,PARACETAMOL_500,Paracetamol 500mg Tablets,36,569,85
2025-01-19,MH-NSK-PHC-002,PARACETAMOL_500,Paracetamol 500mg Tablets,43,526,84
2025-01-20,MH-NSK-PHC-002,PARACETAMOL_500,Paracetamol 500mg Tablets,43,483,91
2025-01-21,MH-NSK-PHC-002,PARACETAMOL_500,Paracetamol 500mg Tablets,39,444,99
2025-01-22,MH-NSK-PHC-002,PARACETAMOL_500,Paracetamol 500mg Tablets,40,404,80
2025-01-23,MH-NSK-PHC-002,PARACETAMOL_500,Paracetamol 500mg Tablets,36,368,96
2025-01-24,MH-NSK-PHC-002,PARACETAMOL_500,Paracetamol 500mg Tablets,40,328,82
2025-01-25,MH-NSK-PHC-002,PARACETAMOL_500,Paracetamol 500mg Tablets,39,289,88
2025-01-26,MH-NSK-PHC-002,PARACETAMOL_500,Paracetamol 500mg Tablets,36,253,79
2025-01-27,MH-NSK-PHC-002,PARACETAMOL_500,Paracetamol 500mg Tablets,36,217,82
2025-01-28,MH-NSK-PHC-002,PARACETAMOL_500,Paracetamol 500mg Tablets,36,648,79
2025-01-29,MH-NSK-PHC-002,PARACETAMOL_500,Paracetamol 500mg Tablets,36,612,86
2025-01-30,MH-NSK-PHC-002,PARACETAMOL_500,Paracetamol 500mg Tablets,39,573,90
2025-01-31,MH-NSK-PHC-002,PARACETAMOL_500,Paracetamol 500mg Tablets,37,536,86
2025-02-01,MH-NSK-PHC-002,PARACETAMOL_500,Paracetamol 500mg Tablets,41,495,81
2025-02-02,MH-NSK-PHC-002,PARACETAMOL_500,Paracetamol 500mg Tablets,43,452,76
2025-02-03,MH-NSK-PHC-002,PARACETAMOL_500,Paracetamol 500mg Tablets,42,410,90
2025-02-04,MH-NSK-PHC-002,PARACETAMOL_500,Paracetamol 500mg Tablets,40,370,97
2025-02-05,MH-NSK-PHC-002,PARACETAMOL_500,Paracetamol 500mg Tablets,39,331,88
2025-02-06,MH-NSK-PHC-002,PARACETAMOL_500,Paracetamol 500mg Tablets,40,291,93
2025-02-07,MH-NSK-PHC-002,PARACETAMOL_500,Paracetamol 500mg Tablets,38,253,92
2025-02-08,MH-NSK-PHC-002,PARACETAMOL_500,Paracetamol 500mg Tablets,38,215,84
2025-02-09,MH-NSK-PHC-002,PARACETAMOL_500,Paracetamol 500mg Tablets,39,580,80
2025-02-10,MH-NSK-PHC-002,PARACETAMOL_500,Paracetamol 500mg Tablets,43,537,83
2025-02-11,MH-NSK-PHC-002,PARACETAMOL_500,Paracetamol 500mg Tablets,42,495,82
2025-02-12,MH-NSK-PHC-002,PARACETAMOL_500,Paracetamol 500mg Tablets,36,459,98
2025-02-13,MH-NSK-PHC-002,PARACETAMOL_500,Paracetamol 500mg Tablets,43,416,97
2025-02-14,MH-NSK-PHC-002,PARACETAMOL_500,Paracetamol 500mg Tablets,41,375,83
2025-02-15,MH-NSK-PHC-002,PARACETAMOL_500,Paracetamol 500mg Tablets,43,332,100
2024-11-18,MH-NSK-PHC-002,AMOXICILLIN_500,Amoxicillin 500mg Capsules,26,500,88
2024-11-19,MH-NSK-PHC-002,AMOXICILLIN_500,Amoxicillin 500mg Capsules,24,476,93
2024-11-20,MH-NSK-PHC-002,AMOXICILLIN_500,Amoxicillin 500mg Capsules,23,453,93
2024-11-21,MH-NSK-PHC-002,AMOXICILLIN_500,Amoxicillin 500mg Capsules,25,428,99
2024-11-22,MH-NSK-PHC-002,AMOXICILLIN_500,Amoxicillin 500mg Capsules,27,401,92
2024-11-23,MH-NSK-PHC-002,AMOXICILLIN_500,Amoxicillin 500mg Capsules,22,379,95
2024-11-24,MH-NSK-PHC-002,AMOXICILLIN_500,Amoxicillin 500mg Capsules,22,357,99
2024-11-25,MH-NSK-PHC-002,AMOXICILLIN_500,Amoxicillin 500mg Capsules,28,329,86
2024-11-26,MH-NSK-PHC-002,AMOXICILLIN_500,Amoxicillin 500mg Capsules,26,303,79
2024-11-27,MH-NSK-PHC-002,AMOXICILLIN_500,Amoxicillin 500mg Capsules,22,281,90
2024-11-28,MH-NSK-PHC-002,AMOXICILLIN_500,Amoxicillin 500mg Capsules,21,260,83
2024-11-29,MH-NSK-PHC-002,AMOXICILLIN_500,Amoxicillin 500mg Capsules,21,239,88
2024-11-30,MH-NSK-PHC-002,AMOXICILLIN_500,Amoxicillin 500mg Capsules,24,215,76
2024-12-01,MH-NSK-PHC-002,AMOXICILLIN_500,Amoxicillin 500mg Capsules,24,191,100
2024-12-02,MH-NSK-PHC-002,AMOXICILLIN_500,Amoxicillin 500mg Capsules,22,169,98
2024-12-03,MH-NSK-PHC-002,AMOXICILLIN_500,Amoxicillin 500mg Capsules,27,459,90
2024-12-04,MH-NSK-PHC-002,AMOXICILLIN_500,Amoxicillin 500mg Capsules,28,431,98
2024-12-05,MH-NSK-PHC-002,AMOXICILLIN_500,Amoxicillin 500mg Capsules,27,404,83
2024-12-06,MH-NSK-PHC-002,AMOXICILLIN_500,Amoxicillin 500mg Capsules,23,381,82
2024-12-07,MH-NSK-PHC-002,AMOXICILLIN_500,Amoxicillin 500mg Capsules,25,356,95
2024-12-08,MH-NSK-PHC-002,AMOXICILLIN_500,Amoxicillin 500mg Capsules,26,330,80
2024-12-09,MH-NSK-PHC-002,AMOXICILLIN_500,Amoxicillin 500mg Capsules,27,303,95
2024-12-10,MH-NSK-PHC-002,AMOXICILLIN_500,Amoxicillin 500mg Capsules,28,275,92
2024-12-11,MH-NSK-PHC-002,AMOXICILLIN_500,Amoxicillin 500mg Capsules,28,247,98
2024-12-12,MH-NSK-PHC-002,AMOXICILLIN_500,Amoxicillin 500mg Capsules,21,226,96
2024-12-13,MH-NSK-PHC-002,AMOXICILLIN_500,Amoxicillin 500mg Capsules,25,201,98
2024-12-14,MH-NSK-PHC-002,AMOXICILLIN_500,Amoxicillin 500mg Capsules,22,179,89
2024-12-15,MH-NSK-PHC-002,AMOXICILLIN_500,Amoxicillin 500mg Capsules,28,548,98
2024-12-16,MH-NSK-PHC-002,AMOXICILLIN_500,Amoxicillin 500mg Capsules,22,526,99
2024-12-17,MH-NSK-PHC-002,AMOXICILLIN_500,Amoxicillin 500mg Capsules,25,501,88
2024-12-18,MH-NSK-PHC-002,AMOXICILLIN_500,Amoxicillin 500mg Capsules,27,474,76
2024-12-19,MH-NSK-PHC-002,AMOXICILLIN_500,Amoxicillin 500mg Capsules,22,452,81
2024-12-20,MH-NSK-PHC-002,AMOXICILLIN_500,Amoxicillin 500mg Capsules,27,425,99
2024-12-21,MH-NSK-PHC-002,AMOXICILLIN_500,Amoxicillin 500mg Capsules,22,403,83
2024-12-22,MH-NSK-PHC-002,AMOXICILLIN_500,Amoxicillin 500mg Capsules,24,379,83
2024-12-23,MH-NSK-PHC-002,AMOXICILLIN_500,Amoxicillin 500mg Capsules,24,355,97
2024-12-24,MH-NSK-PHC-002,AMOXICILLIN_500,Amoxicillin 500mg Capsules,24,331,90
2024-12-25,MH-NSK-PHC-002,AMOXICILLIN_500,Amoxicillin 500mg Capsules,26,305,96
2024-12-26,MH-NSK-PHC-002,AMOXICILLIN_500,Amoxicillin 500mg Capsules,26,279,79
2024-12-27,MH-NSK-PHC-002,AMOXICILLIN_500,Amoxicillin 500mg Capsules,23,256,82
2024-12-28,MH-NSK-PHC-002,AMOXICILLIN_500,Amoxicillin 500mg Capsules,26,230,87
2024-12-29,MH-NSK-PHC-002,AMOXICILLIN_500,Amoxicillin 500mg Capsules,22,208,98
2024-12-30,MH-NSK-PHC-002,AMOXICILLIN_500,Amoxicillin 500mg Capsules,21,187,77
2024-12-31,MH-NSK-PHC-002,AMOXICILLIN_500,Amoxicillin 500mg Capsules,27,160,85
2025-01-01,MH-NSK-PHC-002,AMOXICILLIN_500,Amoxicillin 500mg Capsules,22,439,84
2025-01-02,MH-NSK-PHC-002,AMOXICILLIN_500,Amoxicillin 500mg Capsules,21,418,90
2025-01-03,MH-NSK-PHC-002,AMOXICILLIN_500,Amoxicillin 500mg Capsules,24,394,87
2025-01-04,MH-NSK-PHC-002,AMOXICILLIN_500,Amoxicillin 500mg Capsules,24,370,83
2025-01-05,MH-NSK-PHC-002,AMOXICILLIN_500,Amoxicillin 500mg Capsules,22,348,89
2025-01-06,MH-NSK-PHC-002,AMOXICILLIN_500,Amoxicillin 500mg Capsules,26,322,80
2025-01-07,MH-NSK-PHC-002,AMOXICILLIN_500,Amoxicillin 500mg Capsules,25,297,90
2025-01-08,MH-NSK-PHC-002,AMOXICILLIN_500,Amoxicillin 500mg Capsules,24,273,96
2025-01-09,MH-NSK-PHC-002,AMOXICILLIN_500,Amoxicillin 500mg Capsules,26,247,78
2025-01-10,MH-NSK-PHC-002,AMOXICILLIN_500,Amoxicillin 500mg Capsules,23,224,96
2025-01-11,MH-NSK-PHC-002,AMOXICILLIN_500,Amoxicillin 500mg Capsules,28,196,91
2025-01-12,MH-NSK-PHC-002,AMOXICILLIN_500,Amoxicillin 500mg Capsules,27,169,83
2025-01-13,MH-NSK-PHC-002,AMOXICILLIN_500,Amoxicillin 500mg Capsules,22,457,90
2025-01-14,MH-NSK-PHC-002,AMOXICILLIN_500,Amoxicillin 500mg Capsules,23,434,92
2025-01-15,MH-NSK-PHC-002,AMOXICILLIN_500,Amoxicillin 500mg Capsules,22,412,88
2025-01-16,MH-NSK-PHC-002,AMOXICILLIN_500,Amoxicillin 500mg Capsules,26,386,97
2025-01-17,MH-NSK-PHC-002,AMOXICILLIN_500,Amoxicillin 500mg Capsules,27,359,78
2025-01-18,MH-NSK-PHC-002,AMOXICILLIN_500,Amoxicillin 500mg Capsules,22,337,87
2025-01-19,MH-NSK-PHC-002,AMOXICILLIN_500,Amoxicillin 500mg Capsules,23,314,91
2025-01-20,MH-NSK-PHC-002,AMOXICILLIN_500,Amoxicillin 500mg Capsules,23,291,100
2025-01-21,MH-NSK-PHC-002,AMOXICILLIN_500,Amoxicillin 500mg Capsules,23,268,96
2025-01-22,MH-NSK-PHC-002,AMOXICILLIN_500,Amoxicillin 500mg Capsules,28,240,87
2025-01-23,MH-NSK-PHC-002,AMOXICILLIN_500,Amoxicillin 500mg Capsules,27,213,77
2025-01-24,MH-NSK-PHC-002,AMOXICILLIN_500,Amoxicillin 500mg Capsules,23,190,100
2025-01-25,MH-NSK-PHC-002,AMOXICILLIN_500,Amoxicillin 500mg Capsules,26,164,79
2025-01-26,MH-NSK-PHC-002,AMOXICILLIN_500,Amoxicillin 500mg Capsules,26,498,100
2025-01-27,MH-NSK-PHC-002,AMOXICILLIN_500,Amoxicillin 500mg Capsules,26,472,84
2025-01-28,MH-NSK-PHC-002,AMOXICILLIN_500,Amoxicillin 500mg Capsules,28,444,77
2025-01-29,MH-NSK-PHC-002,AMOXICILLIN_500,Amoxicillin 500mg Capsules,24,420,76
2025-01-30,MH-NSK-PHC-002,AMOXICILLIN_500,Amoxicillin 500mg Capsules,24,396,100
2025-01-31,MH-NSK-PHC-002,AMOXICILLIN_500,Amoxicillin 500mg Capsules,27,369,92
2025-02-01,MH-NSK-PHC-002,AMOXICILLIN_500,Amoxicillin 500mg Capsules,23,346,97
2025-02-02,MH-NSK-PHC-002,AMOXICILLIN_500,Amoxicillin 500mg Capsules,25,321,97
2025-02-03,MH-NSK-PHC-002,AMOXICILLIN_500,Amoxicillin 500mg Capsules,25,296,97
2025-02-04,MH-NSK-PHC-002,AMOXICILLIN_500,Amoxicillin 500mg Capsules,23,273,91
2025-02-05,MH-NSK-PHC-002,AMOXICILLIN_500,Amoxicillin 500mg Capsules,25,248,90
2025-02-06,MH-NSK-PHC-002,AMOXICILLIN_500,Amoxicillin 500mg Capsules,28,220,79
2025-02-07,MH-NSK-PHC-002,AMOXICILLIN_500,Amoxicillin 500mg Capsules,28,192,84
2025-02-08,MH-NSK-PHC-002,AMOXICILLIN_500,Amoxicillin 500mg Capsules,24,168,94
2025-02-09,MH-NSK-PHC-002,AMOXICILLIN_500,Amoxicillin 500mg Capsules,28,496,100
2025-02-10,MH-NSK-PHC-002,AMOXICILLIN_500,Amoxicillin 500mg Capsules,28,468,79
2025-02-11,MH-NSK-PHC-002,AMOXICILLIN_500,Amoxicillin 500mg Capsules,26,442,92
2025-02-12,MH-NSK-PHC-002,AMOXICILLIN_500,Amoxicillin 500mg Capsules,23,419,78
2025-02-13,MH-NSK-PHC-002,AMOXICILLIN_500,Amoxicillin 500mg Capsules,25,394,98
2025-02-14,MH-NSK-PHC-002,AMOXICILLIN_500,Amoxicillin 500mg Capsules,24,370,85
2025-02-15,MH-NSK-PHC-002,AMOXICILLIN_500,Amoxicillin 500mg Capsules,25,345,86
2024-11-18,MH-NSK-PHC-002,AZITHROMYCIN_500,Azithromycin 500mg Tablets,16,282,86
2024-11-19,MH-NSK-PHC-002,AZITHROMYCIN_500,Azithromycin 500mg Tablets,17,265,83
2024-11-20,MH-NSK-PHC-002,AZITHROMYCIN_500,Azithromycin 500mg Tablets,11,254,93
2024-11-21,MH-NSK-PHC-002,AZITHROMYCIN_500,Azithromycin 500mg Tablets,15,239,82
2024-11-22,MH-NSK-PHC-002,AZITHROMYCIN_500,Azithromycin 500mg Tablets,16,223,96
2024-11-23,MH-NSK-PHC-002,AZITHROMYCIN_500,Azithromycin 500mg Tablets,11,212,83
2024-11-24,MH-NSK-PHC-002,AZITHROMYCIN_500,Azithromycin 500mg Tablets,12,200,84
2024-11-25,MH-NSK-PHC-002,AZITHROMYCIN_500,Azithromycin 500mg Tablets,18,182,87
2024-11-26,MH-NSK-PHC-002,AZITHROMYCIN_500,Azithromycin 500mg Tablets,12,170,78
2024-11-27,MH-NSK-PHC-002,AZITHROMYCIN_500,Azithromycin 500mg Tablets,12,158,76
2024-11-28,MH-NSK-PHC-002,AZITHROMYCIN_500,Azithromycin 500mg Tablets,13,145,91
2024-11-29,MH-NSK-PHC-002,AZITHROMYCIN_500,Azithromycin 500mg Tablets,16,129,88
2024-11-30,MH-NSK-PHC-002,AZITHROMYCIN_500,Azithromycin 500mg Tablets,13,116,95
2024-12-01,MH-NSK-PHC-002,AZITHROMYCIN_500,Azithromycin 500mg Tablets,11,105,95
2024-12-02,MH-NSK-PHC-002,AZITHROMYCIN_500,Azithromycin 500mg Tablets,13,92,97
2024-12-03,MH-NSK-PHC-002,AZITHROMYCIN_500,Azithromycin 500mg Tablets,11,324,86
2024-12-04,MH-NSK-PHC-002,AZITHROMYCIN_500,Azithromycin 500mg Tablets,16,308,88
2024-12-05,MH-NSK-PHC-002,AZITHROMYCIN_500,Azithromycin 500mg Tablets,16,292,85
2024-12-06,MH-NSK-PHC-002,AZITHROMYCIN_500,Azithromycin 500mg Tablets,11,281,87
2024-12-07,MH-NSK-PHC-002,AZITHROMYCIN_500,Azithromycin 500mg Tablets,12,269,85
2024-12-08,MH-NSK-PHC-002,AZITHROMYCIN_500,Azithromycin 500mg Tablets,12,257,99
2024-12-09,MH-NSK-PHC-002,AZITHROMYCIN_500,Azithromycin 500mg Tablets,18,239,97
2024-12-10,MH-NSK-PHC-002,AZITHROMYCIN_500,Azithromycin 500mg Tablets,16,223,94
2024-12-11,MH-NSK-PHC-002,AZITHROMYCIN_500,Azithromycin 500mg Tablets,12,211,89
2024-12-12,MH-NSK-PHC-002,AZITHROMYCIN_500,Azithromycin 500mg Tablets,14,197,89
2024-12-13,MH-NSK-PHC-002,AZITHROMYCIN_500,Azithromycin 500mg Tablets,14,183,96
2024-12-14,MH-NSK-PHC-002,AZITHROMYCIN_500,Azithromycin 500mg Tablets,16,167,83
2024-12-15,MH-NSK-PHC-002,AZITHROMYCIN_500,Azithromycin 500mg Tablets,18,149,84
2024-12-16,MH-NSK-PHC-002,AZITHROMYCIN_500,Azithromycin 500mg Tablets,12,137,79
2024-12-17,MH-NSK-PHC-002,AZITHROMYCIN_500,Azithromycin 500mg Tablets,36,101,113
2024-12-18,MH-NSK-PHC-002,AZITHROMYCIN_500,Azithromycin 500mg Tablets,32,69,105
2024-12-19,MH-NSK-PHC-002,AZITHROMYCIN_500,Azithromycin 500mg Tablets,22,250,100
2024-12-20,MH-NSK-PHC-002,AZITHROMYCIN_500,Azithromycin 500mg Tablets,35,215,99
2024-12-21,MH-NSK-PHC-002,AZITHROMYCIN_500,Azithromycin 500mg Tablets,36,179,91
2024-12-22,MH-NSK-PHC-002,AZITHROMYCIN_500,Azithromycin 500mg Tablets,22,157,112
2024-12-23,MH-NSK-PHC-002,AZITHROMYCIN_500,Azithromycin 500mg Tablets,37,120,97
2024-12-24,MH-NSK-PHC-002,AZITHROMYCIN_500,Azithromycin 500mg Tablets,34,86,113
2024-12-25,MH-NSK-PHC-002,AZITHROMYCIN_500,Azithromycin 500mg Tablets,26,278,95
2024-12-26,MH-NSK-PHC-002,AZITHROMYCIN_500,Azithromycin 500mg Tablets,20,258,107
2024-12-27,MH-NSK-PHC-002,AZITHROMYCIN_500,Azithromycin 500mg Tablets,29,229,110
2024-12-28,MH-NSK-PHC-002,AZITHROMYCIN_500,Azithromycin 500mg Tablets,31,198,105
2024-12-29,MH-NSK-PHC-002,AZITHROMYCIN_500,Azithromycin 500mg Tablets,25,173,109
2024-12-30,MH-NSK-PHC-002,AZITHROMYCIN_500,Azithromycin 500mg Tablets,30,143,112
2024-12-31,MH-NSK-PHC-002,AZITHROMYCIN_500,Azithromycin 500mg Tablets,20,123,102
2025-01-01,MH-NSK-PHC-002,AZITHROMYCIN_500,Azithromycin 500mg Tablets,28,95,107
2025-01-02,MH-NSK-PHC-002,AZITHROMYCIN_500,Azithromycin 500mg Tablets,26,327,91
2025-01-03,MH-NSK-PHC-002,AZITHROMYCIN_500,Azithromycin 500mg Tablets,37,290,100
2025-01-04,MH-NSK-PHC-002,AZITHROMYCIN_500,Azithromycin 500mg Tablets,26,264,95
2025-01-05,MH-NSK-PHC-002,AZITHROMYCIN_500,Azithromycin 500mg Tablets,28,236,91
2025-01-06,MH-NSK-PHC-002,AZITHROMYCIN_500,Azithromycin 500mg Tablets,32,204,94
2025-01-07,MH-NSK-PHC-002,AZITHROMYCIN_500,Azithromycin 500mg Tablets,32,172,102
2025-01-08,MH-NSK-PHC-002,AZITHROMYCIN_500,Azithromycin 500mg Tablets,22,150,94
2025-01-09,MH-NSK-PHC-002,AZITHROMYCIN_500,Azithromycin 500mg Tablets,22,128,112
2025-01-10,MH-NSK-PHC-002,AZITHROMYCIN_500,Azithromycin 500mg Tablets,36,92,105
2025-01-11,MH-NSK-PHC-002,AZITHROMYCIN_500,Azithromycin 500mg Tablets,24,305,112
2025-01-12,MH-NSK-PHC-002,AZITHROMYCIN_500,Azithromycin 500mg Tablets,13,292,92
2025-01-13,MH-NSK-PHC-002,AZITHROMYCIN_500,Azithromycin 500mg Tablets,13,279,88
2025-01-14,MH-NSK-PHC-002,AZITHROMYCIN_500,Azithromycin 500mg Tablets,18,261,76
2025-01-15,MH-NSK-PHC-002,AZITHROMYCIN_500,Azithromycin 500mg Tablets,18,243,87
2025-01-16,MH-NSK-PHC-002,AZITHROMYCIN_500,Azithromycin 500mg Tablets,14,229,86
2025-01-17,MH-NSK-PHC-002,AZITHROMYCIN_500,Azithromycin 500mg Tablets,12,217,100
2025-01-18,MH-NSK-PHC-002,AZITHROMYCIN_500,Azithromycin 500mg Tablets,14,203,87
2025-01-19,MH-NSK-PHC-002,AZITHROMYCIN_500,Azithromycin 500mg Tablets,11,192,93
2025-01-20,MH-NSK-PHC-002,AZITHROMYCIN_500,Azithromycin 500mg Tablets,18,174,83
2025-01-21,MH-NSK-PHC-002,AZITHROMYCIN_500,Azithromycin 500mg Tablets,16,158,83
2025-01-22,MH-NSK-PHC-002,AZITHROMYCIN_500,Azithromycin 500mg Tablets,13,145,77
2025-01-23,MH-NSK-PHC-002,AZITHROMYCIN_500,Azithromycin 500mg Tablets,13,132,77
2025-01-24,MH-NSK-PHC-002,AZITHROMYCIN_500,Azithromycin 500mg Tablets,12,120,81
2025-01-25,MH-NSK-PHC-002,AZITHROMYCIN_500,Azithromycin 500mg Tablets,17,103,77
2025-01-26,MH-NSK-PHC-002,AZITHROMYCIN_500,Azithromycin 500mg Tablets,17,86,92
2025-01-27,MH-NSK-PHC-002,AZITHROMYCIN_500,Azithromycin 500mg Tablets,15,265,84
2025-01-28,MH-NSK-PHC-002,AZITHROMYCIN_500,Azithromycin 500mg Tablets,16,249,91
2025-01-29,MH-NSK-PHC-002,AZITHROMYCIN_500,Azithromycin 500mg Tablets,11,238,98
2025-01-30,MH-NSK-PHC-002,AZITHROMYCIN_500,Azithromycin 500mg Tablets,17,221,89
2025-01-31,MH-NSK-PHC-002,AZITHROMYCIN_500,Azithromycin 500mg Tablets,15,206,84
2025-02-01,MH-NSK-PHC-002,AZITHROMYCIN_500,Azithromycin 500mg Tablets,18,188,98
2025-02-02,MH-NSK-PHC-002,AZITHROMYCIN_500,Azithromycin 500mg Tablets,15,173,87
2025-02-03,MH-NSK-PHC-002,AZITHROMYCIN_500,Azithromycin 500mg Tablets,16,157,93
2025-02-04,MH-NSK-PHC-002,AZITHROMYCIN_500,Azithromycin 500mg Tablets,14,143,78
2025-02-05,MH-NSK-PHC-002,AZITHROMYCIN_500,Azithromycin 500mg Tablets,11,132,88
2025-02-06,MH-NSK-PHC-002,AZITHROMYCIN_500,Azithromycin 500mg Tablets,13,119,78
2025-02-07,MH-NSK-PHC-002,AZITHROMYCIN_500,Azithromycin 500mg Tablets,12,107,89
2025-02-08,MH-NSK-PHC-002,AZITHROMYCIN_500,Azithromycin 500mg Tablets,15,92,81
2025-02-09,MH-NSK-PHC-002,AZITHROMYCIN_500,Azithromycin 500mg Tablets,14,288,86
2025-02-10,MH-NSK-PHC-002,AZITHROMYCIN_500,Azithromycin 500mg Tablets,16,272,76
2025-02-11,MH-NSK-PHC-002,AZITHROMYCIN_500,Azithromycin 500mg Tablets,18,254,84
2025-02-12,MH-NSK-PHC-002,AZITHROMYCIN_500,Azithromycin 500mg Tablets,15,239,90
2025-02-13,MH-NSK-PHC-002,AZITHROMYCIN_500,Azithromycin 500mg Tablets,18,221,79
2025-02-14,MH-NSK-PHC-002,AZITHROMYCIN_500,Azithromycin 500mg Tablets,16,205,81
2025-02-15,MH-NSK-PHC-002,AZITHROMYCIN_500,Azithromycin 500mg Tablets,18,187,94
2024-11-18,MH-NSK-PHC-002,METFORMIN_500,Metformin 500mg Tablets,24,389,92
2024-11-19,MH-NSK-PHC-002,METFORMIN_500,Metformin 500mg Tablets,24,365,81
2024-11-20,MH-NSK-PHC-002,METFORMIN_500,Metformin 500mg Tablets,21,344,76
2024-11-21,MH-NSK-PHC-002,METFORMIN_500,Metformin 500mg Tablets,20,324,84
2024-11-22,MH-NSK-PHC-002,METFORMIN_500,Metformin 500mg Tablets,20,304,83
2024-11-23,MH-NSK-PHC-002,METFORMIN_500,Metformin 500mg Tablets,20,284,89
2024-11-24,MH-NSK-PHC-002,METFORMIN_500,Metformin 500mg Tablets,22,262,94
2024-11-25,MH-NSK-PHC-002,METFORMIN_500,Metformin 500mg Tablets,25,237,76
2024-11-26,MH-NSK-PHC-002,METFORMIN_500,Metformin 500mg Tablets,19,218,87
2024-11-27,MH-NSK-PHC-002,METFORMIN_500,Metformin 500mg Tablets,23,195,76
2024-11-28,MH-NSK-PHC-002,METFORMIN_500,Metformin 500mg Tablets,21,174,98
2024-11-29,MH-NSK-PHC-002,METFORMIN_500,Metformin 500mg Tablets,25,149,84
2024-11-30,MH-NSK-PHC-002,METFORMIN_500,Metformin 500mg Tablets,24,125,80
2024-12-01,MH-NSK-PHC-002,METFORMIN_500,Metformin 500mg Tablets,21,380,97
2024-12-02,MH-NSK-PHC-002,METFORMIN_500,Metformin 500mg Tablets,23,357,84
2024-12-03,MH-NSK-PHC-002,METFORMIN_500,Metformin 500mg Tablets,19,338,84
2024-12-04,MH-NSK-PHC-002,METFORMIN_500,Metformin 500mg Tablets,23,315,85
2024-12-05,MH-NSK-PHC-002,METFORMIN_500,Metformin 500mg Tablets,24,291,100
2024-12-06,MH-NSK-PHC-002,METFORMIN_500,Metformin 500mg Tablets,18,273,87
2024-12-07,MH-NSK-PHC-002,METFORMIN_500,Metformin 500mg Tablets,21,252,90
2024-12-08,MH-NSK-PHC-002,METFORMIN_500,Metformin 500mg Tablets,19,233,82
2024-12-09,MH-NSK-PHC-002,METFORMIN_500,Metformin 500mg Tablets,22,211,100
2024-12-10,MH-NSK-PHC-002,METFORMIN_500,Metformin 500mg Tablets,23,188,82
2024-12-11,MH-NSK-PHC-002,METFORMIN_500,Metformin 500mg Tablets,25,163,81
2024-12-12,MH-NSK-PHC-002,METFORMIN_500,Metformin 500mg Tablets,18,145,77
2024-12-13,MH-NSK-PHC-002,METFORMIN_500,Metformin 500mg Tablets,23,122,82
2024-12-14,MH-NSK-PHC-002,METFORMIN_500,Metformin 500mg Tablets,19,349,88
2024-12-15,MH-NSK-PHC-002,METFORMIN_500,Metformin 500mg Tablets,24,325,77
2024-12-16,MH-NSK-PHC-002,METFORMIN_500,Metformin 500mg Tablets,19,306,76
2024-12-17,MH-NSK-PHC-002,METFORMIN_500,Metformin 500mg Tablets,23,283,82
2024-12-18,MH-NSK-PHC-002,METFORMIN_500,Metformin 500mg Tablets,21,262,97
2024-12-19,MH-NSK-PHC-002,METFORMIN_500,Metformin 500mg Tablets,22,240,88
2024-12-20,MH-NSK-PHC-002,METFORMIN_500,Metformin 500mg Tablets,22,218,88
2024-12-21,MH-NSK-PHC-002,METFORMIN_500,Metformin 500mg Tablets,25,193,93
2024-12-22,MH-NSK-PHC-002,METFORMIN_500,Metformin 500mg Tablets,22,171,81
2024-12-23,MH-NSK-PHC-002,METFORMIN_500,Metformin 500mg Tablets,19,152,97
2024-12-24,MH-NSK-PHC-002,METFORMIN_500,Metformin 500mg Tablets,24,128,86
2024-12-25,MH-NSK-PHC-002,METFORMIN_500,Metformin 500mg Tablets,21,408,84
2024-12-26,MH-NSK-PHC-002,METFORMIN_500,Metformin 500mg Tablets,24,384,98
2024-12-27,MH-NSK-PHC-002,METFORMIN_500,Metformin 500mg Tablets,19,365,84
2024-12-28,MH-NSK-PHC-002,METFORMIN_500,Metformin 500mg Tablets,21,344,80
2024-12-29,MH-NSK-PHC-002,METFORMIN_500,Metformin 500mg Tablets,23,321,84
2024-12-30,MH-NSK-PHC-002,METFORMIN_500,Metformin 500mg Tablets,21,300,89
2024-12-31,MH-NSK-PHC-002,METFORMIN_500,Metformin 500mg Tablets,18,282,94
2025-01-01,MH-NSK-PHC-002,METFORMIN_500,Metformin 500mg Tablets,18,264,94
2025-01-02,MH-NSK-PHC-002,METFORMIN_500,Metformin 500mg Tablets,24,240,83
2025-01-03,MH-NSK-PHC-002,METFORMIN_500,Metformin 500mg Tablets,25,215,94
2025-01-04,MH-NSK-PHC-002,METFORMIN_500,Metformin 500mg Tablets,24,191,88
2025-01-05,MH-NSK-PHC-002,METFORMIN_500,Metformin 500mg Tablets,22,169,96
2025-01-06,MH-NSK-PHC-002,METFORMIN_500,Metformin 500mg Tablets,20,149,94
2025-01-07,MH-NSK-PHC-002,METFORMIN_500,Metformin 500mg Tablets,22,127,84
2025-01-08,MH-NSK-PHC-002,METFORMIN_500,Metformin 500mg Tablets,22,367,85
2025-01-09,MH-NSK-PHC-002,METFORMIN_500,Metformin 500mg Tablets,24,343,89
2025-01-10,MH-NSK-PHC-002,METFORMIN_500,Metformin 500mg Tablets,25,318,82
2025-01-11,MH-NSK-PHC-002,METFORMIN_500,Metformin 500mg Tablets,19,299,86
2025-01-12,MH-NSK-PHC-002,METFORMIN_500,Metformin 500mg Tablets,23,276,79
2025-01-13,MH-NSK-PHC-002,METFORMIN_500,Metformin 500mg Tablets,25,251,82
2025-01-14,MH-NSK-PHC-002,METFORMIN_500,Metformin 500mg Tablets,19,232,78
2025-01-15,MH-NSK-PHC-002,METFORMIN_500,Metformin 500mg Tablets,22,210,96
2025-01-16,MH-NSK-PHC-002,METFORMIN_500,Metformin 500mg Tablets,22,188,88
2025-01-17,MH-NSK-PHC-002,METFORMIN_500,Metformin 500mg Tablets,20,168,92
2025-01-18,MH-NSK-PHC-002,METFORMIN_500,Metformin 500mg Tablets,25,143,91
2025-01-19,MH-NSK-PHC-002,METFORMIN_500,Metformin 500mg Tablets,20,379,91
2025-01-20,MH-NSK-PHC-002,METFORMIN_500,Metformin 500mg Tablets,23,356,88
2025-01-21,MH-NSK-PHC-002,METFORMIN_500,Metformin 500mg Tablets,21,335,97
2025-01-22,MH-NSK-PHC-002,METFORMIN_500,Metformin 500mg Tablets,22,313,76
2025-01-23,MH-NSK-PHC-002,METFORMIN_500,Metformin 500mg Tablets,20,293,81
2025-01-24,MH-NSK-PHC-002,METFORMIN_500,Metformin 500mg Tablets,22,271,95
2025-01-25,MH-NSK-PHC-002,METFORMIN_500,Metformin 500mg Tablets,24,247,89
2025-01-26,MH-NSK-PHC-002,METFORMIN_500,Metformin 500mg Tablets,23,224,99
2025-01-27,MH-NSK-PHC-002,METFORMIN_500,Metformin 500mg Tablets,18,206,96
2025-01-28,MH-NSK-PHC-002,METFORMIN_500,Metformin 500mg Tablets,22,184,80
2025-01-29,MH-NSK-PHC-002,METFORMIN_500,Metformin 500mg Tablets,19,165,87
2025-01-30,MH-NSK-PHC-002,METFORMIN_500,Metformin 500mg Tablets,18,147,95
2025-01-31,MH-NSK-PHC-002,METFORMIN_500,Metformin 500mg Tablets,22,125,80
2025-02-01,MH-NSK-PHC-002,METFORMIN_500,Metformin 500mg Tablets,23,415,92
2025-02-02,MH-NSK-PHC-002,METFORMIN_500,Metformin 500mg Tablets,24,391,90
2025-02-03,MH-NSK-PHC-002,METFORMIN_500,Metformin 500mg Tablets,20,371,80
2025-02-04,MH-NSK-PHC-002,METFORMIN_500,Metformin 500mg Tablets,23,348,88
2025-02-05,MH-NSK-PHC-002,METFORMIN_500,Metformin 500mg Tablets,19,329,82
2025-02-06,MH-NSK-PHC-002,METFORMIN_500,Metformin 500mg Tablets,20,309,87
2025-02-07,MH-NSK-PHC-002,METFORMIN_500,Metformin 500mg Tablets,20,289,76
2025-02-08,MH-NSK-PHC-002,METFORMIN_500,Metformin 500mg Tablets,20,269,90
2025-02-09,MH-NSK-PHC-002,METFORMIN_500,Metformin 500mg Tablets,18,251,79
2025-02-10,MH-NSK-PHC-002,METFORMIN_500,Metformin 500mg Tablets,20,231,97
2025-02-11,MH-NSK-PHC-002,METFORMIN_500,Metformin 500mg Tablets,18,213,82
2025-02-12,MH-NSK-PHC-002,METFORMIN_500,Metformin 500mg Tablets,20,193,88
2025-02-13,MH-NSK-PHC-002,METFORMIN_500,Metformin 500mg Tablets,25,168,83
2025-02-14,MH-NSK-PHC-002,METFORMIN_500,Metformin 500mg Tablets,23,145,99
2025-02-15,MH-NSK-PHC-002,METFORMIN_500,Metformin 500mg Tablets,21,124,93
2024-11-18,MH-NSK-PHC-002,INSULIN_REGULAR,Insulin Regular (100IU/ml),4,201,93
2024-11-19,MH-NSK-PHC-002,INSULIN_REGULAR,Insulin Regular (100IU/ml),5,196,99
2024-11-20,MH-NSK-PHC-002,INSULIN_REGULAR,Insulin Regular (100IU/ml),8,188,96
2024-11-21,MH-NSK-PHC-002,INSULIN_REGULAR,Insulin Regular (100IU/ml),5,183,94
2024-11-22,MH-NSK-PHC-002,INSULIN_REGULAR,Insulin Regular (100IU/ml),7,176,76
2024-11-23,MH-NSK-PHC-002,INSULIN_REGULAR,Insulin Regular (100IU/ml),2,174,93
2024-11-24,MH-NSK-PHC-002,INSULIN_REGULAR,Insulin Regular (100IU/ml),2,172,80
2024-11-25,MH-NSK-PHC-002,INSULIN_REGULAR,Insulin Regular (100IU/ml),3,169,76
2024-11-26,MH-NSK-PHC-002,INSULIN_REGULAR,Insulin Regular (100IU/ml),4,165,94
2024-11-27,MH-NSK-PHC-002,INSULIN_REGULAR,Insulin Regular (100IU/ml),7,158,97
2024-11-28,MH-NSK-PHC-002,INSULIN_REGULAR,Insulin Regular (100IU/ml),2,156,99
2024-11-29,MH-NSK-PHC-002,INSULIN_REGULAR,Insulin Regular (100IU/ml),4,152,87
2024-11-30,MH-NSK-PHC-002,INSULIN_REGULAR,Insulin Regular (100IU/ml),3,149,86
2024-12-01,MH-NSK-PHC-002,INSULIN_REGULAR,Insulin Regular (100IU/ml),4,145,79
2024-12-02,MH-NSK-PHC-002,INSULIN_REGULAR,Insulin Regular (100IU/ml),5,140,88
2024-12-03,MH-NSK-PHC-002,INSULIN_REGULAR,Insulin Regular (100IU/ml),2,138,83
2024-12-04,MH-NSK-PHC-002,INSULIN_REGULAR,Insulin Regular (100IU/ml),6,132,88
2024-12-05,MH-NSK-PHC-002,INSULIN_REGULAR,Insulin Regular (100IU/ml),2,130,89
2024-12-06,MH-NSK-PHC-002,INSULIN_REGULAR,Insulin Regular (100IU/ml),1,129,76
2024-12-07,MH-NSK-PHC-002,INSULIN_REGULAR,Insulin Regular (100IU/ml),6,123,90
2024-12-08,MH-NSK-PHC-002,INSULIN_REGULAR,Insulin Regular (100IU/ml),7,116,87
2024-12-09,MH-NSK-PHC-002,INSULIN_REGULAR,Insulin Regular (100IU/ml),5,111,99
2024-12-10,MH-NSK-PHC-002,INSULIN_REGULAR,Insulin Regular (100IU/ml),8,103,92
2024-12-11,MH-NSK-PHC-002,INSULIN_REGULAR,Insulin Regular (100IU/ml),6,97,98
2024-12-12,MH-NSK-PHC-002,INSULIN_REGULAR,Insulin Regular (100IU/ml),4,93,83
2024-12-13,MH-NSK-PHC-002,INSULIN_REGULAR,Insulin Regular (100IU/ml),5,88,94
2024-12-14,MH-NSK-PHC-002,INSULIN_REGULAR,Insulin Regular (100IU/ml),2,86,76
2024-12-15,MH-NSK-PHC-002,INSULIN_REGULAR,Insulin Regular (100IU/ml),8,78,96
2024-12-16,MH-NSK-PHC-002,INSULIN_REGULAR,Insulin Regular (100IU/ml),5,73,81
2024-12-17,MH-NSK-PHC-002,INSULIN_REGULAR,Insulin Regular (100IU/ml),5,68,84
2024-12-18,MH-NSK-PHC-002,INSULIN_REGULAR,Insulin Regular (100IU/ml),5,63,88
2024-12-19,MH-NSK-PHC-002,INSULIN_REGULAR,Insulin Regular (100IU/ml),4,59,89
2024-12-20,MH-NSK-PHC-002,INSULIN_REGULAR,Insulin Regular (100IU/ml),7,52,88
2024-12-21,MH-NSK-PHC-002,INSULIN_REGULAR,Insulin Regular (100IU/ml),1,51,95
2024-12-22,MH-NSK-PHC-002,INSULIN_REGULAR,Insulin Regular (100IU/ml),1,50,85
2024-12-23,MH-NSK-PHC-002,INSULIN_REGULAR,Insulin Regular (100IU/ml),4,46,77
2024-12-24,MH-NSK-PHC-002,INSULIN_REGULAR,Insulin Regular (100IU/ml),8,38,94
2024-12-25,MH-NSK-PHC-002,INSULIN_REGULAR,Insulin Regular (100IU/ml),1,37,77
2024-12-26,MH-NSK-PHC-002,INSULIN_REGULAR,Insulin Regular (100IU/ml),1,36,79
2024-12-27,MH-NSK-PHC-002,INSULIN_REGULAR,Insulin Regular (100IU/ml),2,34,100
2024-12-28,MH-NSK-PHC-002,INSULIN_REGULAR,Insulin Regular (100IU/ml),6,186,86
2024-12-29,MH-NSK-PHC-002,INSULIN_REGULAR,Insulin Regular (100IU/ml),4,182,89
2024-12-30,MH-NSK-PHC-002,INSULIN_REGULAR,Insulin Regular (100IU/ml),7,175,76
2024-12-31,MH-NSK-PHC-002,INSULIN_REGULAR,Insulin Regular (100IU/ml),1,174,91
2025-01-01,MH-NSK-PHC-002,INSULIN_REGULAR,Insulin Regular (100IU/ml),7,167,89
2025-01-02,MH-NSK-PHC-002,INSULIN_REGULAR,Insulin Regular (100IU/ml),3,164,76
2025-01-03,MH-NSK-PHC-002,INSULIN_REGULAR,Insulin Regular (100IU/ml),2,162,87
2025-01-04,MH-NSK-PHC-002,INSULIN_REGULAR,Insulin Regular (100IU/ml),5,157,81
2025-01-05,MH-NSK-PHC-002,INSULIN_REGULAR,Insulin Regular (100IU/ml),1,156,91
2025-01-06,MH-NSK-PHC-002,INSULIN_REGULAR,Insulin Regular (100IU/ml),8,148,79
2025-01-07,MH-NSK-PHC-002,INSULIN_REGULAR,Insulin Regular (100IU/ml),4,144,80
2025-01-08,MH-NSK-PHC-002,INSULIN_REGULAR,Insulin Regular (100IU/ml),3,141,91
2025-01-09,MH-NSK-PHC-002,INSULIN_REGULAR,Insulin Regular (100IU/ml),4,137,100
2025-01-10,MH-NSK-PHC-002,INSULIN_REGULAR,Insulin Regular (100IU/ml),6,131,91
2025-01-11,MH-NSK-PHC-002,INSULIN_REGULAR,Insulin Regular (100IU/ml),3,128,94
2025-01-12,MH-NSK-PHC-002,INSULIN_REGULAR,Insulin Regular (100IU/ml),1,127,93
2025-01-13,MH-NSK-PHC-002,INSULIN_REGULAR,Insulin Regular (100IU/ml),6,121,87
2025-01-14,MH-NSK-PHC-002,INSULIN_REGULAR,Insulin Regular (100IU/ml),5,116,87
2025-01-15,MH-NSK-PHC-002,INSULIN_REGULAR,Insulin Regular (100IU/ml),1,115,89
2025-01-16,MH-NSK-PHC-002,INSULIN_REGULAR,Insulin Regular (100IU/ml),8,107,96
2025-01-17,MH-NSK-PHC-002,INSULIN_REGULAR,Insulin Regular (100IU/ml),5,102,85
2025-01-18,MH-NSK-PHC-002,INSULIN_REGULAR,Insulin Regular (100IU/ml),6,96,80
2025-01-19,MH-NSK-PHC-002,INSULIN_REGULAR,Insulin Regular (100IU/ml),5,91,85
2025-01-20,MH-NSK-PHC-002,INSULIN_REGULAR,Insulin Regular (100IU/ml),5,86,95
2025-01-21,MH-NSK-PHC-002,INSULIN_REGULAR,Insulin Regular (100IU/ml),3,83,89
2025-01-22,MH-NSK-PHC-002,INSULIN_REGULAR,Insulin Regular (100IU/ml),3,80,99
2025-01-23,MH-NSK-PHC-002,INSULIN_REGULAR,Insulin Regular (100IU/ml),3,77,95
2025-01-24,MH-NSK-PHC-002,INSULIN_REGULAR,Insulin Regular (100IU/ml),3,74,98
2025-01-25,MH-NSK-PHC-002,INSULIN_REGULAR,Insulin Regular (100IU/ml),8,66,92
2025-01-26,MH-NSK-PHC-002,INSULIN_REGULAR,Insulin Regular (100IU/ml),3,63,97
2025-01-27,MH-NSK-PHC-002,INSULIN_REGULAR,Insulin Regular (100IU/ml),1,62,76
2025-01-28,MH-NSK-PHC-002,INSULIN_REGULAR,Insulin Regular (100IU/ml),1,61,82
2025-01-29,MH-NSK-PHC-002,INSULIN_REGULAR,Insulin Regular (100IU/ml),3,58,81
2025-01-30,MH-NSK-PHC-002,INSULIN_REGULAR,Insulin Regular (100IU/ml),6,52,77
2025-01-31,MH-NSK-PHC-002,INSULIN_REGULAR,Insulin Regular (100IU/ml),7,45,83
2025-02-01,MH-NSK-PHC-002,INSULIN_REGULAR,Insulin Regular (100IU/ml),4,41,77
2025-02-02,MH-NSK-PHC-002,INSULIN_REGULAR,Insulin Regular (100IU/ml),6,35,98
2025-02-03,MH-NSK-PHC-002,INSULIN_REGULAR,Insulin Regular (100IU/ml),8,132,94
2025-02-04,MH-NSK-PHC-002,INSULIN_REGULAR,Insulin Regular (100IU/ml),4,128,79
2025-02-05,MH-NSK-PHC-002,INSULIN_REGULAR,Insulin Regular (100IU/ml),7,121,94
2025-02-06,MH-NSK-PHC-002,INSULIN_REGULAR,Insulin Regular (100IU/ml),3,118,96
2025-02-07,MH-NSK-PHC-002,INSULIN_REGULAR,Insulin Regular (100IU/ml),4,114,79
2025-02-08,MH-NSK-PHC-002,INSULIN_REGULAR,Insulin Regular (100IU/ml),2,112,83
2025-02-09,MH-NSK-PHC-002,INSULIN_REGULAR,Insulin Regular (100IU/ml),4,108,94
2025-02-10,MH-NSK-PHC-002,INSULIN_REGULAR,Insulin Regular (100IU/ml),5,103,78
2025-02-11,MH-NSK-PHC-002,INSULIN_REGULAR,Insulin Regular (100IU/ml),3,100,95
2025-02-12,MH-NSK-PHC-002,INSULIN_REGULAR,Insulin Regular (100IU/ml),7,93,98
2025-02-13,MH-NSK-PHC-002,INSULIN_REGULAR,Insulin Regular (100IU/ml),4,89,97
2025-02-14,MH-NSK-PHC-002,INSULIN_REGULAR,Insulin Regular (100IU/ml),7,82,84
2025-02-15,MH-NSK-PHC-002,INSULIN_REGULAR,Insulin Regular (100IU/ml),5,77,100
2024-11-18,MH-NSK-PHC-002,RABIES_VACCINE,Anti-Rabies Vaccine (ARV),2,85,79
2024-11-19,MH-NSK-PHC-002,RABIES_VACCINE,Anti-Rabies Vaccine (ARV),6,79,86
2024-11-20,MH-NSK-PHC-002,RABIES_VACCINE,Anti-Rabies Vaccine (ARV),1,78,96
2024-11-21,MH-NSK-PHC-002,RABIES_VACCINE,Anti-Rabies Vaccine (ARV),4,74,96
2024-11-22,MH-NSK-PHC-002,RABIES_VACCINE,Anti-Rabies Vaccine (ARV),5,69,84
2024-11-23,MH-NSK-PHC-002,RABIES_VACCINE,Anti-Rabies Vaccine (ARV),1,68,87
2024-11-24,MH-NSK-PHC-002,RABIES_VACCINE,Anti-Rabies Vaccine (ARV),2,66,84
2024-11-25,MH-NSK-PHC-002,RABIES_VACCINE,Anti-Rabies Vaccine (ARV),1,65,96
2024-11-26,MH-NSK-PHC-002,RABIES_VACCINE,Anti-Rabies Vaccine (ARV),5,60,77
2024-11-27,MH-NSK-PHC-002,RABIES_VACCINE,Anti-Rabies Vaccine (ARV),2,58,81
2024-11-28,MH-NSK-PHC-002,RABIES_VACCINE,Anti-Rabies Vaccine (ARV),1,57,93
2024-11-29,MH-NSK-PHC-002,RABIES_VACCINE,Anti-Rabies Vaccine (ARV),1,56,100
2024-11-30,MH-NSK-PHC-002,RABIES_VACCINE,Anti-Rabies Vaccine (ARV),5,51,78
2024-12-01,MH-NSK-PHC-002,RABIES_VACCINE,Anti-Rabies Vaccine (ARV),2,49,96
2024-12-02,MH-NSK-PHC-002,RABIES_VACCINE,Anti-Rabies Vaccine (ARV),1,48,91
2024-12-03,MH-NSK-PHC-002,RABIES_VACCINE,Anti-Rabies Vaccine (ARV),6,42,80
2024-12-04,MH-NSK-PHC-002,RABIES_VACCINE,Anti-Rabies Vaccine (ARV),3,39,79
2024-12-05,MH-NSK-PHC-002,RABIES_VACCINE,Anti-Rabies Vaccine (ARV),6,33,78
2024-12-06,MH-NSK-PHC-002,RABIES_VACCINE,Anti-Rabies Vaccine (ARV),2,31,76
2024-12-07,MH-NSK-PHC-002,RABIES_VACCINE,Anti-Rabies Vaccine (ARV),2,29,77
2024-12-08,MH-NSK-PHC-002,RABIES_VACCINE,Anti-Rabies Vaccine (ARV),5,126,98
2024-12-09,MH-NSK-PHC-002,RABIES_VACCINE,Anti-Rabies Vaccine (ARV),3,123,94
2024-12-10,MH-NSK-PHC-002,RABIES_VACCINE,Anti-Rabies Vaccine (ARV),3,120,87
2024-12-11,MH-NSK-PHC-002,RABIES_VACCINE,Anti-Rabies Vaccine (ARV),6,114,97
2024-12-12,MH-NSK-PHC-002,RABIES_VACCINE,Anti-Rabies Vaccine (ARV),1,113,86
2024-12-13,MH-NSK-PHC-002,RABIES_VACCINE,Anti-Rabies Vaccine (ARV),3,110,100
2024-12-14,MH-NSK-PHC-002,RABIES_VACCINE,Anti-Rabies Vaccine (ARV),7,103,76
2024-12-15,MH-NSK-PHC-002,RABIES_VACCINE,Anti-Rabies Vaccine (ARV),7,96,87
2024-12-16,MH-NSK-PHC-002,RABIES_VACCINE,Anti-Rabies Vaccine (ARV),2,94,83
2024-12-17,MH-NSK-PHC-002,RABIES_VACCINE,Anti-Rabies Vaccine (ARV),1,93,100
2024-12-18,MH-NSK-PHC-002,RABIES_VACCINE,Anti-Rabies Vaccine (ARV),2,91,97
2024-12-19,MH-NSK-PHC-002,RABIES_VACCINE,Anti-Rabies Vaccine (ARV),1,90,87
2024-12-20,MH-NSK-PHC-002,RABIES_VACCINE,Anti-Rabies Vaccine (ARV),4,86,83
2024-12-21,MH-NSK-PHC-002,RABIES_VACCINE,Anti-Rabies Vaccine (ARV),7,79,88
2024-12-22,MH-NSK-PHC-002,RABIES_VACCINE,Anti-Rabies Vaccine (ARV),1,78,82
2024-12-23,MH-NSK-PHC-002,RABIES_VACCINE,Anti-Rabies Vaccine (ARV),7,71,76
2024-12-24,MH-NSK-PHC-002,RABIES_VACCINE,Anti-Rabies Vaccine (ARV),1,70,86
2024-12-25,MH-NSK-PHC-002,RABIES_VACCINE,Anti-Rabies Vaccine (ARV),4,66,92
2024-12-26,MH-NSK-PHC-002,RABIES_VACCINE,Anti-Rabies Vaccine (ARV),7,59,79
2024-12-27,MH-NSK-PHC-002,RABIES_VACCINE,Anti-Rabies Vaccine (ARV),3,56,97
2024-12-28,MH-NSK-PHC-002,RABIES_VACCINE,Anti-Rabies Vaccine (ARV),2,54,79
2024-12-29,MH-NSK-PHC-002,RABIES_VACCINE,Anti-Rabies Vaccine (ARV),6,48,97
2024-12-30,MH-NSK-PHC-002,RABIES_VACCINE,Anti-Rabies Vaccine (ARV),2,46,77
2024-12-31,MH-NSK-PHC-002,RABIES_VACCINE,Anti-Rabies Vaccine (ARV),4,42,85
2025-01-01,MH-NSK-PHC-002,RABIES_VACCINE,Anti-Rabies Vaccine (ARV),5,37,83
2025-01-02,MH-NSK-PHC-002,RABIES_VACCINE,Anti-Rabies Vaccine (ARV),5,32,81
2025-01-03,MH-NSK-PHC-002,RABIES_VACCINE,Anti-Rabies Vaccine (ARV),5,27,89
2025-01-04,MH-NSK-PHC-002,RABIES_VACCINE,Anti-Rabies Vaccine (ARV),3,157,90
2025-01-05,MH-NSK-PHC-002,RABIES_VACCINE,Anti-Rabies Vaccine (ARV),2,155,78
2025-01-06,MH-NSK-PHC-002,RABIES_VACCINE,Anti-Rabies Vaccine (ARV),1,154,88
2025-01-07,MH-NSK-PHC-002,RABIES_VACCINE,Anti-Rabies Vaccine (ARV),2,152,86
2025-01-08,MH-NSK-PHC-002,RABIES_VACCINE,Anti-Rabies Vaccine (ARV),7,145,82
2025-01-09,MH-NSK-PHC-002,RABIES_VACCINE,Anti-Rabies Vaccine (ARV),2,143,86
2025-01-10,MH-NSK-PHC-002,RABIES_VACCINE,Anti-Rabies Vaccine (ARV),1,142,97
2025-01-11,MH-NSK-PHC-002,RABIES_VACCINE,Anti-Rabies Vaccine (ARV),5,137,89
2025-01-12,MH-NSK-PHC-002,RABIES_VACCINE,Anti-Rabies Vaccine (ARV),4,133,87
2025-01-13,MH-NSK-PHC-002,RABIES_VACCINE,Anti-Rabies Vaccine (ARV),4,129,95
2025-01-14,MH-NSK-PHC-002,RABIES_VACCINE,Anti-Rabies Vaccine (ARV),3,126,76
2025-01-15,MH-NSK-PHC-002,RABIES_VACCINE,Anti-Rabies Vaccine (ARV),6,120,93
2025-01-16,MH-NSK-PHC-002,RABIES_VACCINE,Anti-Rabies Vaccine (ARV),1,119,99
2025-01-17,MH-NSK-PHC-002,RABIES_VACCINE,Anti-Rabies Vaccine (ARV),6,113,76
2025-01-18,MH-NSK-PHC-002,RABIES_VACCINE,Anti-Rabies Vaccine (ARV),6,107,96
2025-01-19,MH-NSK-PHC-002,RABIES_VACCINE,Anti-Rabies Vaccine (ARV),3,104,91
2025-01-20,MH-NSK-PHC-002,RABIES_VACCINE,Anti-Rabies Vaccine (ARV),1,103,77
2025-01-21,MH-NSK-PHC-002,RABIES_VACCINE,Anti-Rabies Vaccine (ARV),2,101,79
2025-01-22,MH-NSK-PHC-002,RABIES_VACCINE,Anti-Rabies Vaccine (ARV),4,97,80
2025-01-23,MH-NSK-PHC-002,RABIES_VACCINE,Anti-Rabies Vaccine (ARV),1,96,79
2025-01-24,MH-NSK-PHC-002,RABIES_VACCINE,Anti-Rabies Vaccine (ARV),1,95,92
2025-01-25,MH-NSK-PHC-002,RABIES_VACCINE,Anti-Rabies Vaccine (ARV),3,92,88
2025-01-26,MH-NSK-PHC-002,RABIES_VACCINE,Anti-Rabies Vaccine (ARV),1,91,84
2025-01-27,MH-NSK-PHC-002,RABIES_VACCINE,Anti-Rabies Vaccine (ARV),1,90,88
2025-01-28,MH-NSK-PHC-002,RABIES_VACCINE,Anti-Rabies Vaccine (ARV),5,85,90
2025-01-29,MH-NSK-PHC-002,RABIES_VACCINE,Anti-Rabies Vaccine (ARV),7,78,77
2025-01-30,MH-NSK-PHC-002,RABIES_VACCINE,Anti-Rabies Vaccine (ARV),6,72,98
2025-01-31,MH-NSK-PHC-002,RABIES_VACCINE,Anti-Rabies Vaccine (ARV),1,71,95
2025-02-01,MH-NSK-PHC-002,RABIES_VACCINE,Anti-Rabies Vaccine (ARV),2,69,91
2025-02-02,MH-NSK-PHC-002,RABIES_VACCINE,Anti-Rabies Vaccine (ARV),4,65,94
2025-02-03,MH-NSK-PHC-002,RABIES_VACCINE,Anti-Rabies Vaccine (ARV),7,58,97
2025-02-04,MH-NSK-PHC-002,RABIES_VACCINE,Anti-Rabies Vaccine (ARV),3,55,90
2025-02-05,MH-NSK-PHC-002,RABIES_VACCINE,Anti-Rabies Vaccine (ARV),5,50,79
2025-02-06,MH-NSK-PHC-002,RABIES_VACCINE,Anti-Rabies Vaccine (ARV),6,44,92
2025-02-07,MH-NSK-PHC-002,RABIES_VACCINE,Anti-Rabies Vaccine (ARV),1,43,87
2025-02-08,MH-NSK-PHC-002,RABIES_VACCINE,Anti-Rabies Vaccine (ARV),2,41,89
2025-02-09,MH-NSK-PHC-002,RABIES_VACCINE,Anti-Rabies Vaccine (ARV),3,38,97
2025-02-10,MH-NSK-PHC-002,RABIES_VACCINE,Anti-Rabies Vaccine (ARV),5,33,90
2025-02-11,MH-NSK-PHC-002,RABIES_VACCINE,Anti-Rabies Vaccine (ARV),4,29,95
2025-02-12,MH-NSK-PHC-002,RABIES_VACCINE,Anti-Rabies Vaccine (ARV),2,27,77
2025-02-13,MH-NSK-PHC-002,RABIES_VACCINE,Anti-Rabies Vaccine (ARV),7,20,78
2025-02-14,MH-NSK-PHC-002,RABIES_VACCINE,Anti-Rabies Vaccine (ARV),3,17,87
2025-02-15,MH-NSK-PHC-002,RABIES_VACCINE,Anti-Rabies Vaccine (ARV),7,10,86
2024-11-18,MH-NSK-PHC-002,OXYGEN_CYLINDER,Medical Oxygen D-Type,1,140,97
2024-11-19,MH-NSK-PHC-002,OXYGEN_CYLINDER,Medical Oxygen D-Type,4,136,77
2024-11-20,MH-NSK-PHC-002,OXYGEN_CYLINDER,Medical Oxygen D-Type,3,133,87
2024-11-21,MH-NSK-PHC-002,OXYGEN_CYLINDER,Medical Oxygen D-Type,1,132,76
2024-11-22,MH-NSK-PHC-002,OXYGEN_CYLINDER,Medical Oxygen D-Type,1,131,92
2024-11-23,MH-NSK-PHC-002,OXYGEN_CYLINDER,Medical Oxygen D-Type,5,126,93
2024-11-24,MH-NSK-PHC-002,OXYGEN_CYLINDER,Medical Oxygen D-Type,1,125,97
2024-11-25,MH-NSK-PHC-002,OXYGEN_CYLINDER,Medical Oxygen D-Type,1,124,90
2024-11-26,MH-NSK-PHC-002,OXYGEN_CYLINDER,Medical Oxygen D-Type,1,123,82
2024-11-27,MH-NSK-PHC-002,OXYGEN_CYLINDER,Medical Oxygen D-Type,1,122,84
2024-11-28,MH-NSK-PHC-002,OXYGEN_CYLINDER,Medical Oxygen D-Type,1,121,89
2024-11-29,MH-NSK-PHC-002,OXYGEN_CYLINDER,Medical Oxygen D-Type,3,118,89
2024-11-30,MH-NSK-PHC-002,OXYGEN_CYLINDER,Medical Oxygen D-Type,1,117,82
2024-12-01,MH-NSK-PHC-002,OXYGEN_CYLINDER,Medical Oxygen D-Type,5,112,94
2024-12-02,MH-NSK-PHC-002,OXYGEN_CYLINDER,Medical Oxygen D-Type,3,109,80
2024-12-03,MH-NSK-PHC-002,OXYGEN_CYLINDER,Medical Oxygen D-Type,1,108,83
2024-12-04,MH-NSK-PHC-002,OXYGEN_CYLINDER,Medical Oxygen D-Type,1,107,81
2024-12-05,MH-NSK-PHC-002,OXYGEN_CYLINDER,Medical Oxygen D-Type,3,104,88
2024-12-06,MH-NSK-PHC-002,OXYGEN_CYLINDER,Medical Oxygen D-Type,1,103,82
2024-12-07,MH-NSK-PHC-002,OXYGEN_CYLINDER,Medical Oxygen D-Type,4,99,99
2024-12-08,MH-NSK-PHC-002,OXYGEN_CYLINDER,Medical Oxygen D-Type,1,98,80
2024-12-09,MH-NSK-PHC-002,OXYGEN_CYLINDER,Medical Oxygen D-Type,5,93,87
2024-12-10,MH-NSK-PHC-002,OXYGEN_CYLINDER,Medical Oxygen D-Type,1,92,78
2024-12-11,MH-NSK-PHC-002,OXYGEN_CYLINDER,Medical Oxygen D-Type,1,91,98
2024-12-12,MH-NSK-PHC-002,OXYGEN_CYLINDER,Medical Oxygen D-Type,2,89,91
2024-12-13,MH-NSK-PHC-002,OXYGEN_CYLINDER,Medical Oxygen D-Type,1,88,99
2024-12-14,MH-NSK-PHC-002,OXYGEN_CYLINDER,Medical Oxygen D-Type,2,86,87
2024-12-15,MH-NSK-PHC-002,OXYGEN_CYLINDER,Medical Oxygen D-Type,1,85,97
2024-12-16,MH-NSK-PHC-002,OXYGEN_CYLINDER,Medical Oxygen D-Type,5,80,98
2024-12-17,MH-NSK-PHC-002,OXYGEN_CYLINDER,Medical Oxygen D-Type,1,79,92
2024-12-18,MH-NSK-PHC-002,OXYGEN_CYLINDER,Medical Oxygen D-Type,1,78,96
2024-12-19,MH-NSK-PHC-002,OXYGEN_CYLINDER,Medical Oxygen D-Type,1,77,92
2024-12-20,MH-NSK-PHC-002,OXYGEN_CYLINDER,Medical Oxygen D-Type,1,76,77
2024-12-21,MH-NSK-PHC-002,OXYGEN_CYLINDER,Medical Oxygen D-Type,4,72,93
2024-12-22,MH-NSK-PHC-002,OXYGEN_CYLINDER,Medical Oxygen D-Type,1,71,81
2024-12-23,MH-NSK-PHC-002,OXYGEN_CYLINDER,Medical Oxygen D-Type,4,67,98
2024-12-24,MH-NSK-PHC-002,OXYGEN_CYLINDER,Medical Oxygen D-Type,1,66,77
2024-12-25,MH-NSK-PHC-002,OXYGEN_CYLINDER,Medical Oxygen D-Type,1,65,95
2024-12-26,MH-NSK-PHC-002,OXYGEN_CYLINDER,Medical Oxygen D-Type,1,64,94
2024-12-27,MH-NSK-PHC-002,OXYGEN_CYLINDER,Medical Oxygen D-Type,2,62,77
2024-12-28,MH-NSK-PHC-002,OXYGEN_CYLINDER,Medical Oxygen D-Type,4,58,100
2024-12-29,MH-NSK-PHC-002,OXYGEN_CYLINDER,Medical Oxygen D-Type,3,55,96
2024-12-30,MH-NSK-PHC-002,OXYGEN_CYLINDER,Medical Oxygen D-Type,2,53,83
2024-12-31,MH-NSK-PHC-002,OXYGEN_CYLINDER,Medical Oxygen D-Type,5,48,84
2025-01-01,MH-NSK-PHC-002,OXYGEN_CYLINDER,Medical Oxygen D-Type,1,47,76
2025-01-02,MH-NSK-PHC-002,OXYGEN_CYLINDER,Medical Oxygen D-Type,3,44,98
2025-01-03,MH-NSK-PHC-002,OXYGEN_CYLINDER,Medical Oxygen D-Type,1,43,100
2025-01-04,MH-NSK-PHC-002,OXYGEN_CYLINDER,Medical Oxygen D-Type,2,41,81
2025-01-05,MH-NSK-PHC-002,OXYGEN_CYLINDER,Medical Oxygen D-Type,1,40,82
2025-01-06,MH-NSK-PHC-002,OXYGEN_CYLINDER,Medical Oxygen D-Type,1,39,95
2025-01-07,MH-NSK-PHC-002,OXYGEN_CYLINDER,Medical Oxygen D-Type,5,34,77
2025-01-08,MH-NSK-PHC-002,OXYGEN_CYLINDER,Medical Oxygen D-Type,3,31,91
2025-01-09,MH-NSK-PHC-002,OXYGEN_CYLINDER,Medical Oxygen D-Type,1,30,95
2025-01-10,MH-NSK-PHC-002,OXYGEN_CYLINDER,Medical Oxygen D-Type,4,26,77
2025-01-11,MH-NSK-PHC-002,OXYGEN_CYLINDER,Medical Oxygen D-Type,4,22,88
2025-01-12,MH-NSK-PHC-002,OXYGEN_CYLINDER,Medical Oxygen D-Type,1,21,96
2025-01-13,MH-NSK-PHC-002,OXYGEN_CYLINDER,Medical Oxygen D-Type,1,20,83
2025-01-14,MH-NSK-PHC-002,OXYGEN_CYLINDER,Medical Oxygen D-Type,4,16,80
2025-01-15,MH-NSK-PHC-002,OXYGEN_CYLINDER,Medical Oxygen D-Type,3,13,79
2025-01-16,MH-NSK-PHC-002,OXYGEN_CYLINDER,Medical Oxygen D-Type,4,10,81
2025-01-17,MH-NSK-PHC-002,OXYGEN_CYLINDER,Medical Oxygen D-Type,3,10,100
2025-01-18,MH-NSK-PHC-002,OXYGEN_CYLINDER,Medical Oxygen D-Type,1,10,96
2025-01-19,MH-NSK-PHC-002,OXYGEN_CYLINDER,Medical Oxygen D-Type,1,10,77
2025-01-20,MH-NSK-PHC-002,OXYGEN_CYLINDER,Medical Oxygen D-Type,1,10,85
2025-01-21,MH-NSK-PHC-002,OXYGEN_CYLINDER,Medical Oxygen D-Type,1,10,80
2025-01-22,MH-NSK-PHC-002,OXYGEN_CYLINDER,Medical Oxygen D-Type,2,10,79
2025-01-23,MH-NSK-PHC-002,OXYGEN_CYLINDER,Medical Oxygen D-Type,4,10,82
2025-01-24,MH-NSK-PHC-002,OXYGEN_CYLINDER,Medical Oxygen D-Type,1,10,91
2025-01-25,MH-NSK-PHC-002,OXYGEN_CYLINDER,Medical Oxygen D-Type,3,10,92
2025-01-26,MH-NSK-PHC-002,OXYGEN_CYLINDER,Medical Oxygen D-Type,1,10,77
2025-01-27,MH-NSK-PHC-002,OXYGEN_CYLINDER,Medical Oxygen D-Type,5,10,88
2025-01-28,MH-NSK-PHC-002,OXYGEN_CYLINDER,Medical Oxygen D-Type,2,10,94
2025-01-29,MH-NSK-PHC-002,OXYGEN_CYLINDER,Medical Oxygen D-Type,1,10,86
2025-01-30,MH-NSK-PHC-002,OXYGEN_CYLINDER,Medical Oxygen D-Type,4,10,79
2025-01-31,MH-NSK-PHC-002,OXYGEN_CYLINDER,Medical Oxygen D-Type,3,10,81
2025-02-01,MH-NSK-PHC-002,OXYGEN_CYLINDER,Medical Oxygen D-Type,1,10,81
2025-02-02,MH-NSK-PHC-002,OXYGEN_CYLINDER,Medical Oxygen D-Type,4,10,82
2025-02-03,MH-NSK-PHC-002,OXYGEN_CYLINDER,Medical Oxygen D-Type,4,10,86
2025-02-04,MH-NSK-PHC-002,OXYGEN_CYLINDER,Medical Oxygen D-Type,1,10,87
2025-02-05,MH-NSK-PHC-002,OXYGEN_CYLINDER,Medical Oxygen D-Type,4,10,89
2025-02-06,MH-NSK-PHC-002,OXYGEN_CYLINDER,Medical Oxygen D-Type,4,10,76
2025-02-07,MH-NSK-PHC-002,OXYGEN_CYLINDER,Medical Oxygen D-Type,2,10,82
2025-02-08,MH-NSK-PHC-002,OXYGEN_CYLINDER,Medical Oxygen D-Type,1,10,88
2025-02-09,MH-NSK-PHC-002,OXYGEN_CYLINDER,Medical Oxygen D-Type,2,10,83
2025-02-10,MH-NSK-PHC-002,OXYGEN_CYLINDER,Medical Oxygen D-Type,2,10,92
2025-02-11,MH-NSK-PHC-002,OXYGEN_CYLINDER,Medical Oxygen D-Type,1,10,87
2025-02-12,MH-NSK-PHC-002,OXYGEN_CYLINDER,Medical Oxygen D-Type,2,10,82
2025-02-13,MH-NSK-PHC-002,OXYGEN_CYLINDER,Medical Oxygen D-Type,1,10,91
2025-02-14,MH-NSK-PHC-002,OXYGEN_CYLINDER,Medical Oxygen D-Type,5,10,91
2025-02-15,MH-NSK-PHC-002,OXYGEN_CYLINDER,Medical Oxygen D-Type,1,10,99
2024-11-18,BR-PATNA-PHC-001,ORS,ORS Packets (Oral Rehydration),14,431,126
2024-11-19,BR-PATNA-PHC-001,ORS,ORS Packets (Oral Rehydration),16,415,117
2024-11-20,BR-PATNA-PHC-001,ORS,ORS Packets (Oral Rehydration),18,397,113
2024-11-21,BR-PATNA-PHC-001,ORS,ORS Packets (Oral Rehydration),17,380,111
2024-11-22,BR-PATNA-PHC-001,ORS,ORS Packets (Oral Rehydration),17,363,112
2024-11-23,BR-PATNA-PHC-001,ORS,ORS Packets (Oral Rehydration),16,347,135
2024-11-24,BR-PATNA-PHC-001,ORS,ORS Packets (Oral Rehydration),20,327,119
2024-11-25,BR-PATNA-PHC-001,ORS,ORS Packets (Oral Rehydration),16,311,119
2024-11-26,BR-PATNA-PHC-001,ORS,ORS Packets (Oral Rehydration),19,292,111
2024-11-27,BR-PATNA-PHC-001,ORS,ORS Packets (Oral Rehydration),20,272,132
2024-11-28,BR-PATNA-PHC-001,ORS,ORS Packets (Oral Rehydration),17,255,121
2024-11-29,BR-PATNA-PHC-001,ORS,ORS Packets (Oral Rehydration),20,235,128
2024-11-30,BR-PATNA-PHC-001,ORS,ORS Packets (Oral Rehydration),21,214,114
2024-12-01,BR-PATNA-PHC-001,ORS,ORS Packets (Oral Rehydration),14,200,134
2024-12-02,BR-PATNA-PHC-001,ORS,ORS Packets (Oral Rehydration),19,181,123
2024-12-03,BR-PATNA-PHC-001,ORS,ORS Packets (Oral Rehydration),15,166,125
2024-12-04,BR-PATNA-PHC-001,ORS,ORS Packets (Oral Rehydration),15,151,135
2024-12-05,BR-PATNA-PHC-001,ORS,ORS Packets (Oral Rehydration),21,130,119
2024-12-06,BR-PATNA-PHC-001,ORS,ORS Packets (Oral Rehydration),20,110,118
2024-12-07,BR-PATNA-PHC-001,ORS,ORS Packets (Oral Rehydration),18,320,132
2024-12-08,BR-PATNA-PHC-001,ORS,ORS Packets (Oral Rehydration),18,302,132
2024-12-09,BR-PATNA-PHC-001,ORS,ORS Packets (Oral Rehydration),17,285,117
2024-12-10,BR-PATNA-PHC-001,ORS,ORS Packets (Oral Rehydration),21,264,119
2024-12-11,BR-PATNA-PHC-001,ORS,ORS Packets (Oral Rehydration),19,245,132
2024-12-12,BR-PATNA-PHC-001,ORS,ORS Packets (Oral Rehydration),21,224,126
2024-12-13,BR-PATNA-PHC-001,ORS,ORS Packets (Oral Rehydration),20,204,135
2024-12-14,BR-PATNA-PHC-001,ORS,ORS Packets (Oral Rehydration),16,188,114
2024-12-15,BR-PATNA-PHC-001,ORS,ORS Packets (Oral Rehydration),19,169,119
2024-12-16,BR-PATNA-PHC-001,ORS,ORS Packets (Oral Rehydration),20,149,129
2024-12-17,BR-PATNA-PHC-001,ORS,ORS Packets (Oral Rehydration),17,132,125
2024-12-18,BR-PATNA-PHC-001,ORS,ORS Packets (Oral Rehydration),21,111,135
2024-12-19,BR-PATNA-PHC-001,ORS,ORS Packets (Oral Rehydration),17,326,114
2024-12-20,BR-PATNA-PHC-001,ORS,ORS Packets (Oral Rehydration),15,311,125
2024-12-21,BR-PATNA-PHC-001,ORS,ORS Packets (Oral Rehydration),18,293,126
2024-12-22,BR-PATNA-PHC-001,ORS,ORS Packets (Oral Rehydration),21,272,125
2024-12-23,BR-PATNA-PHC-001,ORS,ORS Packets (Oral Rehydration),14,258,117
2024-12-24,BR-PATNA-PHC-001,ORS,ORS Packets (Oral Rehydration),16,242,134
2024-12-25,BR-PATNA-PHC-001,ORS,ORS Packets (Oral Rehydration),16,226,121
2024-12-26,BR-PATNA-PHC-001,ORS,ORS Packets (Oral Rehydration),20,206,120
2024-12-27,BR-PATNA-PHC-001,ORS,ORS Packets (Oral Rehydration),20,186,113
2024-12-28,BR-PATNA-PHC-001,ORS,ORS Packets (Oral Rehydration),17,169,116
2024-12-29,BR-PATNA-PHC-001,ORS,ORS Packets (Oral Rehydration),18,151,125
2024-12-30,BR-PATNA-PHC-001,ORS,ORS Packets (Oral Rehydration),20,131,116
2024-12-31,BR-PATNA-PHC-001,ORS,ORS Packets (Oral Rehydration),15,116,133
2025-01-01,BR-PATNA-PHC-001,ORS,ORS Packets (Oral Rehydration),16,369,124
2025-01-02,BR-PATNA-PHC-001,ORS,ORS Packets (Oral Rehydration),19,350,127
2025-01-03,BR-PATNA-PHC-001,ORS,ORS Packets (Oral Rehydration),16,334,112
2025-01-04,BR-PATNA-PHC-001,ORS,ORS Packets (Oral Rehydration),16,318,126
2025-01-05,BR-PATNA-PHC-001,ORS,ORS Packets (Oral Rehydration),21,297,112
2025-01-06,BR-PATNA-PHC-001,ORS,ORS Packets (Oral Rehydration),15,282,125
2025-01-07,BR-PATNA-PHC-001,ORS,ORS Packets (Oral Rehydration),15,267,117
2025-01-08,BR-PATNA-PHC-001,ORS,ORS Packets (Oral Rehydration),15,252,117
2025-01-09,BR-PATNA-PHC-001,ORS,ORS Packets (Oral Rehydration),14,238,134
2025-01-10,BR-PATNA-PHC-001,ORS,ORS Packets (Oral Rehydration),17,221,122
2025-01-11,BR-PATNA-PHC-001,ORS,ORS Packets (Oral Rehydration),18,203,112
2025-01-12,BR-PATNA-PHC-001,ORS,ORS Packets (Oral Rehydration),15,188,112
2025-01-13,BR-PATNA-PHC-001,ORS,ORS Packets (Oral Rehydration),14,174,119
2025-01-14,BR-PATNA-PHC-001,ORS,ORS Packets (Oral Rehydration),20,154,130
2025-01-15,BR-PATNA-PHC-001,ORS,ORS Packets (Oral Rehydration),20,134,127
2025-01-16,BR-PATNA-PHC-001,ORS,ORS Packets (Oral Rehydration),14,120,118
2025-01-17,BR-PATNA-PHC-001,ORS,ORS Packets (Oral Rehydration),37,83,160
2025-01-18,BR-PATNA-PHC-001,ORS,ORS Packets (Oral Rehydration),44,239,159
2025-01-19,BR-PATNA-PHC-001,ORS,ORS Packets (Oral Rehydration),43,196,173
2025-01-20,BR-PATNA-PHC-001,ORS,ORS Packets (Oral Rehydration),40,156,169
2025-01-21,BR-PATNA-PHC-001,ORS,ORS Packets (Oral Rehydration),46,110,132
2025-01-22,BR-PATNA-PHC-001,ORS,ORS Packets (Oral Rehydration),36,373,163
2025-01-23,BR-PATNA-PHC-001,ORS,ORS Packets (Oral Rehydration),44,329,162
2025-01-24,BR-PATNA-PHC-001,ORS,ORS Packets (Oral Rehydration),46,283,146
2025-01-25,BR-PATNA-PHC-001,ORS,ORS Packets (Oral Rehydration),41,242,162
2025-01-26,BR-PATNA-PHC-001,ORS,ORS Packets (Oral Rehydration),41,201,145
2025-01-27,BR-PATNA-PHC-001,ORS,ORS Packets (Oral Rehydration),32,169,158
2025-01-28,BR-PATNA-PHC-001,ORS,ORS Packets (Oral Rehydration),48,121,155
2025-01-29,BR-PATNA-PHC-001,ORS,ORS Packets (Oral Rehydration),42,79,163
2025-01-30,BR-PATNA-PHC-001,ORS,ORS Packets (Oral Rehydration),38,325,146
2025-01-31,BR-PATNA-PHC-001,ORS,ORS Packets (Oral Rehydration),37,288,140
2025-02-01,BR-PATNA-PHC-001,ORS,ORS Packets (Oral Rehydration),31,257,151
2025-02-02,BR-PATNA-PHC-001,ORS,ORS Packets (Oral Rehydration),32,225,156
2025-02-03,BR-PATNA-PHC-001,ORS,ORS Packets (Oral Rehydration),33,192,165
2025-02-04,BR-PATNA-PHC-001,ORS,ORS Packets (Oral Rehydration),29,163,165
2025-02-05,BR-PATNA-PHC-001,ORS,ORS Packets (Oral Rehydration),41,122,159
2025-02-06,BR-PATNA-PHC-001,ORS,ORS Packets (Oral Rehydration),44,78,166
2025-02-07,BR-PATNA-PHC-001,ORS,ORS Packets (Oral Rehydration),33,310,159
2025-02-08,BR-PATNA-PHC-001,ORS,ORS Packets (Oral Rehydration),31,279,162
2025-02-09,BR-PATNA-PHC-001,ORS,ORS Packets (Oral Rehydration),35,244,168
2025-02-10,BR-PATNA-PHC-001,ORS,ORS Packets (Oral Rehydration),25,219,163
2025-02-11,BR-PATNA-PHC-001,ORS,ORS Packets (Oral Rehydration),35,184,152
2025-02-12,BR-PATNA-PHC-001,ORS,ORS Packets (Oral Rehydration),44,140,160
2025-02-13,BR-PATNA-PHC-001,ORS,ORS Packets (Oral Rehydration),30,110,146
2025-02-14,BR-PATNA-PHC-001,ORS,ORS Packets (Oral Rehydration),42,68,180
2025-02-15,BR-PATNA-PHC-001,ORS,ORS Packets (Oral Rehydration),30,38,175
2024-11-18,BR-PATNA-PHC-001,PARACETAMOL_500,Paracetamol 500mg Tablets,40,734,133
2024-11-19,BR-PATNA-PHC-001,PARACETAMOL_500,Paracetamol 500mg Tablets,37,697,121
2024-11-20,BR-PATNA-PHC-001,PARACETAMOL_500,Paracetamol 500mg Tablets,39,658,120
2024-11-21,BR-PATNA-PHC-001,PARACETAMOL_500,Paracetamol 500mg Tablets,43,615,133
2024-11-22,BR-PATNA-PHC-001,PARACETAMOL_500,Paracetamol 500mg Tablets,38,577,119
2024-11-23,BR-PATNA-PHC-001,PARACETAMOL_500,Paracetamol 500mg Tablets,37,540,125
2024-11-24,BR-PATNA-PHC-001,PARACETAMOL_500,Paracetamol 500mg Tablets,38,502,124
2024-11-25,BR-PATNA-PHC-001,PARACETAMOL_500,Paracetamol 500mg Tablets,38,464,117
2024-11-26,BR-PATNA-PHC-001,PARACETAMOL_500,Paracetamol 500mg Tablets,36,428,121
2024-11-27,BR-PATNA-PHC-001,PARACETAMOL_500,Paracetamol 500mg Tablets,36,392,119
2024-11-28,BR-PATNA-PHC-001,PARACETAMOL_500,Paracetamol 500mg Tablets,37,355,131
2024-11-29,BR-PATNA-PHC-001,PARACETAMOL_500,Paracetamol 500mg Tablets,42,313,130
2024-11-30,BR-PATNA-PHC-001,PARACETAMOL_500,Paracetamol 500mg Tablets,39,274,134
2024-12-01,BR-PATNA-PHC-001,PARACETAMOL_500,Paracetamol 500mg Tablets,37,237,128
2024-12-02,BR-PATNA-PHC-001,PARACETAMOL_500,Paracetamol 500mg Tablets,37,635,113
2024-12-03,BR-PATNA-PHC-001,PARACETAMOL_500,Paracetamol 500mg Tablets,41,594,116
2024-12-04,BR-PATNA-PHC-001,PARACETAMOL_500,Paracetamol 500mg Tablets,42,552,124
2024-12-05,BR-PATNA-PHC-001,PARACETAMOL_500,Paracetamol 500mg Tablets,38,514,132
2024-12-06,BR-PATNA-PHC-001,PARACETAMOL_500,Paracetamol 500mg Tablets,36,478,131
2024-12-07,BR-PATNA-PHC-001,PARACETAMOL_500,Paracetamol 500mg Tablets,38,440,115
2024-12-08,BR-PATNA-PHC-001,PARACETAMOL_500,Paracetamol 500mg Tablets,40,400,120
2024-12-09,BR-PATNA-PHC-001,PARACETAMOL_500,Paracetamol 500mg Tablets,39,361,129
2024-12-10,BR-PATNA-PHC-001,PARACETAMOL_500,Paracetamol 500mg Tablets,40,321,124
2024-12-11,BR-PATNA-PHC-001,PARACETAMOL_500,Paracetamol 500mg Tablets,40,281,125
2024-12-12,BR-PATNA-PHC-001,PARACETAMOL_500,Paracetamol 500mg Tablets,37,244,133
2024-12-13,BR-PATNA-PHC-001,PARACETAMOL_500,Paracetamol 500mg Tablets,41,203,130
2024-12-14,BR-PATNA-PHC-001,PARACETAMOL_500,Paracetamol 500mg Tablets,41,596,117
2024-12-15,BR-PATNA-PHC-001,PARACETAMOL_500,Paracetamol 500mg Tablets,42,554,119
2024-12-16,BR-PATNA-PHC-001,PARACETAMOL_500,Paracetamol 500mg Tablets,39,515,118
2024-12-17,BR-PATNA-PHC-001,PARACETAMOL_500,Paracetamol 500mg Tablets,51,464,133
2024-12-18,BR-PATNA-PHC-001,PARACETAMOL_500,Paracetamol 500mg Tablets,46,418,135
2024-12-19,BR-PATNA-PHC-001,PARACETAMOL_500,Paracetamol 500mg Tablets,56,362,131
2024-12-20,BR-PATNA-PHC-001,PARACETAMOL_500,Paracetamol 500mg Tablets,49,313,149
2024-12-21,BR-PATNA-PHC-001,PARACETAMOL_500,Paracetamol 500mg Tablets,53,260,144
2024-12-22,BR-PATNA-PHC-001,PARACETAMOL_500,Paracetamol 500mg Tablets,47,213,139
2024-12-23,BR-PATNA-PHC-001,PARACETAMOL_500,Paracetamol 500mg Tablets,48,628,136
2024-12-24,BR-PATNA-PHC-001,PARACETAMOL_500,Paracetamol 500mg Tablets,44,584,131
2024-12-25,BR-PATNA-PHC-001,PARACETAMOL_500,Paracetamol 500mg Tablets,58,526,134
2024-12-26,BR-PATNA-PHC-001,PARACETAMOL_500,Paracetamol 500mg Tablets,50,476,137
2024-12-27,BR-PATNA-PHC-001,PARACETAMOL_500,Paracetamol 500mg Tablets,52,424,134
2024-12-28,BR-PATNA-PHC-001,PARACETAMOL_500,Paracetamol 500mg Tablets,59,365,127
2024-12-29,BR-PATNA-PHC-001,PARACETAMOL_500,Paracetamol 500mg Tablets,48,317,150
2024-12-30,BR-PATNA-PHC-001,PARACETAMOL_500,Paracetamol 500mg Tablets,51,266,148
2024-12-31,BR-PATNA-PHC-001,PARACETAMOL_500,Paracetamol 500mg Tablets,55,211,143
2025-01-01,BR-PATNA-PHC-001,PARACETAMOL_500,Paracetamol 500mg Tablets,60,571,139
2025-01-02,BR-PATNA-PHC-001,PARACETAMOL_500,Paracetamol 500mg Tablets,53,518,127
2025-01-03,BR-PATNA-PHC-001,PARACETAMOL_500,Paracetamol 500mg Tablets,52,466,129
2025-01-04,BR-PATNA-PHC-001,PARACETAMOL_500,Paracetamol 500mg Tablets,59,407,129
2025-01-05,BR-PATNA-PHC-001,PARACETAMOL_500,Paracetamol 500mg Tablets,61,346,128
2025-01-06,BR-PATNA-PHC-001,PARACETAMOL_500,Paracetamol 500mg Tablets,55,291,150
2025-01-07,BR-PATNA-PHC-001,PARACETAMOL_500,Paracetamol 500mg Tablets,55,236,140
2025-01-08,BR-PATNA-PHC-001,PARACETAMOL_500,Paracetamol 500mg Tablets,48,658,130
2025-01-09,BR-PATNA-PHC-001,PARACETAMOL_500,Paracetamol 500mg Tablets,49,609,149
2025-01-10,BR-PATNA-PHC-001,PARACETAMOL_500,Paracetamol 500mg Tablets,56,553,126
2025-01-11,BR-PATNA-PHC-001,PARACETAMOL_500,Paracetamol 500mg Tablets,59,494,129
2025-01-12,BR-PATNA-PHC-001,PARACETAMOL_500,Paracetamol 500mg Tablets,43,451,121
2025-01-13,BR-PATNA-PHC-001,PARACETAMOL_500,Paracetamol 500mg Tablets,38,413,133
2025-01-14,BR-PATNA-PHC-001,PARACETAMOL_500,Paracetamol 500mg Tablets,37,376,135
2025-01-15,BR-PATNA-PHC-001,PARACETAMOL_500,Paracetamol 500mg Tablets,39,337,111
2025-01-16,BR-PATNA-PHC-001,PARACETAMOL_500,Paracetamol 500mg Tablets,37,300,124
2025-01-17,BR-PATNA-PHC-001,PARACETAMOL_500,Paracetamol 500mg Tablets,38,262,132
2025-01-18,BR-PATNA-PHC-001,PARACETAMOL_500,Paracetamol 500mg Tablets,42,220,131
2025-01-19,BR-PATNA-PHC-001,PARACETAMOL_500,Paracetamol 500mg Tablets,40,614,126
2025-01-20,BR-PATNA-PHC-001,PARACETAMOL_500,Paracetamol 500mg Tablets,37,577,129
2025-01-21,BR-PATNA-PHC-001,PARACETAMOL_500,Paracetamol 500mg Tablets,43,534,125
2025-01-22,BR-PATNA-PHC-001,PARACETAMOL_500,Paracetamol 500mg Tablets,37,497,115
2025-01-23,BR-PATNA-PHC-001,PARACETAMOL_500,Paracetamol 500mg Tablets,38,459,117
2025-01-24,BR-PATNA-PHC-001,PARACETAMOL_500,Paracetamol 500mg Tablets,41,418,129
2025-01-25,BR-PATNA-PHC-001,PARACETAMOL_500,Paracetamol 500mg Tablets,39,379,131
2025-01-26,BR-PATNA-PHC-001,PARACETAMOL_500,Paracetamol 500mg Tablets,36,343,123
2025-01-27,BR-PATNA-PHC-001,PARACETAMOL_500,Paracetamol 500mg Tablets,42,301,119
2025-01-28,BR-PATNA-PHC-001,PARACETAMOL_500,Paracetamol 500mg Tablets,42,259,114
2025-01-29,BR-PATNA-PHC-001,PARACETAMOL_500,Paracetamol 500mg Tablets,37,222,120
2025-01-30,BR-PATNA-PHC-001,PARACETAMOL_500,Paracetamol 500mg Tablets,41,624,123
2025-01-31,BR-PATNA-PHC-001,PARACETAMOL_500,Paracetamol 500mg Tablets,41,583,124
2025-02-01,BR-PATNA-PHC-001,PARACETAMOL_500,Paracetamol 500mg Tablets,37,546,115
2025-02-02,BR-PATNA-PHC-001,PARACETAMOL_500,Paracetamol 500mg Tablets,41,505,126
2025-02-03,BR-PATNA-PHC-001,PARACETAMOL_500,Paracetamol 500mg Tablets,43,462,118
2025-02-04,BR-PATNA-PHC-001,PARACETAMOL_500,Paracetamol 500mg Tablets,41,421,121
2025-02-05,BR-PATNA-PHC-001,PARACETAMOL_500,Paracetamol 500mg Tablets,42,379,120
2025-02-06,BR-PATNA-PHC-001,PARACETAMOL_500,Paracetamol 500mg Tablets,41,338,113
2025-02-07,BR-PATNA-PHC-001,PARACETAMOL_500,Paracetamol 500mg Tablets,40,298,111
2025-02-08,BR-PATNA-PHC-001,PARACETAMOL_500,Paracetamol 500mg Tablets,42,256,120
2025-02-09,BR-PATNA-PHC-001,PARACETAMOL_500,Paracetamol 500mg Tablets,42,214,123
2025-02-10,BR-PATNA-PHC-001,PARACETAMOL_500,Paracetamol 500mg Tablets,43,171,123
2025-02-11,BR-PATNA-PHC-001,PARACETAMOL_500,Paracetamol 500mg Tablets,38,133,114
2025-02-12,BR-PATNA-PHC-001,PARACETAMOL_500,Paracetamol 500mg Tablets,43,90,133
2025-02-13,BR-PATNA-PHC-001,PARACETAMOL_500,Paracetamol 500mg Tablets,36,54,111
2025-02-14,BR-PATNA-PHC-001,PARACETAMOL_500,Paracetamol 500mg Tablets,36,18,133
2025-02-15,BR-PATNA-PHC-001,PARACETAMOL_500,Paracetamol 500mg Tablets,40,10,117
2024-11-18,BR-PATNA-PHC-001,AMOXICILLIN_500,Amoxicillin 500mg Capsules,28,619,115
2024-11-19,BR-PATNA-PHC-001,AMOXICILLIN_500,Amoxicillin 500mg Capsules,24,595,119
2024-11-20,BR-PATNA-PHC-001,AMOXICILLIN_500,Amoxicillin 500mg Capsules,21,574,122
2024-11-21,BR-PATNA-PHC-001,AMOXICILLIN_500,Amoxicillin 500mg Capsules,27,547,113
2024-11-22,BR-PATNA-PHC-001,AMOXICILLIN_500,Amoxicillin 500mg Capsules,28,519,129
2024-11-23,BR-PATNA-PHC-001,AMOXICILLIN_500,Amoxicillin 500mg Capsules,28,491,114
2024-11-24,BR-PATNA-PHC-001,AMOXICILLIN_500,Amoxicillin 500mg Capsules,28,463,134
2024-11-25,BR-PATNA-PHC-001,AMOXICILLIN_500,Amoxicillin 500mg Capsules,23,440,124
2024-11-26,BR-PATNA-PHC-001,AMOXICILLIN_500,Amoxicillin 500mg Capsules,23,417,129
2024-11-27,BR-PATNA-PHC-001,AMOXICILLIN_500,Amoxicillin 500mg Capsules,22,395,119
2024-11-28,BR-PATNA-PHC-001,AMOXICILLIN_500,Amoxicillin 500mg Capsules,27,368,120
2024-11-29,BR-PATNA-PHC-001,AMOXICILLIN_500,Amoxicillin 500mg Capsules,26,342,118
2024-11-30,BR-PATNA-PHC-001,AMOXICILLIN_500,Amoxicillin 500mg Capsules,25,317,111
2024-12-01,BR-PATNA-PHC-001,AMOXICILLIN_500,Amoxicillin 500mg Capsules,25,292,124
2024-12-02,BR-PATNA-PHC-001,AMOXICILLIN_500,Amoxicillin 500mg Capsules,23,269,122
2024-12-03,BR-PATNA-PHC-001,AMOXICILLIN_500,Amoxicillin 500mg Capsules,23,246,126
2024-12-04,BR-PATNA-PHC-001,AMOXICILLIN_500,Amoxicillin 500mg Capsules,28,218,130
2024-12-05,BR-PATNA-PHC-001,AMOXICILLIN_500,Amoxicillin 500mg Capsules,22,196,128
2024-12-06,BR-PATNA-PHC-001,AMOXICILLIN_500,Amoxicillin 500mg Capsules,24,172,117
2024-12-07,BR-PATNA-PHC-001,AMOXICILLIN_500,Amoxicillin 500mg Capsules,27,496,133
2024-12-08,BR-PATNA-PHC-001,AMOXICILLIN_500,Amoxicillin 500mg Capsules,25,471,127
2024-12-09,BR-PATNA-PHC-001,AMOXICILLIN_500,Amoxicillin 500mg Capsules,26,445,129
2024-12-10,BR-PATNA-PHC-001,AMOXICILLIN_500,Amoxicillin 500mg Capsules,27,418,111
2024-12-11,BR-PATNA-PHC-001,AMOXICILLIN_500,Amoxicillin 500mg Capsules,26,392,130
2024-12-12,BR-PATNA-PHC-001,AMOXICILLIN_500,Amoxicillin 500mg Capsules,26,366,124
2024-12-13,BR-PATNA-PHC-001,AMOXICILLIN_500,Amoxicillin 500mg Capsules,26,340,114
2024-12-14,BR-PATNA-PHC-001,AMOXICILLIN_500,Amoxicillin 500mg Capsules,23,317,134
2024-12-15,BR-PATNA-PHC-001,AMOXICILLIN_500,Amoxicillin 500mg Capsules,28,289,115
2024-12-16,BR-PATNA-PHC-001,AMOXICILLIN_500,Amoxicillin 500mg Capsules,27,262,129
2024-12-17,BR-PATNA-PHC-001,AMOXICILLIN_500,Amoxicillin 500mg Capsules,23,239,132
2024-12-18,BR-PATNA-PHC-001,AMOXICILLIN_500,Amoxicillin 500mg Capsules,21,218,135
2024-12-19,BR-PATNA-PHC-001,AMOXICILLIN_500,Amoxicillin 500mg Capsules,21,197,122
2024-12-20,BR-PATNA-PHC-001,AMOXICILLIN_500,Amoxicillin 500mg Capsules,22,175,128
2024-12-21,BR-PATNA-PHC-001,AMOXICILLIN_500,Amoxicillin 500mg Capsules,25,528,131
2024-12-22,BR-PATNA-PHC-001,AMOXICILLIN_500,Amoxicillin 500mg Capsules,21,507,132
2024-12-23,BR-PATNA-PHC-001,AMOXICILLIN_500,Amoxicillin 500mg Capsules,21,486,117
2024-12-24,BR-PATNA-PHC-001,AMOXICILLIN_500,Amoxicillin 500mg Capsules,21,465,112
2024-12-25,BR-PATNA-PHC-001,AMOXICILLIN_500,Amoxicillin 500mg Capsules,28,437,114
2024-12-26,BR-PATNA-PHC-001,AMOXICILLIN_500,Amoxicillin 500mg Capsules,21,416,135
2024-12-27,BR-PATNA-PHC-001,AMOXICILLIN_500,Amoxicillin 500mg Capsules,23,393,132
2024-12-28,BR-PATNA-PHC-001,AMOXICILLIN_500,Amoxicillin 500mg Capsules,23,370,113
2024-12-29,BR-PATNA-PHC-001,AMOXICILLIN_500,Amoxicillin 500mg Capsules,24,346,122
2024-12-30,BR-PATNA-PHC-001,AMOXICILLIN_500,Amoxicillin 500mg Capsules,23,323,134
2024-12-31,BR-PATNA-PHC-001,AMOXICILLIN_500,Amoxicillin 500mg Capsules,21,302,120
2025-01-01,BR-PATNA-PHC-001,AMOXICILLIN_500,Amoxicillin 500mg Capsules,26,276,132
2025-01-02,BR-PATNA-PHC-001,AMOXICILLIN_500,Amoxicillin 500mg Capsules,21,255,135
2025-01-03,BR-PATNA-PHC-001,AMOXICILLIN_500,Amoxicillin 500mg Capsules,24,231,129
2025-01-04,BR-PATNA-PHC-001,AMOXICILLIN_500,Amoxicillin 500mg Capsules,23,208,115
2025-01-05,BR-PATNA-PHC-001,AMOXICILLIN_500,Amoxicillin 500mg Capsules,26,182,121
2025-01-06,BR-PATNA-PHC-001,AMOXICILLIN_500,Amoxicillin 500mg Capsules,21,161,113
2025-01-07,BR-PATNA-PHC-001,AMOXICILLIN_500,Amoxicillin 500mg Capsules,26,455,123
2025-01-08,BR-PATNA-PHC-001,AMOXICILLIN_500,Amoxicillin 500mg Capsules,27,428,122
2025-01-09,BR-PATNA-PHC-001,AMOXICILLIN_500,Amoxicillin 500mg Capsules,28,400,135
2025-01-10,BR-PATNA-PHC-001,AMOXICILLIN_500,Amoxicillin 500mg Capsules,26,374,119
2025-01-11,BR-PATNA-PHC-001,AMOXICILLIN_500,Amoxicillin 500mg Capsules,28,346,119
2025-01-12,BR-PATNA-PHC-001,AMOXICILLIN_500,Amoxicillin 500mg Capsules,25,321,122
2025-01-13,BR-PATNA-PHC-001,AMOXICILLIN_500,Amoxicillin 500mg Capsules,21,300,134
2025-01-14,BR-PATNA-PHC-001,AMOXICILLIN_500,Amoxicillin 500mg Capsules,25,275,135
2025-01-15,BR-PATNA-PHC-001,AMOXICILLIN_500,Amoxicillin 500mg Capsules,27,248,121
2025-01-16,BR-PATNA-PHC-001,AMOXICILLIN_500,Amoxicillin 500mg Capsules,22,226,121
2025-01-17,BR-PATNA-PHC-001,AMOXICILLIN_500,Amoxicillin 500mg Capsules,23,203,129
2025-01-18,BR-PATNA-PHC-001,AMOXICILLIN_500,Amoxicillin 500mg Capsules,27,176,126
2025-01-19,BR-PATNA-PHC-001,AMOXICILLIN_500,Amoxicillin 500mg Capsules,26,507,131
2025-01-20,BR-PATNA-PHC-001,AMOXICILLIN_500,Amoxicillin 500mg Capsules,27,480,134
2025-01-21,BR-PATNA-PHC-001,AMOXICILLIN_500,Amoxicillin 500mg Capsules,26,454,126
2025-01-22,BR-PATNA-PHC-001,AMOXICILLIN_500,Amoxicillin 500mg Capsules,27,427,124
2025-01-23,BR-PATNA-PHC-001,AMOXICILLIN_500,Amoxicillin 500mg Capsules,23,404,132
2025-01-24,BR-PATNA-PHC-001,AMOXICILLIN_500,Amoxicillin 500mg Capsules,23,381,122
2025-01-25,BR-PATNA-PHC-001,AMOXICILLIN_500,Amoxicillin 500mg Capsules,22,359,124
2025-01-26,BR-PATNA-PHC-001,AMOXICILLIN_500,Amoxicillin 500mg Capsules,27,332,125
2025-01-27,BR-PATNA-PHC-001,AMOXICILLIN_500,Amoxicillin 500mg Capsules,21,311,123
2025-01-28,BR-PATNA-PHC-001,AMOXICILLIN_500,Amoxicillin 500mg Capsules,24,287,121
2025-01-29,BR-PATNA-PHC-001,AMOXICILLIN_500,Amoxicillin 500mg Capsules,27,260,114
2025-01-30,BR-PATNA-PHC-001,AMOXICILLIN_500,Amoxicillin 500mg Capsules,24,236,112
2025-01-31,BR-PATNA-PHC-001,AMOXICILLIN_500,Amoxicillin 500mg Capsules,25,211,111
2025-02-01,BR-PATNA-PHC-001,AMOXICILLIN_500,Amoxicillin 500mg Capsules,25,186,117
2025-02-02,BR-PATNA-PHC-001,AMOXICILLIN_500,Amoxicillin 500mg Capsules,24,162,128
2025-02-03,BR-PATNA-PHC-001,AMOXICILLIN_500,Amoxicillin 500mg Capsules,22,470,123
2025-02-04,BR-PATNA-PHC-001,AMOXICILLIN_500,Amoxicillin 500mg Capsules,21,449,128
2025-02-05,BR-PATNA-PHC-001,AMOXICILLIN_500,Amoxicillin 500mg Capsules,22,427,113
2025-02-06,BR-PATNA-PHC-001,AMOXICILLIN_500,Amoxicillin 500mg Capsules,26,401,113
2025-02-07,BR-PATNA-PHC-001,AMOXICILLIN_500,Amoxicillin 500mg Capsules,28,373,131
2025-02-08,BR-PATNA-PHC-001,AMOXICILLIN_500,Amoxicillin 500mg Capsules,24,349,115
2025-02-09,BR-PATNA-PHC-001,AMOXICILLIN_500,Amoxicillin 500mg Capsules,22,327,126
2025-02-10,BR-PATNA-PHC-001,AMOXICILLIN_500,Amoxicillin 500mg Capsules,22,305,127
2025-02-11,BR-PATNA-PHC-001,AMOXICILLIN_500,Amoxicillin 500mg Capsules,21,284,124
2025-02-12,BR-PATNA-PHC-001,AMOXICILLIN_500,Amoxicillin 500mg Capsules,23,261,132
2025-02-13,BR-PATNA-PHC-001,AMOXICILLIN_500,Amoxicillin 500mg Capsules,21,240,111
2025-02-14,BR-PATNA-PHC-001,AMOXICILLIN_500,Amoxicillin 500mg Capsules,23,217,115
2025-02-15,BR-PATNA-PHC-001,AMOXICILLIN_500,Amoxicillin 500mg Capsules,21,196,133
2024-11-18,BR-PATNA-PHC-001,AZITHROMYCIN_500,Azithromycin 500mg Tablets,16,255,114
2024-11-19,BR-PATNA-PHC-001,AZITHROMYCIN_500,Azithromycin 500mg Tablets,18,237,113
2024-11-20,BR-PATNA-PHC-001,AZITHROMYCIN_500,Azithromycin 500mg Tablets,11,226,126
2024-11-21,BR-PATNA-PHC-001,AZITHROMYCIN_500,Azithromycin 500mg Tablets,14,212,112
2024-11-22,BR-PATNA-PHC-001,AZITHROMYCIN_500,Azithromycin 500mg Tablets,11,201,123
2024-11-23,BR-PATNA-PHC-001,AZITHROMYCIN_500,Azithromycin 500mg Tablets,15,186,135
2024-11-24,BR-PATNA-PHC-001,AZITHROMYCIN_500,Azithromycin 500mg Tablets,16,170,133
2024-11-25,BR-PATNA-PHC-001,AZITHROMYCIN_500,Azithromycin 500mg Tablets,12,158,121
2024-11-26,BR-PATNA-PHC-001,AZITHROMYCIN_500,Azithromycin 500mg Tablets,11,147,120
2024-11-27,BR-PATNA-PHC-001,AZITHROMYCIN_500,Azithromycin 500mg Tablets,13,134,131
2024-11-28,BR-PATNA-PHC-001,AZITHROMYCIN_500,Azithromycin 500mg Tablets,14,120,123
2024-11-29,BR-PATNA-PHC-001,AZITHROMYCIN_500,Azithromycin 500mg Tablets,11,109,124
2024-11-30,BR-PATNA-PHC-001,AZITHROMYCIN_500,Azithromycin 500mg Tablets,11,98,126
2024-12-01,BR-PATNA-PHC-001,AZITHROMYCIN_500,Azithromycin 500mg Tablets,18,80,117
2024-12-02,BR-PATNA-PHC-001,AZITHROMYCIN_500,Azithromycin 500mg Tablets,18,257,124
2024-12-03,BR-PATNA-PHC-001,AZITHROMYCIN_500,Azithromycin 500mg Tablets,16,241,131
2024-12-04,BR-PATNA-PHC-001,AZITHROMYCIN_500,Azithromycin 500mg Tablets,14,227,127
2024-12-05,BR-PATNA-PHC-001,AZITHROMYCIN_500,Azithromycin 500mg Tablets,14,213,113
2024-12-06,BR-PATNA-PHC-001,AZITHROMYCIN_500,Azithromycin 500mg Tablets,14,199,133
2024-12-07,BR-PATNA-PHC-001,AZITHROMYCIN_500,Azithromycin 500mg Tablets,18,181,134
2024-12-08,BR-PATNA-PHC-001,AZITHROMYCIN_500,Azithromycin 500mg Tablets,14,167,114
2024-12-09,BR-PATNA-PHC-001,AZITHROMYCIN_500,Azithromycin 500mg Tablets,16,151,135
2024-12-10,BR-PATNA-PHC-001,AZITHROMYCIN_500,Azithromycin 500mg Tablets,14,137,131
2024-12-11,BR-PATNA-PHC-001,AZITHROMYCIN_500,Azithromycin 500mg Tablets,14,123,128
2024-12-12,BR-PATNA-PHC-001,AZITHROMYCIN_500,Azithromycin 500mg Tablets,16,107,130
2024-12-13,BR-PATNA-PHC-001,AZITHROMYCIN_500,Azithromycin 500mg Tablets,13,94,124
2024-12-14,BR-PATNA-PHC-001,AZITHROMYCIN_500,Azithromycin 500mg Tablets,13,297,116
2024-12-15,BR-PATNA-PHC-001,AZITHROMYCIN_500,Azithromycin 500mg Tablets,18,279,121
2024-12-16,BR-PATNA-PHC-001,AZITHROMYCIN_500,Azithromycin 500mg Tablets,11,268,128
2024-12-17,BR-PATNA-PHC-001,AZITHROMYCIN_500,Azithromycin 500mg Tablets,36,232,131
2024-12-18,BR-PATNA-PHC-001,AZITHROMYCIN_500,Azithromycin 500mg Tablets,32,200,141
2024-12-19,BR-PATNA-PHC-001,AZITHROMYCIN_500,Azithromycin 500mg Tablets,29,171,140
2024-12-20,BR-PATNA-PHC-001,AZITHROMYCIN_500,Azithromycin 500mg Tablets,26,145,130
2024-12-21,BR-PATNA-PHC-001,AZITHROMYCIN_500,Azithromycin 500mg Tablets,31,114,142
2024-12-22,BR-PATNA-PHC-001,AZITHROMYCIN_500,Azithromycin 500mg Tablets,32,82,137
2024-12-23,BR-PATNA-PHC-001,AZITHROMYCIN_500,Azithromycin 500mg Tablets,31,282,127
2024-12-24,BR-PATNA-PHC-001,AZITHROMYCIN_500,Azithromycin 500mg Tablets,20,262,131
2024-12-25,BR-PATNA-PHC-001,AZITHROMYCIN_500,Azithromycin 500mg Tablets,25,237,135
2024-12-26,BR-PATNA-PHC-001,AZITHROMYCIN_500,Azithromycin 500mg Tablets,32,205,127
2024-12-27,BR-PATNA-PHC-001,AZITHROMYCIN_500,Azithromycin 500mg Tablets,31,174,144
2024-12-28,BR-PATNA-PHC-001,AZITHROMYCIN_500,Azithromycin 500mg Tablets,32,142,149
2024-12-29,BR-PATNA-PHC-001,AZITHROMYCIN_500,Azithromycin 500mg Tablets,23,119,149
2024-12-30,BR-PATNA-PHC-001,AZITHROMYCIN_500,Azithromycin 500mg Tablets,30,89,133
2024-12-31,BR-PATNA-PHC-001,AZITHROMYCIN_500,Azithromycin 500mg Tablets,31,227,141
2025-01-01,BR-PATNA-PHC-001,AZITHROMYCIN_500,Azithromycin 500mg Tablets,20,207,142
2025-01-02,BR-PATNA-PHC-001,AZITHROMYCIN_500,Azithromycin 500mg Tablets,35,172,134
2025-01-03,BR-PATNA-PHC-001,AZITHROMYCIN_500,Azithromycin 500mg Tablets,31,141,147
2025-01-04,BR-PATNA-PHC-001,AZITHROMYCIN_500,Azithromycin 500mg Tablets,30,111,138
2025-01-05,BR-PATNA-PHC-001,AZITHROMYCIN_500,Azithromycin 500mg Tablets,31,80,137
2025-01-06,BR-PATNA-PHC-001,AZITHROMYCIN_500,Azithromycin 500mg Tablets,25,313,140
2025-01-07,BR-PATNA-PHC-001,AZITHROMYCIN_500,Azithromycin 500mg Tablets,32,281,138
2025-01-08,BR-PATNA-PHC-001,AZITHROMYCIN_500,Azithromycin 500mg Tablets,26,255,136
2025-01-09,BR-PATNA-PHC-001,AZITHROMYCIN_500,Azithromycin 500mg Tablets,29,226,148
2025-01-10,BR-PATNA-PHC-001,AZITHROMYCIN_500,Azithromycin 500mg Tablets,40,186,128
2025-01-11,BR-PATNA-PHC-001,AZITHROMYCIN_500,Azithromycin 500mg Tablets,39,147,140
2025-01-12,BR-PATNA-PHC-001,AZITHROMYCIN_500,Azithromycin 500mg Tablets,13,134,125
2025-01-13,BR-PATNA-PHC-001,AZITHROMYCIN_500,Azithromycin 500mg Tablets,17,117,119
2025-01-14,BR-PATNA-PHC-001,AZITHROMYCIN_500,Azithromycin 500mg Tablets,13,104,127
2025-01-15,BR-PATNA-PHC-001,AZITHROMYCIN_500,Azithromycin 500mg Tablets,11,93,115
2025-01-16,BR-PATNA-PHC-001,AZITHROMYCIN_500,Azithromycin 500mg Tablets,14,240,111
2025-01-17,BR-PATNA-PHC-001,AZITHROMYCIN_500,Azithromycin 500mg Tablets,12,228,111
2025-01-18,BR-PATNA-PHC-001,AZITHROMYCIN_500,Azithromycin 500mg Tablets,18,210,120
2025-01-19,BR-PATNA-PHC-001,AZITHROMYCIN_500,Azithromycin 500mg Tablets,17,193,121
2025-01-20,BR-PATNA-PHC-001,AZITHROMYCIN_500,Azithromycin 500mg Tablets,18,175,133
2025-01-21,BR-PATNA-PHC-001,AZITHROMYCIN_500,Azithromycin 500mg Tablets,13,162,119
2025-01-22,BR-PATNA-PHC-001,AZITHROMYCIN_500,Azithromycin 500mg Tablets,18,144,130
2025-01-23,BR-PATNA-PHC-001,AZITHROMYCIN_500,Azithromycin 500mg Tablets,14,130,115
2025-01-24,BR-PATNA-PHC-001,AZITHROMYCIN_500,Azithromycin 500mg Tablets,18,112,117
2025-01-25,BR-PATNA-PHC-001,AZITHROMYCIN_500,Azithromycin 500mg Tablets,17,95,113
2025-01-26,BR-PATNA-PHC-001,AZITHROMYCIN_500,Azithromycin 500mg Tablets,18,324,126
2025-01-27,BR-PATNA-PHC-001,AZITHROMYCIN_500,Azithromycin 500mg Tablets,13,311,113
2025-01-28,BR-PATNA-PHC-001,AZITHROMYCIN_500,Azithromycin 500mg Tablets,11,300,125
2025-01-29,BR-PATNA-PHC-001,AZITHROMYCIN_500,Azithromycin 500mg Tablets,18,282,124
2025-01-30,BR-PATNA-PHC-001,AZITHROMYCIN_500,Azithromycin 500mg Tablets,15,267,135
2025-01-31,BR-PATNA-PHC-001,AZITHROMYCIN_500,Azithromycin 500mg Tablets,13,254,120
2025-02-01,BR-PATNA-PHC-001,AZITHROMYCIN_500,Azithromycin 500mg Tablets,18,236,126
2025-02-02,BR-PATNA-PHC-001,AZITHROMYCIN_500,Azithromycin 500mg Tablets,17,219,117
2025-02-03,BR-PATNA-PHC-001,AZITHROMYCIN_500,Azithromycin 500mg Tablets,13,206,135
2025-02-04,BR-PATNA-PHC-001,AZITHROMYCIN_500,Azithromycin 500mg Tablets,14,192,132
2025-02-05,BR-PATNA-PHC-001,AZITHROMYCIN_500,Azithromycin 500mg Tablets,14,178,114
2025-02-06,BR-PATNA-PHC-001,AZITHROMYCIN_500,Azithromycin 500mg Tablets,13,165,132
2025-02-07,BR-PATNA-PHC-001,AZITHROMYCIN_500,Azithromycin 500mg Tablets,17,148,114
2025-02-08,BR-PATNA-PHC-001,AZITHROMYCIN_500,Azithromycin 500mg Tablets,11,137,129
2025-02-09,BR-PATNA-PHC-001,AZITHROMYCIN_500,Azithromycin 500mg Tablets,11,126,124
2025-02-10,BR-PATNA-PHC-001,AZITHROMYCIN_500,Azithromycin 500mg Tablets,18,108,115
2025-02-11,BR-PATNA-PHC-001,AZITHROMYCIN_500,Azithromycin 500mg Tablets,12,96,112
2025-02-12,BR-PATNA-PHC-001,AZITHROMYCIN_500,Azithromycin 500mg Tablets,17,79,118
2025-02-13,BR-PATNA-PHC-001,AZITHROMYCIN_500,Azithromycin 500mg Tablets,12,67,130
2025-02-14,BR-PATNA-PHC-001,AZITHROMYCIN_500,Azithromycin 500mg Tablets,15,52,113
2025-02-15,BR-PATNA-PHC-001,AZITHROMYCIN_500,Azithromycin 500mg Tablets,16,36,132
2024-11-18,BR-PATNA-PHC-001,METFORMIN_500,Metformin 500mg Tablets,24,458,113
2024-11-19,BR-PATNA-PHC-001,METFORMIN_500,Metformin 500mg Tablets,24,434,135
2024-11-20,BR-PATNA-PHC-001,METFORMIN_500,Metformin 500mg Tablets,23,411,121
2024-11-21,BR-PATNA-PHC-001,METFORMIN_500,Metformin 500mg Tablets,25,386,131
2024-11-22,BR-PATNA-PHC-001,METFORMIN_500,Metformin 500mg Tablets,24,362,130
2024-11-23,BR-PATNA-PHC-001,METFORMIN_500,Metformin 500mg Tablets,21,341,123
2024-11-24,BR-PATNA-PHC-001,METFORMIN_500,Metformin 500mg Tablets,23,318,130
2024-11-25,BR-PATNA-PHC-001,METFORMIN_500,Metformin 500mg Tablets,25,293,112
2024-11-26,BR-PATNA-PHC-001,METFORMIN_500,Metformin 500mg Tablets,19,274,115
2024-11-27,BR-PATNA-PHC-001,METFORMIN_500,Metformin 500mg Tablets,24,250,132
2024-11-28,BR-PATNA-PHC-001,METFORMIN_500,Metformin 500mg Tablets,19,231,115
2024-11-29,BR-PATNA-PHC-001,METFORMIN_500,Metformin 500mg Tablets,23,208,119
2024-11-30,BR-PATNA-PHC-001,METFORMIN_500,Metformin 500mg Tablets,24,184,129
2024-12-01,BR-PATNA-PHC-001,METFORMIN_500,Metformin 500mg Tablets,20,164,114
2024-12-02,BR-PATNA-PHC-001,METFORMIN_500,Metformin 500mg Tablets,22,142,111
2024-12-03,BR-PATNA-PHC-001,METFORMIN_500,Metformin 500mg Tablets,22,403,120
2024-12-04,BR-PATNA-PHC-001,METFORMIN_500,Metformin 500mg Tablets,22,381,129
2024-12-05,BR-PATNA-PHC-001,METFORMIN_500,Metformin 500mg Tablets,21,360,117
2024-12-06,BR-PATNA-PHC-001,METFORMIN_500,Metformin 500mg Tablets,18,342,126
2024-12-07,BR-PATNA-PHC-001,METFORMIN_500,Metformin 500mg Tablets,20,322,114
2024-12-08,BR-PATNA-PHC-001,METFORMIN_500,Metformin 500mg Tablets,18,304,124
2024-12-09,BR-PATNA-PHC-001,METFORMIN_500,Metformin 500mg Tablets,20,284,117
2024-12-10,BR-PATNA-PHC-001,METFORMIN_500,Metformin 500mg Tablets,24,260,130
2024-12-11,BR-PATNA-PHC-001,METFORMIN_500,Metformin 500mg Tablets,20,240,115
2024-12-12,BR-PATNA-PHC-001,METFORMIN_500,Metformin 500mg Tablets,19,221,131
2024-12-13,BR-PATNA-PHC-001,METFORMIN_500,Metformin 500mg Tablets,22,199,111
2024-12-14,BR-PATNA-PHC-001,METFORMIN_500,Metformin 500mg Tablets,19,180,129
2024-12-15,BR-PATNA-PHC-001,METFORMIN_500,Metformin 500mg Tablets,25,155,114
2024-12-16,BR-PATNA-PHC-001,METFORMIN_500,Metformin 500mg Tablets,20,135,111
2024-12-17,BR-PATNA-PHC-001,METFORMIN_500,Metformin 500mg Tablets,23,383,117
2024-12-18,BR-PATNA-PHC-001,METFORMIN_500,Metformin 500mg Tablets,20,363,134
2024-12-19,BR-PATNA-PHC-001,METFORMIN_500,Metformin 500mg Tablets,25,338,127
2024-12-20,BR-PATNA-PHC-001,METFORMIN_500,Metformin 500mg Tablets,22,316,130
2024-12-21,BR-PATNA-PHC-001,METFORMIN_500,Metformin 500mg Tablets,25,291,127
2024-12-22,BR-PATNA-PHC-001,METFORMIN_500,Metformin 500mg Tablets,23,268,133
2024-12-23,BR-PATNA-PHC-001,METFORMIN_500,Metformin 500mg Tablets,18,250,114
2024-12-24,BR-PATNA-PHC-001,METFORMIN_500,Metformin 500mg Tablets,24,226,130
2024-12-25,BR-PATNA-PHC-001,METFORMIN_500,Metformin 500mg Tablets,22,204,135
2024-12-26,BR-PATNA-PHC-001,METFORMIN_500,Metformin 500mg Tablets,21,183,132
2024-12-27,BR-PATNA-PHC-001,METFORMIN_500,Metformin 500mg Tablets,20,163,122
2024-12-28,BR-PATNA-PHC-001,METFORMIN_500,Metformin 500mg Tablets,18,145,122
2024-12-29,BR-PATNA-PHC-001,METFORMIN_500,Metformin 500mg Tablets,18,127,132
2024-12-30,BR-PATNA-PHC-001,METFORMIN_500,Metformin 500mg Tablets,24,423,130
2024-12-31,BR-PATNA-PHC-001,METFORMIN_500,Metformin 500mg Tablets,19,404,116
2025-01-01,BR-PATNA-PHC-001,METFORMIN_500,Metformin 500mg Tablets,23,381,128
2025-01-02,BR-PATNA-PHC-001,METFORMIN_500,Metformin 500mg Tablets,22,359,130
2025-01-03,BR-PATNA-PHC-001,METFORMIN_500,Metformin 500mg Tablets,18,341,129
2025-01-04,BR-PATNA-PHC-001,METFORMIN_500,Metformin 500mg Tablets,19,322,118
2025-01-05,BR-PATNA-PHC-001,METFORMIN_500,Metformin 500mg Tablets,19,303,123
2025-01-06,BR-PATNA-PHC-001,METFORMIN_500,Metformin 500mg Tablets,19,284,130
2025-01-07,BR-PATNA-PHC-001,METFORMIN_500,Metformin 500mg Tablets,24,260,117
2025-01-08,BR-PATNA-PHC-001,METFORMIN_500,Metformin 500mg Tablets,22,238,121
2025-01-09,BR-PATNA-PHC-001,METFORMIN_500,Metformin 500mg Tablets,25,213,129
2025-01-10,BR-PATNA-PHC-001,METFORMIN_500,Metformin 500mg Tablets,23,190,114
2025-01-11,BR-PATNA-PHC-001,METFORMIN_500,Metformin 500mg Tablets,24,166,118
2025-01-12,BR-PATNA-PHC-001,METFORMIN_500,Metformin 500mg Tablets,22,144,134
2025-01-13,BR-PATNA-PHC-001,METFORMIN_500,Metformin 500mg Tablets,21,123,113
2025-01-14,BR-PATNA-PHC-001,METFORMIN_500,Metformin 500mg Tablets,25,358,132
2025-01-15,BR-PATNA-PHC-001,METFORMIN_500,Metformin 500mg Tablets,19,339,114
2025-01-16,BR-PATNA-PHC-001,METFORMIN_500,Metformin 500mg Tablets,21,318,120
2025-01-17,BR-PATNA-PHC-001,METFORMIN_500,Metformin 500mg Tablets,22,296,116
2025-01-18,BR-PATNA-PHC-001,METFORMIN_500,Metformin 500mg Tablets,24,272,127
2025-01-19,BR-PATNA-PHC-001,METFORMIN_500,Metformin 500mg Tablets,25,247,130
2025-01-20,BR-PATNA-PHC-001,METFORMIN_500,Metformin 500mg Tablets,23,224,115
2025-01-21,BR-PATNA-PHC-001,METFORMIN_500,Metformin 500mg Tablets,22,202,132
2025-01-22,BR-PATNA-PHC-001,METFORMIN_500,Metformin 500mg Tablets,23,179,116
2025-01-23,BR-PATNA-PHC-001,METFORMIN_500,Metformin 500mg Tablets,21,158,126
2025-01-24,BR-PATNA-PHC-001,METFORMIN_500,Metformin 500mg Tablets,24,134,124
2025-01-25,BR-PATNA-PHC-001,METFORMIN_500,Metformin 500mg Tablets,20,360,124
2025-01-26,BR-PATNA-PHC-001,METFORMIN_500,Metformin 500mg Tablets,24,336,126
2025-01-27,BR-PATNA-PHC-001,METFORMIN_500,Metformin 500mg Tablets,25,311,118
2025-01-28,BR-PATNA-PHC-001,METFORMIN_500,Metformin 500mg Tablets,24,287,132
2025-01-29,BR-PATNA-PHC-001,METFORMIN_500,Metformin 500mg Tablets,24,263,131
2025-01-30,BR-PATNA-PHC-001,METFORMIN_500,Metformin 500mg Tablets,19,244,126
2025-01-31,BR-PATNA-PHC-001,METFORMIN_500,Metformin 500mg Tablets,20,224,117
2025-02-01,BR-PATNA-PHC-001,METFORMIN_500,Metformin 500mg Tablets,21,203,133
2025-02-02,BR-PATNA-PHC-001,METFORMIN_500,Metformin 500mg Tablets,19,184,117
2025-02-03,BR-PATNA-PHC-001,METFORMIN_500,Metformin 500mg Tablets,25,159,118
2025-02-04,BR-PATNA-PHC-001,METFORMIN_500,Metformin 500mg Tablets,19,140,111
2025-02-05,BR-PATNA-PHC-001,METFORMIN_500,Metformin 500mg Tablets,23,381,121
2025-02-06,BR-PATNA-PHC-001,METFORMIN_500,Metformin 500mg Tablets,25,356,122
2025-02-07,BR-PATNA-PHC-001,METFORMIN_500,Metformin 500mg Tablets,23,333,122
2025-02-08,BR-PATNA-PHC-001,METFORMIN_500,Metformin 500mg Tablets,19,314,133
2025-02-09,BR-PATNA-PHC-001,METFORMIN_500,Metformin 500mg Tablets,21,293,119
2025-02-10,BR-PATNA-PHC-001,METFORMIN_500,Metformin 500mg Tablets,24,269,121
2025-02-11,BR-PATNA-PHC-001,METFORMIN_500,Metformin 500mg Tablets,24,245,131
2025-02-12,BR-PATNA-PHC-001,METFORMIN_500,Metformin 500mg Tablets,18,227,130
2025-02-13,BR-PATNA-PHC-001,METFORMIN_500,Metformin 500mg Tablets,24,203,131
2025-02-14,BR-PATNA-PHC-001,METFORMIN_500,Metformin 500mg Tablets,25,178,121
2025-02-15,BR-PATNA-PHC-001,METFORMIN_500,Metformin 500mg Tablets,25,153,132
2024-11-18,BR-PATNA-PHC-001,INSULIN_REGULAR,Insulin Regular (100IU/ml),4,134,122
2024-11-19,BR-PATNA-PHC-001,INSULIN_REGULAR,Insulin Regular (100IU/ml),2,132,121
2024-11-20,BR-PATNA-PHC-001,INSULIN_REGULAR,Insulin Regular (100IU/ml),1,131,125
2024-11-21,BR-PATNA-PHC-001,INSULIN_REGULAR,Insulin Regular (100IU/ml),5,126,116
2024-11-22,BR-PATNA-PHC-001,INSULIN_REGULAR,Insulin Regular (100IU/ml),8,118,135
2024-11-23,BR-PATNA-PHC-001,INSULIN_REGULAR,Insulin Regular (100IU/ml),2,116,123
2024-11-24,BR-PATNA-PHC-001,INSULIN_REGULAR,Insulin Regular (100IU/ml),2,114,131
2024-11-25,BR-PATNA-PHC-001,INSULIN_REGULAR,Insulin Regular (100IU/ml),4,110,123
2024-11-26,BR-PATNA-PHC-001,INSULIN_REGULAR,Insulin Regular (100IU/ml),5,105,127
2024-11-27,BR-PATNA-PHC-001,INSULIN_REGULAR,Insulin Regular (100IU/ml),6,99,116
2024-11-28,BR-PATNA-PHC-001,INSULIN_REGULAR,Insulin Regular (100IU/ml),8,91,135
2024-11-29,BR-PATNA-PHC-001,INSULIN_REGULAR,Insulin Regular (100IU/ml),4,87,114
2024-11-30,BR-PATNA-PHC-001,INSULIN_REGULAR,Insulin Regular (100IU/ml),7,80,129
2024-12-01,BR-PATNA-PHC-001,INSULIN_REGULAR,Insulin Regular (100IU/ml),1,79,121
2024-12-02,BR-PATNA-PHC-001,INSULIN_REGULAR,Insulin Regular (100IU/ml),3,76,115
2024-12-03,BR-PATNA-PHC-001,INSULIN_REGULAR,Insulin Regular (100IU/ml),1,75,116
2024-12-04,BR-PATNA-PHC-001,INSULIN_REGULAR,Insulin Regular (100IU/ml),5,70,122
2024-12-05,BR-PATNA-PHC-001,INSULIN_REGULAR,Insulin Regular (100IU/ml),1,69,116
2024-12-06,BR-PATNA-PHC-001,INSULIN_REGULAR,Insulin Regular (100IU/ml),8,61,116
2024-12-07,BR-PATNA-PHC-001,INSULIN_REGULAR,Insulin Regular (100IU/ml),2,59,119
2024-12-08,BR-PATNA-PHC-001,INSULIN_REGULAR,Insulin Regular (100IU/ml),4,55,131
2024-12-09,BR-PATNA-PHC-001,INSULIN_REGULAR,Insulin Regular (100IU/ml),5,50,124
2024-12-10,BR-PATNA-PHC-001,INSULIN_REGULAR,Insulin Regular (100IU/ml),8,42,121
2024-12-11,BR-PATNA-PHC-001,INSULIN_REGULAR,Insulin Regular (100IU/ml),7,35,120
2024-12-12,BR-PATNA-PHC-001,INSULIN_REGULAR,Insulin Regular (100IU/ml),2,117,130
2024-12-13,BR-PATNA-PHC-001,INSULIN_REGULAR,Insulin Regular (100IU/ml),8,109,129
2024-12-14,BR-PATNA-PHC-001,INSULIN_REGULAR,Insulin Regular (100IU/ml),1,108,124
2024-12-15,BR-PATNA-PHC-001,INSULIN_REGULAR,Insulin Regular (100IU/ml),2,106,119
2024-12-16,BR-PATNA-PHC-001,INSULIN_REGULAR,Insulin Regular (100IU/ml),8,98,114
2024-12-17,BR-PATNA-PHC-001,INSULIN_REGULAR,Insulin Regular (100IU/ml),4,94,123
2024-12-18,BR-PATNA-PHC-001,INSULIN_REGULAR,Insulin Regular (100IU/ml),1,93,111
2024-12-19,BR-PATNA-PHC-001,INSULIN_REGULAR,Insulin Regular (100IU/ml),4,89,118
2024-12-20,BR-PATNA-PHC-001,INSULIN_REGULAR,Insulin Regular (100IU/ml),3,86,117
2024-12-21,BR-PATNA-PHC-001,INSULIN_REGULAR,Insulin Regular (100IU/ml),6,80,115
2024-12-22,BR-PATNA-PHC-001,INSULIN_REGULAR,Insulin Regular (100IU/ml),8,72,135
2024-12-23,BR-PATNA-PHC-001,INSULIN_REGULAR,Insulin Regular (100IU/ml),8,64,117
2024-12-24,BR-PATNA-PHC-001,INSULIN_REGULAR,Insulin Regular (100IU/ml),4,60,120
2024-12-25,BR-PATNA-PHC-001,INSULIN_REGULAR,Insulin Regular (100IU/ml),4,56,116
2024-12-26,BR-PATNA-PHC-001,INSULIN_REGULAR,Insulin Regular (100IU/ml),5,51,134
2024-12-27,BR-PATNA-PHC-001,INSULIN_REGULAR,Insulin Regular (100IU/ml),4,47,116
2024-12-28,BR-PATNA-PHC-001,INSULIN_REGULAR,Insulin Regular (100IU/ml),5,42,124
2024-12-29,BR-PATNA-PHC-001,INSULIN_REGULAR,Insulin Regular (100IU/ml),4,38,124
2024-12-30,BR-PATNA-PHC-001,INSULIN_REGULAR,Insulin Regular (100IU/ml),7,31,128
2024-12-31,BR-PATNA-PHC-001,INSULIN_REGULAR,Insulin Regular (100IU/ml),2,123,113
2025-01-01,BR-PATNA-PHC-001,INSULIN_REGULAR,Insulin Regular (100IU/ml),5,118,119
2025-01-02,BR-PATNA-PHC-001,INSULIN_REGULAR,Insulin Regular (100IU/ml),4,114,119
2025-01-03,BR-PATNA-PHC-001,INSULIN_REGULAR,Insulin Regular (100IU/ml),5,109,119
2025-01-04,BR-PATNA-PHC-001,INSULIN_REGULAR,Insulin Regular (100IU/ml),2,107,116
2025-01-05,BR-PATNA-PHC-001,INSULIN_REGULAR,Insulin Regular (100IU/ml),2,105,114
2025-01-06,BR-PATNA-PHC-001,INSULIN_REGULAR,Insulin Regular (100IU/ml),8,97,124
2025-01-07,BR-PATNA-PHC-001,INSULIN_REGULAR,Insulin Regular (100IU/ml),7,90,124
2025-01-08,BR-PATNA-PHC-001,INSULIN_REGULAR,Insulin Regular (100IU/ml),3,87,112
2025-01-09,BR-PATNA-PHC-001,INSULIN_REGULAR,Insulin Regular (100IU/ml),3,84,116
2025-01-10,BR-PATNA-PHC-001,INSULIN_REGULAR,Insulin Regular (100IU/ml),5,79,125
2025-01-11,BR-PATNA-PHC-001,INSULIN_REGULAR,Insulin Regular (100IU/ml),6,73,111
2025-01-12,BR-PATNA-PHC-001,INSULIN_REGULAR,Insulin Regular (100IU/ml),1,72,126
2025-01-13,BR-PATNA-PHC-001,INSULIN_REGULAR,Insulin Regular (100IU/ml),5,67,114
2025-01-14,BR-PATNA-PHC-001,INSULIN_REGULAR,Insulin Regular (100IU/ml),8,59,111
2025-01-15,BR-PATNA-PHC-001,INSULIN_REGULAR,Insulin Regular (100IU/ml),1,58,126
2025-01-16,BR-PATNA-PHC-001,INSULIN_REGULAR,Insulin Regular (100IU/ml),2,56,115
2025-01-17,BR-PATNA-PHC-001,INSULIN_REGULAR,Insulin Regular (100IU/ml),8,48,124
2025-01-18,BR-PATNA-PHC-001,INSULIN_REGULAR,Insulin Regular (100IU/ml),3,45,123
2025-01-19,BR-PATNA-PHC-001,INSULIN_REGULAR,Insulin Regular (100IU/ml),7,38,132
2025-01-20,BR-PATNA-PHC-001,INSULIN_REGULAR,Insulin Regular (100IU/ml),6,32,118
2025-01-21,BR-PATNA-PHC-001,INSULIN_REGULAR,Insulin Regular (100IU/ml),8,159,130
2025-01-22,BR-PATNA-PHC-001,INSULIN_REGULAR,Insulin Regular (100IU/ml),4,155,133
2025-01-23,BR-PATNA-PHC-001,INSULIN_REGULAR,Insulin Regular (100IU/ml),4,151,112
2025-01-24,BR-PATNA-PHC-001,INSULIN_REGULAR,Insulin Regular (100IU/ml),4,147,114
2025-01-25,BR-PATNA-PHC-001,INSULIN_REGULAR,Insulin Regular (100IU/ml),1,146,112
2025-01-26,BR-PATNA-PHC-001,INSULIN_REGULAR,Insulin Regular (100IU/ml),3,143,131
2025-01-27,BR-PATNA-PHC-001,INSULIN_REGULAR,Insulin Regular (100IU/ml),6,137,123
2025-01-28,BR-PATNA-PHC-001,INSULIN_REGULAR,Insulin Regular (100IU/ml),3,134,129
2025-01-29,BR-PATNA-PHC-001,INSULIN_REGULAR,Insulin Regular (100IU/ml),2,132,132
2025-01-30,BR-PATNA-PHC-001,INSULIN_REGULAR,Insulin Regular (100IU/ml),7,125,128
2025-01-31,BR-PATNA-PHC-001,INSULIN_REGULAR,Insulin Regular (100IU/ml),1,124,127
2025-02-01,BR-PATNA-PHC-001,INSULIN_REGULAR,Insulin Regular (100IU/ml),2,122,135
2025-02-02,BR-PATNA-PHC-001,INSULIN_REGULAR,Insulin Regular (100IU/ml),7,115,123
2025-02-03,BR-PATNA-PHC-001,INSULIN_REGULAR,Insulin Regular (100IU/ml),6,109,120
2025-02-04,BR-PATNA-PHC-001,INSULIN_REGULAR,Insulin Regular (100IU/ml),5,104,115
2025-02-05,BR-PATNA-PHC-001,INSULIN_REGULAR,Insulin Regular (100IU/ml),8,96,120
2025-02-06,BR-PATNA-PHC-001,INSULIN_REGULAR,Insulin Regular (100IU/ml),5,91,117
2025-02-07,BR-PATNA-PHC-001,INSULIN_REGULAR,Insulin Regular (100IU/ml),5,86,119
2025-02-08,BR-PATNA-PHC-001,INSULIN_REGULAR,Insulin Regular (100IU/ml),8,78,135
2025-02-09,BR-PATNA-PHC-001,INSULIN_REGULAR,Insulin Regular (100IU/ml),6,72,133
2025-02-10,BR-PATNA-PHC-001,INSULIN_REGULAR,Insulin Regular (100IU/ml),4,68,123
2025-02-11,BR-PATNA-PHC-001,INSULIN_REGULAR,Insulin Regular (100IU/ml),5,63,115
2025-02-12,BR-PATNA-PHC-001,INSULIN_REGULAR,Insulin Regular (100IU/ml),3,60,123
2025-02-13,BR-PATNA-PHC-001,INSULIN_REGULAR,Insulin Regular (100IU/ml),6,54,128
2025-02-14,BR-PATNA-PHC-001,INSULIN_REGULAR,Insulin Regular (100IU/ml),5,49,113
2025-02-15,BR-PATNA-PHC-001,INSULIN_REGULAR,Insulin Regular (100IU/ml),8,41,132
2024-11-18,BR-PATNA-PHC-001,RABIES_VACCINE,Anti-Rabies Vaccine (ARV),6,218,130
2024-11-19,BR-PATNA-PHC-001,RABIES_VACCINE,Anti-Rabies Vaccine (ARV),4,214,125
2024-11-20,BR-PATNA-PHC-001,RABIES_VACCINE,Anti-Rabies Vaccine (ARV),2,212,122
2024-11-21,BR-PATNA-PHC-001,RABIES_VACCINE,Anti-Rabies Vaccine (ARV),7,205,131
2024-11-22,BR-PATNA-PHC-001,RABIES_VACCINE,Anti-Rabies Vaccine (ARV),4,201,123
2024-11-23,BR-PATNA-PHC-001,RABIES_VACCINE,Anti-Rabies Vaccine (ARV),1,200,122
2024-11-24,BR-PATNA-PHC-001,RABIES_VACCINE,Anti-Rabies Vaccine (ARV),4,196,122
2024-11-25,BR-PATNA-PHC-001,RABIES_VACCINE,Anti-Rabies Vaccine (ARV),3,193,117
2024-11-26,BR-PATNA-PHC-001,RABIES_VACCINE,Anti-Rabies Vaccine (ARV),7,186,112
2024-11-27,BR-PATNA-PHC-001,RABIES_VACCINE,Anti-Rabies Vaccine (ARV),1,185,111
2024-11-28,BR-PATNA-PHC-001,RABIES_VACCINE,Anti-Rabies Vaccine (ARV),5,180,114
2024-11-29,BR-PATNA-PHC-001,RABIES_VACCINE,Anti-Rabies Vaccine (ARV),5,175,133
2024-11-30,BR-PATNA-PHC-001,RABIES_VACCINE,Anti-Rabies Vaccine (ARV),3,172,135
2024-12-01,BR-PATNA-PHC-001,RABIES_VACCINE,Anti-Rabies Vaccine (ARV),1,171,119
2024-12-02,BR-PATNA-PHC-001,RABIES_VACCINE,Anti-Rabies Vaccine (ARV),2,169,117
2024-12-03,BR-PATNA-PHC-001,RABIES_VACCINE,Anti-Rabies Vaccine (ARV),2,167,122
2024-12-04,BR-PATNA-PHC-001,RABIES_VACCINE,Anti-Rabies Vaccine (ARV),4,163,124
2024-12-05,BR-PATNA-PHC-001,RABIES_VACCINE,Anti-Rabies Vaccine (ARV),5,158,125
2024-12-06,BR-PATNA-PHC-001,RABIES_VACCINE,Anti-Rabies Vaccine (ARV),2,156,131
2024-12-07,BR-PATNA-PHC-001,RABIES_VACCINE,Anti-Rabies Vaccine (ARV),4,152,120
2024-12-08,BR-PATNA-PHC-001,RABIES_VACCINE,Anti-Rabies Vaccine (ARV),1,151,117
2024-12-09,BR-PATNA-PHC-001,RABIES_VACCINE,Anti-Rabies Vaccine (ARV),1,150,116
2024-12-10,BR-PATNA-PHC-001,RABIES_VACCINE,Anti-Rabies Vaccine (ARV),6,144,111
2024-12-11,BR-PATNA-PHC-001,RABIES_VACCINE,Anti-Rabies Vaccine (ARV),1,143,111
2024-12-12,BR-PATNA-PHC-001,RABIES_VACCINE,Anti-Rabies Vaccine (ARV),3,140,131
2024-12-13,BR-PATNA-PHC-001,RABIES_VACCINE,Anti-Rabies Vaccine (ARV),2,138,115
2024-12-14,BR-PATNA-PHC-001,RABIES_VACCINE,Anti-Rabies Vaccine (ARV),1,137,123
2024-12-15,BR-PATNA-PHC-001,RABIES_VACCINE,Anti-Rabies Vaccine (ARV),5,132,128
2024-12-16,BR-PATNA-PHC-001,RABIES_VACCINE,Anti-Rabies Vaccine (ARV),6,126,127
2024-12-17,BR-PATNA-PHC-001,RABIES_VACCINE,Anti-Rabies Vaccine (ARV),2,124,129
2024-12-18,BR-PATNA-PHC-001,RABIES_VACCINE,Anti-Rabies Vaccine (ARV),7,117,134
2024-12-19,BR-PATNA-PHC-001,RABIES_VACCINE,Anti-Rabies Vaccine (ARV),7,110,124
2024-12-20,BR-PATNA-PHC-001,RABIES_VACCINE,Anti-Rabies Vaccine (ARV),3,107,127
2024-12-21,BR-PATNA-PHC-001,RABIES_VACCINE,Anti-Rabies Vaccine (ARV),6,101,124
2024-12-22,BR-PATNA-PHC-001,RABIES_VACCINE,Anti-Rabies Vaccine (ARV),5,96,112
2024-12-23,BR-PATNA-PHC-001,RABIES_VACCINE,Anti-Rabies Vaccine (ARV),3,93,122
2024-12-24,BR-PATNA-PHC-001,RABIES_VACCINE,Anti-Rabies Vaccine (ARV),7,86,117
2024-12-25,BR-PATNA-PHC-001,RABIES_VACCINE,Anti-Rabies Vaccine (ARV),1,85,130
2024-12-26,BR-PATNA-PHC-001,RABIES_VACCINE,Anti-Rabies Vaccine (ARV),5,80,113
2024-12-27,BR-PATNA-PHC-001,RABIES_VACCINE,Anti-Rabies Vaccine (ARV),7,73,134
2024-12-28,BR-PATNA-PHC-001,RABIES_VACCINE,Anti-Rabies Vaccine (ARV),1,72,132
2024-12-29,BR-PATNA-PHC-001,RABIES_VACCINE,Anti-Rabies Vaccine (ARV),4,68,119
2024-12-30,BR-PATNA-PHC-001,RABIES_VACCINE,Anti-Rabies Vaccine (ARV),5,63,111
2024-12-31,BR-PATNA-PHC-001,RABIES_VACCINE,Anti-Rabies Vaccine (ARV),2,61,130
2025-01-01,BR-PATNA-PHC-001,RABIES_VACCINE,Anti-Rabies Vaccine (ARV),1,60,111
2025-01-02,BR-PATNA-PHC-001,RABIES_VACCINE,Anti-Rabies Vaccine (ARV),3,57,120
2025-01-03,BR-PATNA-PHC-001,RABIES_VACCINE,Anti-Rabies Vaccine (ARV),3,54,135
2025-01-04,BR-PATNA-PHC-001,RABIES_VACCINE,Anti-Rabies Vaccine (ARV),2,52,128
2025-01-05,BR-PATNA-PHC-001,RABIES_VACCINE,Anti-Rabies Vaccine (ARV),7,45,134
2025-01-06,BR-PATNA-PHC-001,RABIES_VACCINE,Anti-Rabies Vaccine (ARV),5,40,133
2025-01-07,BR-PATNA-PHC-001,RABIES_VACCINE,Anti-Rabies Vaccine (ARV),3,37,133
2025-01-08,BR-PATNA-PHC-001,RABIES_VACCINE,Anti-Rabies Vaccine (ARV),7,30,116
2025-01-09,BR-PATNA-PHC-001,RABIES_VACCINE,Anti-Rabies Vaccine (ARV),7,23,134
2025-01-10,BR-PATNA-PHC-001,RABIES_VACCINE,Anti-Rabies Vaccine (ARV),6,69,128
2025-01-11,BR-PATNA-PHC-001,RABIES_VACCINE,Anti-Rabies Vaccine (ARV),6,63,123
2025-01-12,BR-PATNA-PHC-001,RABIES_VACCINE,Anti-Rabies Vaccine (ARV),3,60,113
2025-01-13,BR-PATNA-PHC-001,RABIES_VACCINE,Anti-Rabies Vaccine (ARV),6,54,127
2025-01-14,BR-PATNA-PHC-001,RABIES_VACCINE,Anti-Rabies Vaccine (ARV),7,47,132
2025-01-15,BR-PATNA-PHC-001,RABIES_VACCINE,Anti-Rabies Vaccine (ARV),1,46,120
2025-01-16,BR-PATNA-PHC-001,RABIES_VACCINE,Anti-Rabies Vaccine (ARV),6,40,111
2025-01-17,BR-PATNA-PHC-001,RABIES_VACCINE,Anti-Rabies Vaccine (ARV),5,35,111
2025-01-18,BR-PATNA-PHC-001,RABIES_VACCINE,Anti-Rabies Vaccine (ARV),6,29,116
2025-01-19,BR-PATNA-PHC-001,RABIES_VACCINE,Anti-Rabies Vaccine (ARV),5,130,114
2025-01-20,BR-PATNA-PHC-001,RABIES_VACCINE,Anti-Rabies Vaccine (ARV),7,123,118
2025-01-21,BR-PATNA-PHC-001,RABIES_VACCINE,Anti-Rabies Vaccine (ARV),3,120,121
2025-01-22,BR-PATNA-PHC-001,RABIES_VACCINE,Anti-Rabies Vaccine (ARV),6,114,130
2025-01-23,BR-PATNA-PHC-001,RABIES_VACCINE,Anti-Rabies Vaccine (ARV),1,113,119
2025-01-24,BR-PATNA-PHC-001,RABIES_VACCINE,Anti-Rabies Vaccine (ARV),1,112,123
2025-01-25,BR-PATNA-PHC-001,RABIES_VACCINE,Anti-Rabies Vaccine (ARV),5,107,113
2025-01-26,BR-PATNA-PHC-001,RABIES_VACCINE,Anti-Rabies Vaccine (ARV),3,104,124
2025-01-27,BR-PATNA-PHC-001,RABIES_VACCINE,Anti-Rabies Vaccine (ARV),3,101,134
2025-01-28,BR-PATNA-PHC-001,RABIES_VACCINE,Anti-Rabies Vaccine (ARV),1,100,121
2025-01-29,BR-PATNA-PHC-001,RABIES_VACCINE,Anti-Rabies Vaccine (ARV),3,97,118
2025-01-30,BR-PATNA-PHC-001,RABIES_VACCINE,Anti-Rabies Vaccine (ARV),7,90,135
2025-01-31,BR-PATNA-PHC-001,RABIES_VACCINE,Anti-Rabies Vaccine (ARV),3,87,112
2025-02-01,BR-PATNA-PHC-001,RABIES_VACCINE,Anti-Rabies Vaccine (ARV),4,83,116
2025-02-02,BR-PATNA-PHC-001,RABIES_VACCINE,Anti-Rabies Vaccine (ARV),1,82,127
2025-02-03,BR-PATNA-PHC-001,RABIES_VACCINE,Anti-Rabies Vaccine (ARV),4,78,134
2025-02-04,BR-PATNA-PHC-001,RABIES_VACCINE,Anti-Rabies Vaccine (ARV),7,71,122
2025-02-05,BR-PATNA-PHC-001,RABIES_VACCINE,Anti-Rabies Vaccine (ARV),6,65,113
2025-02-06,BR-PATNA-PHC-001,RABIES_VACCINE,Anti-Rabies Vaccine (ARV),4,61,127
2025-02-07,BR-PATNA-PHC-001,RABIES_VACCINE,Anti-Rabies Vaccine (ARV),4,57,113
2025-02-08,BR-PATNA-PHC-001,RABIES_VACCINE,Anti-Rabies Vaccine (ARV),3,54,135
2025-02-09,BR-PATNA-PHC-001,RABIES_VACCINE,Anti-Rabies Vaccine (ARV),2,52,133
2025-02-10,BR-PATNA-PHC-001,RABIES_VACCINE,Anti-Rabies Vaccine (ARV),4,48,126
2025-02-11,BR-PATNA-PHC-001,RABIES_VACCINE,Anti-Rabies Vaccine (ARV),1,47,133
2025-02-12,BR-PATNA-PHC-001,RABIES_VACCINE,Anti-Rabies Vaccine (ARV),2,45,126
2025-02-13,BR-PATNA-PHC-001,RABIES_VACCINE,Anti-Rabies Vaccine (ARV),2,43,112
2025-02-14,BR-PATNA-PHC-001,RABIES_VACCINE,Anti-Rabies Vaccine (ARV),1,42,114
2025-02-15,BR-PATNA-PHC-001,RABIES_VACCINE,Anti-Rabies Vaccine (ARV),4,38,132
2024-11-18,BR-PATNA-PHC-001,OXYGEN_CYLINDER,Medical Oxygen D-Type,3,144,129
2024-11-19,BR-PATNA-PHC-001,OXYGEN_CYLINDER,Medical Oxygen D-Type,4,140,135
2024-11-20,BR-PATNA-PHC-001,OXYGEN_CYLINDER,Medical Oxygen D-Type,1,139,130
2024-11-21,BR-PATNA-PHC-001,OXYGEN_CYLINDER,Medical Oxygen D-Type,1,138,130
2024-11-22,BR-PATNA-PHC-001,OXYGEN_CYLINDER,Medical Oxygen D-Type,3,135,128
2024-11-23,BR-PATNA-PHC-001,OXYGEN_CYLINDER,Medical Oxygen D-Type,4,131,118
2024-11-24,BR-PATNA-PHC-001,OXYGEN_CYLINDER,Medical Oxygen D-Type,1,130,117
2024-11-25,BR-PATNA-PHC-001,OXYGEN_CYLINDER,Medical Oxygen D-Type,4,126,129
2024-11-26,BR-PATNA-PHC-001,OXYGEN_CYLINDER,Medical Oxygen D-Type,2,124,113
2024-11-27,BR-PATNA-PHC-001,OXYGEN_CYLINDER,Medical Oxygen D-Type,1,123,117
2024-11-28,BR-PATNA-PHC-001,OXYGEN_CYLINDER,Medical Oxygen D-Type,1,122,124
2024-11-29,BR-PATNA-PHC-001,OXYGEN_CYLINDER,Medical Oxygen D-Type,2,120,131
2024-11-30,BR-PATNA-PHC-001,OXYGEN_CYLINDER,Medical Oxygen D-Type,4,116,134
2024-12-01,BR-PATNA-PHC-001,OXYGEN_CYLINDER,Medical Oxygen D-Type,1,115,115
2024-12-02,BR-PATNA-PHC-001,OXYGEN_CYLINDER,Medical Oxygen D-Type,3,112,127
2024-12-03,BR-PATNA-PHC-001,OXYGEN_CYLINDER,Medical Oxygen D-Type,4,108,133
2024-12-04,BR-PATNA-PHC-001,OXYGEN_CYLINDER,Medical Oxygen D-Type,3,105,135
2024-12-05,BR-PATNA-PHC-001,OXYGEN_CYLINDER,Medical Oxygen D-Type,4,101,127
2024-12-06,BR-PATNA-PHC-001,OXYGEN_CYLINDER,Medical Oxygen D-Type,1,100,119
2024-12-07,BR-PATNA-PHC-001,OXYGEN_CYLINDER,Medical Oxygen D-Type,3,97,123
2024-12-08,BR-PATNA-PHC-001,OXYGEN_CYLINDER,Medical Oxygen D-Type,1,96,133
2024-12-09,BR-PATNA-PHC-001,OXYGEN_CYLINDER,Medical Oxygen D-Type,5,91,119
2024-12-10,BR-PATNA-PHC-001,OXYGEN_CYLINDER,Medical Oxygen D-Type,1,90,121
2024-12-11,BR-PATNA-PHC-001,OXYGEN_CYLINDER,Medical Oxygen D-Type,1,89,123
2024-12-12,BR-PATNA-PHC-001,OXYGEN_CYLINDER,Medical Oxygen D-Type,4,85,134
2024-12-13,BR-PATNA-PHC-001,OXYGEN_CYLINDER,Medical Oxygen D-Type,1,84,133
2024-12-14,BR-PATNA-PHC-001,OXYGEN_CYLINDER,Medical Oxygen D-Type,1,83,128
2024-12-15,BR-PATNA-PHC-001,OXYGEN_CYLINDER,Medical Oxygen D-Type,1,82,117
2024-12-16,BR-PATNA-PHC-001,OXYGEN_CYLINDER,Medical Oxygen D-Type,3,79,124
2024-12-17,BR-PATNA-PHC-001,OXYGEN_CYLINDER,Medical Oxygen D-Type,2,77,113
2024-12-18,BR-PATNA-PHC-001,OXYGEN_CYLINDER,Medical Oxygen D-Type,1,76,117
2024-12-19,BR-PATNA-PHC-001,OXYGEN_CYLINDER,Medical Oxygen D-Type,5,71,115
2024-12-20,BR-PATNA-PHC-001,OXYGEN_CYLINDER,Medical Oxygen D-Type,1,70,117
2024-12-21,BR-PATNA-PHC-001,OXYGEN_CYLINDER,Medical Oxygen D-Type,1,69,131
2024-12-22,BR-PATNA-PHC-001,OXYGEN_CYLINDER,Medical Oxygen D-Type,1,68,113
2024-12-23,BR-PATNA-PHC-001,OXYGEN_CYLINDER,Medical Oxygen D-Type,1,67,130
2024-12-24,BR-PATNA-PHC-001,OXYGEN_CYLINDER,Medical Oxygen D-Type,2,65,130
2024-12-25,BR-PATNA-PHC-001,OXYGEN_CYLINDER,Medical Oxygen D-Type,1,64,113
2024-12-26,BR-PATNA-PHC-001,OXYGEN_CYLINDER,Medical Oxygen D-Type,1,63,117
2024-12-27,BR-PATNA-PHC-001,OXYGEN_CYLINDER,Medical Oxygen D-Type,1,62,111
2024-12-28,BR-PATNA-PHC-001,OXYGEN_CYLINDER,Medical Oxygen D-Type,1,61,118
2024-12-29,BR-PATNA-PHC-001,OXYGEN_CYLINDER,Medical Oxygen D-Type,1,60,116
2024-12-30,BR-PATNA-PHC-001,OXYGEN_CYLINDER,Medical Oxygen D-Type,1,59,115
2024-12-31,BR-PATNA-PHC-001,OXYGEN_CYLINDER,Medical Oxygen D-Type,1,58,115
2025-01-01,BR-PATNA-PHC-001,OXYGEN_CYLINDER,Medical Oxygen D-Type,1,57,133
2025-01-02,BR-PATNA-PHC-001,OXYGEN_CYLINDER,Medical Oxygen D-Type,1,56,114
2025-01-03,BR-PATNA-PHC-001,OXYGEN_CYLINDER,Medical Oxygen D-Type,1,55,120
2025-01-04,BR-PATNA-PHC-001,OXYGEN_CYLINDER,Medical Oxygen D-Type,1,54,126
2025-01-05,BR-PATNA-PHC-001,OXYGEN_CYLINDER,Medical Oxygen D-Type,1,53,113
2025-01-06,BR-PATNA-PHC-001,OXYGEN_CYLINDER,Medical Oxygen D-Type,1,52,134
2025-01-07,BR-PATNA-PHC-001,OXYGEN_CYLINDER,Medical Oxygen D-Type,1,51,123
2025-01-08,BR-PATNA-PHC-001,OXYGEN_CYLINDER,Medical Oxygen D-Type,5,46,131
2025-01-09,BR-PATNA-PHC-001,OXYGEN_CYLINDER,Medical Oxygen D-Type,5,41,132
2025-01-10,BR-PATNA-PHC-001,OXYGEN_CYLINDER,Medical Oxygen D-Type,1,40,124
2025-01-11,BR-PATNA-PHC-001,OXYGEN_CYLINDER,Medical Oxygen D-Type,4,36,117
2025-01-12,BR-PATNA-PHC-001,OXYGEN_CYLINDER,Medical Oxygen D-Type,5,31,114
2025-01-13,BR-PATNA-PHC-001,OXYGEN_CYLINDER,Medical Oxygen D-Type,3,28,134
2025-01-14,BR-PATNA-PHC-001,OXYGEN_CYLINDER,Medical Oxygen D-Type,1,27,115
2025-01-15,BR-PATNA-PHC-001,OXYGEN_CYLINDER,Medical Oxygen D-Type,1,26,113
2025-01-16,BR-PATNA-PHC-001,OXYGEN_CYLINDER,Medical Oxygen D-Type,1,25,124
2025-01-17,BR-PATNA-PHC-001,OXYGEN_CYLINDER,Medical Oxygen D-Type,1,24,130
2025-01-18,BR-PATNA-PHC-001,OXYGEN_CYLINDER,Medical Oxygen D-Type,3,21,117
2025-01-19,BR-PATNA-PHC-001,OXYGEN_CYLINDER,Medical Oxygen D-Type,1,20,132
2025-01-20,BR-PATNA-PHC-001,OXYGEN_CYLINDER,Medical Oxygen D-Type,3,17,111
2025-01-21,BR-PATNA-PHC-001,OXYGEN_CYLINDER,Medical Oxygen D-Type,5,12,120
2025-01-22,BR-PATNA-PHC-001,OXYGEN_CYLINDER,Medical Oxygen D-Type,2,10,122
2025-01-23,BR-PATNA-PHC-001,OXYGEN_CYLINDER,Medical Oxygen D-Type,3,10,129
2025-01-24,BR-PATNA-PHC-001,OXYGEN_CYLINDER,Medical Oxygen D-Type,4,10,123
2025-01-25,BR-PATNA-PHC-001,OXYGEN_CYLINDER,Medical Oxygen D-Type,1,10,129
2025-01-26,BR-PATNA-PHC-001,OXYGEN_CYLINDER,Medical Oxygen D-Type,5,10,125
2025-01-27,BR-PATNA-PHC-001,OXYGEN_CYLINDER,Medical Oxygen D-Type,1,10,132
2025-01-28,BR-PATNA-PHC-001,OXYGEN_CYLINDER,Medical Oxygen D-Type,1,10,121
2025-01-29,BR-PATNA-PHC-001,OXYGEN_CYLINDER,Medical Oxygen D-Type,3,10,112
2025-01-30,BR-PATNA-PHC-001,OXYGEN_CYLINDER,Medical Oxygen D-Type,5,10,112
2025-01-31,BR-PATNA-PHC-001,OXYGEN_CYLINDER,Medical Oxygen D-Type,1,10,131
2025-02-01,BR-PATNA-PHC-001,OXYGEN_CYLINDER,Medical Oxygen D-Type,1,10,119
2025-02-02,BR-PATNA-PHC-001,OXYGEN_CYLINDER,Medical Oxygen D-Type,4,10,135
2025-02-03,BR-PATNA-PHC-001,OXYGEN_CYLINDER,Medical Oxygen D-Type,1,10,129
2025-02-04,BR-PATNA-PHC-001,OXYGEN_CYLINDER,Medical Oxygen D-Type,1,10,122
2025-02-05,BR-PATNA-PHC-001,OXYGEN_CYLINDER,Medical Oxygen D-Type,3,10,118
2025-02-06,BR-PATNA-PHC-001,OXYGEN_CYLINDER,Medical Oxygen D-Type,1,10,132
2025-02-07,BR-PATNA-PHC-001,OXYGEN_CYLINDER,Medical Oxygen D-Type,1,10,114
2025-02-08,BR-PATNA-PHC-001,OXYGEN_CYLINDER,Medical Oxygen D-Type,1,10,133
2025-02-09,BR-PATNA-PHC-001,OXYGEN_CYLINDER,Medical Oxygen D-Type,3,10,135
2025-02-10,BR-PATNA-PHC-001,OXYGEN_CYLINDER,Medical Oxygen D-Type,1,10,133
2025-02-11,BR-PATNA-PHC-001,OXYGEN_CYLINDER,Medical Oxygen D-Type,1,10,112
2025-02-12,BR-PATNA-PHC-001,OXYGEN_CYLINDER,Medical Oxygen D-Type,1,10,134
2025-02-13,BR-PATNA-PHC-001,OXYGEN_CYLINDER,Medical Oxygen D-Type,1,10,131
2025-02-14,BR-PATNA-PHC-001,OXYGEN_CYLINDER,Medical Oxygen D-Type,4,10,128
2025-02-15,BR-PATNA-PHC-001,OXYGEN_CYLINDER,Medical Oxygen D-Type,3,10,115
2024-11-18,BR-PATNA-PHC-004,ORS,ORS Packets (Oral Rehydration),21,407,154
2024-11-19,BR-PATNA-PHC-004,ORS,ORS Packets (Oral Rehydration),19,388,153
2024-11-20,BR-PATNA-PHC-004,ORS,ORS Packets (Oral Rehydration),17,371,159
2024-11-21,BR-PATNA-PHC-004,ORS,ORS Packets (Oral Rehydration),17,354,148
2024-11-22,BR-PATNA-PHC-004,ORS,ORS Packets (Oral Rehydration),15,339,162
2024-11-23,BR-PATNA-PHC-004,ORS,ORS Packets (Oral Rehydration),18,321,144
2024-11-24,BR-PATNA-PHC-004,ORS,ORS Packets (Oral Rehydration),18,303,147
2024-11-25,BR-PATNA-PHC-004,ORS,ORS Packets (Oral Rehydration),17,286,158
2024-11-26,BR-PATNA-PHC-004,ORS,ORS Packets (Oral Rehydration),19,267,148
2024-11-27,BR-PATNA-PHC-004,ORS,ORS Packets (Oral Rehydration),20,247,149
2024-11-28,BR-PATNA-PHC-004,ORS,ORS Packets (Oral Rehydration),18,229,145
2024-11-29,BR-PATNA-PHC-004,ORS,ORS Packets (Oral Rehydration),17,212,152
2024-11-30,BR-PATNA-PHC-004,ORS,ORS Packets (Oral Rehydration),19,193,148
2024-12-01,BR-PATNA-PHC-004,ORS,ORS Packets (Oral Rehydration),17,176,159
2024-12-02,BR-PATNA-PHC-004,ORS,ORS Packets (Oral Rehydration),19,157,150
2024-12-03,BR-PATNA-PHC-004,ORS,ORS Packets (Oral Rehydration),18,139,138
2024-12-04,BR-PATNA-PHC-004,ORS,ORS Packets (Oral Rehydration),18,121,138
2024-12-05,BR-PATNA-PHC-004,ORS,ORS Packets (Oral Rehydration),14,107,159
2024-12-06,BR-PATNA-PHC-004,ORS,ORS Packets (Oral Rehydration),20,383,162
2024-12-07,BR-PATNA-PHC-004,ORS,ORS Packets (Oral Rehydration),20,363,138
2024-12-08,BR-PATNA-PHC-004,ORS,ORS Packets (Oral Rehydration),18,345,140
2024-12-09,BR-PATNA-PHC-004,ORS,ORS Packets (Oral Rehydration),21,324,147
2024-12-10,BR-PATNA-PHC-004,ORS,ORS Packets (Oral Rehydration),16,308,162
2024-12-11,BR-PATNA-PHC-004,ORS,ORS Packets (Oral Rehydration),15,293,159
2024-12-12,BR-PATNA-PHC-004,ORS,ORS Packets (Oral Rehydration),17,276,153
2024-12-13,BR-PATNA-PHC-004,ORS,ORS Packets (Oral Rehydration),17,259,141
2024-12-14,BR-PATNA-PHC-004,ORS,ORS Packets (Oral Rehydration),19,240,162
2024-12-15,BR-PATNA-PHC-004,ORS,ORS Packets (Oral Rehydration),19,221,144
2024-12-16,BR-PATNA-PHC-004,ORS,ORS Packets (Oral Rehydration),15,206,140
2024-12-17,BR-PATNA-PHC-004,ORS,ORS Packets (Oral Rehydration),18,188,140
2024-12-18,BR-PATNA-PHC-004,ORS,ORS Packets (Oral Rehydration),21,167,162
2024-12-19,BR-PATNA-PHC-004,ORS,ORS Packets (Oral Rehydration),21,146,141
2024-12-20,BR-PATNA-PHC-004,ORS,ORS Packets (Oral Rehydration),17,129,142
2024-12-21,BR-PATNA-PHC-004,ORS,ORS Packets (Oral Rehydration),18,111,141
2024-12-22,BR-PATNA-PHC-004,ORS,ORS Packets (Oral Rehydration),19,390,143
2024-12-23,BR-PATNA-PHC-004,ORS,ORS Packets (Oral Rehydration),16,374,151
2024-12-24,BR-PATNA-PHC-004,ORS,ORS Packets (Oral Rehydration),16,358,157
2024-12-25,BR-PATNA-PHC-004,ORS,ORS Packets (Oral Rehydration),14,344,158
2024-12-26,BR-PATNA-PHC-004,ORS,ORS Packets (Oral Rehydration),18,326,162
2024-12-27,BR-PATNA-PHC-004,ORS,ORS Packets (Oral Rehydration),14,312,143
2024-12-28,BR-PATNA-PHC-004,ORS,ORS Packets (Oral Rehydration),15,297,139
2024-12-29,BR-PATNA-PHC-004,ORS,ORS Packets (Oral Rehydration),16,281,151
2024-12-30,BR-PATNA-PHC-004,ORS,ORS Packets (Oral Rehydration),14,267,145
2024-12-31,BR-PATNA-PHC-004,ORS,ORS Packets (Oral Rehydration),18,249,145
2025-01-01,BR-PATNA-PHC-004,ORS,ORS Packets (Oral Rehydration),14,235,152
2025-01-02,BR-PATNA-PHC-004,ORS,ORS Packets (Oral Rehydration),18,217,160
2025-01-03,BR-PATNA-PHC-004,ORS,ORS Packets (Oral Rehydration),15,202,160
2025-01-04,BR-PATNA-PHC-004,ORS,ORS Packets (Oral Rehydration),15,187,162
2025-01-05,BR-PATNA-PHC-004,ORS,ORS Packets (Oral Rehydration),14,173,154
2025-01-06,BR-PATNA-PHC-004,ORS,ORS Packets (Oral Rehydration),15,158,149
2025-01-07,BR-PATNA-PHC-004,ORS,ORS Packets (Oral Rehydration),17,141,149
2025-01-08,BR-PATNA-PHC-004,ORS,ORS Packets (Oral Rehydration),19,122,138
2025-01-09,BR-PATNA-PHC-004,ORS,ORS Packets (Oral Rehydration),15,107,138
2025-01-10,BR-PATNA-PHC-004,ORS,ORS Packets (Oral Rehydration),18,336,140
2025-01-11,BR-PATNA-PHC-004,ORS,ORS Packets (Oral Rehydration),15,321,139
2025-01-12,BR-PATNA-PHC-004,ORS,ORS Packets (Oral Rehydration),19,302,158
2025-01-13,BR-PATNA-PHC-004,ORS,ORS Packets (Oral Rehydration),15,287,140
2025-01-14,BR-PATNA-PHC-004,ORS,ORS Packets (Oral Rehydration),16,271,159
2025-01-15,BR-PATNA-PHC-004,ORS,ORS Packets (Oral Rehydration),15,256,138
2025-01-16,BR-PATNA-PHC-004,ORS,ORS Packets (Oral Rehydration),16,240,158
2025-01-17,BR-PATNA-PHC-004,ORS,ORS Packets (Oral Rehydration),34,206,184
2025-01-18,BR-PATNA-PHC-004,ORS,ORS Packets (Oral Rehydration),35,171,192
2025-01-19,BR-PATNA-PHC-004,ORS,ORS Packets (Oral Rehydration),44,127,184
2025-01-20,BR-PATNA-PHC-004,ORS,ORS Packets (Oral Rehydration),31,96,161
2025-01-21,BR-PATNA-PHC-004,ORS,ORS Packets (Oral Rehydration),35,292,205
2025-01-22,BR-PATNA-PHC-004,ORS,ORS Packets (Oral Rehydration),48,244,196
2025-01-23,BR-PATNA-PHC-004,ORS,ORS Packets (Oral Rehydration),42,202,185
2025-01-24,BR-PATNA-PHC-004,ORS,ORS Packets (Oral Rehydration),38,164,168
2025-01-25,BR-PATNA-PHC-004,ORS,ORS Packets (Oral Rehydration),41,123,165
2025-01-26,BR-PATNA-PHC-004,ORS,ORS Packets (Oral Rehydration),35,88,198
2025-01-27,BR-PATNA-PHC-004,ORS,ORS Packets (Oral Rehydration),32,293,172
2025-01-28,BR-PATNA-PHC-004,ORS,ORS Packets (Oral Rehydration),27,266,202
2025-01-29,BR-PATNA-PHC-004,ORS,ORS Packets (Oral Rehydration),27,239,171
2025-01-30,BR-PATNA-PHC-004,ORS,ORS Packets (Oral Rehydration),37,202,178
2025-01-31,BR-PATNA-PHC-004,ORS,ORS Packets (Oral Rehydration),42,160,162
2025-02-01,BR-PATNA-PHC-004,ORS,ORS Packets (Oral Rehydration),32,128,193
2025-02-02,BR-PATNA-PHC-004,ORS,ORS Packets (Oral Rehydration),28,100,198
2025-02-03,BR-PATNA-PHC-004,ORS,ORS Packets (Oral Rehydration),35,288,179
2025-02-04,BR-PATNA-PHC-004,ORS,ORS Packets (Oral Rehydration),35,253,184
2025-02-05,BR-PATNA-PHC-004,ORS,ORS Packets (Oral Rehydration),31,222,195
2025-02-06,BR-PATNA-PHC-004,ORS,ORS Packets (Oral Rehydration),26,196,169
2025-02-07,BR-PATNA-PHC-004,ORS,ORS Packets (Oral Rehydration),37,159,179
2025-02-08,BR-PATNA-PHC-004,ORS,ORS Packets (Oral Rehydration),34,125,166
2025-02-09,BR-PATNA-PHC-004,ORS,ORS Packets (Oral Rehydration),34,91,174
2025-02-10,BR-PATNA-PHC-004,ORS,ORS Packets (Oral Rehydration),49,42,179
2025-02-11,BR-PATNA-PHC-004,ORS,ORS Packets (Oral Rehydration),40,10,175
2025-02-12,BR-PATNA-PHC-004,ORS,ORS Packets (Oral Rehydration),38,10,193
2025-02-13,BR-PATNA-PHC-004,ORS,ORS Packets (Oral Rehydration),34,10,189
2025-02-14,BR-PATNA-PHC-004,ORS,ORS Packets (Oral Rehydration),36,10,164
2025-02-15,BR-PATNA-PHC-004,ORS,ORS Packets (Oral Rehydration),40,10,196
2024-11-18,BR-PATNA-PHC-004,PARACETAMOL_500,Paracetamol 500mg Tablets,39,596,142
2024-11-19,BR-PATNA-PHC-004,PARACETAMOL_500,Paracetamol 500mg Tablets,43,553,156
2024-11-20,BR-PATNA-PHC-004,PARACETAMOL_500,Paracetamol 500mg Tablets,37,516,146
2024-11-21,BR-PATNA-PHC-004,PARACETAMOL_500,Paracetamol 500mg Tablets,40,476,150
2024-11-22,BR-PATNA-PHC-004,PARACETAMOL_500,Paracetamol 500mg Tablets,42,434,160
2024-11-23,BR-PATNA-PHC-004,PARACETAMOL_500,Paracetamol 500mg Tablets,37,397,152
2024-11-24,BR-PATNA-PHC-004,PARACETAMOL_500,Paracetamol 500mg Tablets,40,357,157
2024-11-25,BR-PATNA-PHC-004,PARACETAMOL_500,Paracetamol 500mg Tablets,36,321,158
2024-11-26,BR-PATNA-PHC-004,PARACETAMOL_500,Paracetamol 500mg Tablets,40,281,139
2024-11-27,BR-PATNA-PHC-004,PARACETAMOL_500,Paracetamol 500mg Tablets,36,245,162
2024-11-28,BR-PATNA-PHC-004,PARACETAMOL_500,Paracetamol 500mg Tablets,37,208,161
2024-11-29,BR-PATNA-PHC-004,PARACETAMOL_500,Paracetamol 500mg Tablets,42,591,146
2024-11-30,BR-PATNA-PHC-004,PARACETAMOL_500,Paracetamol 500mg Tablets,37,554,157
2024-12-01,BR-PATNA-PHC-004,PARACETAMOL_500,Paracetamol 500mg Tablets,43,511,154
2024-12-02,BR-PATNA-PHC-004,PARACETAMOL_500,Paracetamol 500mg Tablets,39,472,153
2024-12-03,BR-PATNA-PHC-004,PARACETAMOL_500,Paracetamol 500mg Tablets,42,430,152
2024-12-04,BR-PATNA-PHC-004,PARACETAMOL_500,Paracetamol 500mg Tablets,39,391,143
2024-12-05,BR-PATNA-PHC-004,PARACETAMOL_500,Paracetamol 500mg Tablets,38,353,160
2024-12-06,BR-PATNA-PHC-004,PARACETAMOL_500,Paracetamol 500mg Tablets,40,313,146
2024-12-07,BR-PATNA-PHC-004,PARACETAMOL_500,Paracetamol 500mg Tablets,38,275,158
2024-12-08,BR-PATNA-PHC-004,PARACETAMOL_500,Paracetamol 500mg Tablets,42,233,143
2024-12-09,BR-PATNA-PHC-004,PARACETAMOL_500,Paracetamol 500mg Tablets,40,640,158
2024-12-10,BR-PATNA-PHC-004,PARACETAMOL_500,Paracetamol 500mg Tablets,36,604,141
2024-12-11,BR-PATNA-PHC-004,PARACETAMOL_500,Paracetamol 500mg Tablets,36,568,156
2024-12-12,BR-PATNA-PHC-004,PARACETAMOL_500,Paracetamol 500mg Tablets,41,527,151
2024-12-13,BR-PATNA-PHC-004,PARACETAMOL_500,Paracetamol 500mg Tablets,38,489,157
2024-12-14,BR-PATNA-PHC-004,PARACETAMOL_500,Paracetamol 500mg Tablets,41,448,138
2024-12-15,BR-PATNA-PHC-004,PARACETAMOL_500,Paracetamol 500mg Tablets,37,411,157
2024-12-16,BR-PATNA-PHC-004,PARACETAMOL_500,Paracetamol 500mg Tablets,40,371,145
2024-12-17,BR-PATNA-PHC-004,PARACETAMOL_500,Paracetamol 500mg Tablets,56,315,166
2024-12-18,BR-PATNA-PHC-004,PARACETAMOL_500,Paracetamol 500mg Tablets,47,268,156
2024-12-19,BR-PATNA-PHC-004,PARACETAMOL_500,Paracetamol 500mg Tablets,60,208,156
2024-12-20,BR-PATNA-PHC-004,PARACETAMOL_500,Paracetamol 500mg Tablets,56,588,158
2024-12-21,BR-PATNA-PHC-004,PARACETAMOL_500,Paracetamol 500mg Tablets,55,533,172
2024-12-22,BR-PATNA-PHC-004,PARACETAMOL_500,Paracetamol 500mg Tablets,48,485,170
2024-12-23,BR-PATNA-PHC-004,PARACETAMOL_500,Paracetamol 500mg Tablets,44,441,156
2024-12-24,BR-PATNA-PHC-004,PARACETAMOL_500,Paracetamol 500mg Tablets,59,382,176
2024-12-25,BR-PATNA-PHC-004,PARACETAMOL_500,Paracetamol 500mg Tablets,53,329,168
2024-12-26,BR-PATNA-PHC-004,PARACETAMOL_500,Paracetamol 500mg Tablets,48,281,153
2024-12-27,BR-PATNA-PHC-004,PARACETAMOL_500,Paracetamol 500mg Tablets,59,222,165
2024-12-28,BR-PATNA-PHC-004,PARACETAMOL_500,Paracetamol 500mg Tablets,60,604,166
2024-12-29,BR-PATNA-PHC-004,PARACETAMOL_500,Paracetamol 500mg Tablets,50,554,175
2024-12-30,BR-PATNA-PHC-004,PARACETAMOL_500,Paracetamol 500mg Tablets,56,498,161
2024-12-31,BR-PATNA-PHC-004,PARACETAMOL_500,Paracetamol 500mg Tablets,47,451,171
2025-01-01,BR-PATNA-PHC-004,PARACETAMOL_500,Paracetamol 500mg Tablets,63,388,162
2025-01-02,BR-PATNA-PHC-004,PARACETAMOL_500,Paracetamol 500mg Tablets,49,339,175
2025-01-03,BR-PATNA-PHC-004,PARACETAMOL_500,Paracetamol 500mg Tablets,52,287,161
2025-01-04,BR-PATNA-PHC-004,PARACETAMOL_500,Paracetamol 500mg Tablets,51,236,153
2025-01-05,BR-PATNA-PHC-004,PARACETAMOL_500,Paracetamol 500mg Tablets,64,598,156
2025-01-06,BR-PATNA-PHC-004,PARACETAMOL_500,Paracetamol 500mg Tablets,53,545,169
2025-01-07,BR-PATNA-PHC-004,PARACETAMOL_500,Paracetamol 500mg Tablets,55,490,156
2025-01-08,BR-PATNA-PHC-004,PARACETAMOL_500,Paracetamol 500mg Tablets,50,440,162
2025-01-09,BR-PATNA-PHC-004,PARACETAMOL_500,Paracetamol 500mg Tablets,55,385,160
2025-01-10,BR-PATNA-PHC-004,PARACETAMOL_500,Paracetamol 500mg Tablets,46,339,158
2025-01-11,BR-PATNA-PHC-004,PARACETAMOL_500,Paracetamol 500mg Tablets,47,292,167
2025-01-12,BR-PATNA-PHC-004,PARACETAMOL_500,Paracetamol 500mg Tablets,41,251,148
2025-01-13,BR-PATNA-PHC-004,PARACETAMOL_500,Paracetamol 500mg Tablets,40,211,162
2025-01-14,BR-PATNA-PHC-004,PARACETAMOL_500,Paracetamol 500mg Tablets,36,583,148
2025-01-15,BR-PATNA-PHC-004,PARACETAMOL_500,Paracetamol 500mg Tablets,43,540,139
2025-01-16,BR-PATNA-PHC-004,PARACETAMOL_500,Paracetamol 500mg Tablets,42,498,162
2025-01-17,BR-PATNA-PHC-004,PARACETAMOL_500,Paracetamol 500mg Tablets,43,455,153
2025-01-18,BR-PATNA-PHC-004,PARACETAMOL_500,Paracetamol 500mg Tablets,42,413,155
2025-01-19,BR-PATNA-PHC-004,PARACETAMOL_500,Paracetamol 500mg Tablets,36,377,150
2025-01-20,BR-PATNA-PHC-004,PARACETAMOL_500,Paracetamol 500mg Tablets,38,339,142
2025-01-21,BR-PATNA-PHC-004,PARACETAMOL_500,Paracetamol 500mg Tablets,37,302,155
2025-01-22,BR-PATNA-PHC-004,PARACETAMOL_500,Paracetamol 500mg Tablets,36,266,141
2025-01-23,BR-PATNA-PHC-004,PARACETAMOL_500,Paracetamol 500mg Tablets,37,229,144
2025-01-24,BR-PATNA-PHC-004,PARACETAMOL_500,Paracetamol 500mg Tablets,41,661,150
2025-01-25,BR-PATNA-PHC-004,PARACETAMOL_500,Paracetamol 500mg Tablets,42,619,162
2025-01-26,BR-PATNA-PHC-004,PARACETAMOL_500,Paracetamol 500mg Tablets,42,577,158
2025-01-27,BR-PATNA-PHC-004,PARACETAMOL_500,Paracetamol 500mg Tablets,38,539,160
2025-01-28,BR-PATNA-PHC-004,PARACETAMOL_500,Paracetamol 500mg Tablets,39,500,156
2025-01-29,BR-PATNA-PHC-004,PARACETAMOL_500,Paracetamol 500mg Tablets,37,463,147
2025-01-30,BR-PATNA-PHC-004,PARACETAMOL_500,Paracetamol 500mg Tablets,36,427,158
2025-01-31,BR-PATNA-PHC-004,PARACETAMOL_500,Paracetamol 500mg Tablets,37,390,145
2025-02-01,BR-PATNA-PHC-004,PARACETAMOL_500,Paracetamol 500mg Tablets,37,353,145
2025-02-02,BR-PATNA-PHC-004,PARACETAMOL_500,Paracetamol 500mg Tablets,41,312,150
2025-02-03,BR-PATNA-PHC-004,PARACETAMOL_500,Paracetamol 500mg Tablets,36,276,145
2025-02-04,BR-PATNA-PHC-004,PARACETAMOL_500,Paracetamol 500mg Tablets,36,240,160
2025-02-05,BR-PATNA-PHC-004,PARACETAMOL_500,Paracetamol 500mg Tablets,41,199,148
2025-02-06,BR-PATNA-PHC-004,PARACETAMOL_500,Paracetamol 500mg Tablets,39,609,158
2025-02-07,BR-PATNA-PHC-004,PARACETAMOL_500,Paracetamol 500mg Tablets,36,573,155
2025-02-08,BR-PATNA-PHC-004,PARACETAMOL_500,Paracetamol 500mg Tablets,41,532,161
2025-02-09,BR-PATNA-PHC-004,PARACETAMOL_500,Paracetamol 500mg Tablets,38,494,140
2025-02-10,BR-PATNA-PHC-004,PARACETAMOL_500,Paracetamol 500mg Tablets,41,453,140
2025-02-11,BR-PATNA-PHC-004,PARACETAMOL_500,Paracetamol 500mg Tablets,36,417,146
2025-02-12,BR-PATNA-PHC-004,PARACETAMOL_500,Paracetamol 500mg Tablets,38,379,144
2025-02-13,BR-PATNA-PHC-004,PARACETAMOL_500,Paracetamol 500mg Tablets,39,340,144
2025-02-14,BR-PATNA-PHC-004,PARACETAMOL_500,Paracetamol 500mg Tablets,39,301,156
2025-02-15,BR-PATNA-PHC-004,PARACETAMOL_500,Paracetamol 500mg Tablets,38,263,158
2024-11-18,BR-PATNA-PHC-004,AMOXICILLIN_500,Amoxicillin 500mg Capsules,23,534,144
2024-11-19,BR-PATNA-PHC-004,AMOXICILLIN_500,Amoxicillin 500mg Capsules,24,510,153
2024-11-20,BR-PATNA-PHC-004,AMOXICILLIN_500,Amoxicillin 500mg Capsules,28,482,161
2024-11-21,BR-PATNA-PHC-004,AMOXICILLIN_500,Amoxicillin 500mg Capsules,24,458,154
2024-11-22,BR-PATNA-PHC-004,AMOXICILLIN_500,Amoxicillin 500mg Capsules,28,430,150
2024-11-23,BR-PATNA-PHC-004,AMOXICILLIN_500,Amoxicillin 500mg Capsules,21,409,162
2024-11-24,BR-PATNA-PHC-004,AMOXICILLIN_500,Amoxicillin 500mg Capsules,24,385,148
2024-11-25,BR-PATNA-PHC-004,AMOXICILLIN_500,Amoxicillin 500mg Capsules,28,357,143
2024-11-26,BR-PATNA-PHC-004,AMOXICILLIN_500,Amoxicillin 500mg Capsules,26,331,158
2024-11-27,BR-PATNA-PHC-004,AMOXICILLIN_500,Amoxicillin 500mg Capsules,26,305,157
2024-11-28,BR-PATNA-PHC-004,AMOXICILLIN_500,Amoxicillin 500mg Capsules,23,282,156
2024-11-29,BR-PATNA-PHC-004,AMOXICILLIN_500,Amoxicillin 500mg Capsules,24,258,160
2024-11-30,BR-PATNA-PHC-004,AMOXICILLIN_500,Amoxicillin 500mg Capsules,26,232,157
2024-12-01,BR-PATNA-PHC-004,AMOXICILLIN_500,Amoxicillin 500mg Capsules,28,204,160
2024-12-02,BR-PATNA-PHC-004,AMOXICILLIN_500,Amoxicillin 500mg Capsules,28,176,141
2024-12-03,BR-PATNA-PHC-004,AMOXICILLIN_500,Amoxicillin 500mg Capsules,24,467,152
2024-12-04,BR-PATNA-PHC-004,AMOXICILLIN_500,Amoxicillin 500mg Capsules,26,441,159
2024-12-05,BR-PATNA-PHC-004,AMOXICILLIN_500,Amoxicillin 500mg Capsules,21,420,150
2024-12-06,BR-PATNA-PHC-004,AMOXICILLIN_500,Amoxicillin 500mg Capsules,25,395,150
2024-12-07,BR-PATNA-PHC-004,AMOXICILLIN_500,Amoxicillin 500mg Capsules,25,370,143
2024-12-08,BR-PATNA-PHC-004,AMOXICILLIN_500,Amoxicillin 500mg Capsules,21,349,160
2024-12-09,BR-PATNA-PHC-004,AMOXICILLIN_500,Amoxicillin 500mg Capsules,25,324,161
2024-12-10,BR-PATNA-PHC-004,AMOXICILLIN_500,Amoxicillin 500mg Capsules,27,297,153
2024-12-11,BR-PATNA-PHC-004,AMOXICILLIN_500,Amoxicillin 500mg Capsules,27,270,142
2024-12-12,BR-PATNA-PHC-004,AMOXICILLIN_500,Amoxicillin 500mg Capsules,21,249,146
2024-12-13,BR-PATNA-PHC-004,AMOXICILLIN_500,Amoxicillin 500mg Capsules,21,228,151
2024-12-14,BR-PATNA-PHC-004,AMOXICILLIN_500,Amoxicillin 500mg Capsules,23,205,147
2024-12-15,BR-PATNA-PHC-004,AMOXICILLIN_500,Amoxicillin 500mg Capsules,26,179,155
2024-12-16,BR-PATNA-PHC-004,AMOXICILLIN_500,Amoxicillin 500mg Capsules,27,482,152
2024-12-17,BR-PATNA-PHC-004,AMOXICILLIN_500,Amoxicillin 500mg Capsules,22,460,157
2024-12-18,BR-PATNA-PHC-004,AMOXICILLIN_500,Amoxicillin 500mg Capsules,22,438,157
2024-12-19,BR-PATNA-PHC-004,AMOXICILLIN_500,Amoxicillin 500mg Capsules,25,413,141
2024-12-20,BR-PATNA-PHC-004,AMOXICILLIN_500,Amoxicillin 500mg Capsules,24,389,160
2024-12-21,BR-PATNA-PHC-004,AMOXICILLIN_500,Amoxicillin 500mg Capsules,28,361,161
2024-12-22,BR-PATNA-PHC-004,AMOXICILLIN_500,Amoxicillin 500mg Capsules,23,338,156
2024-12-23,BR-PATNA-PHC-004,AMOXICILLIN_500,Amoxicillin 500mg Capsules,28,310,154
2024-12-24,BR-PATNA-PHC-004,AMOXICILLIN_500,Amoxicillin 500mg Capsules,28,282,156
2024-12-25,BR-PATNA-PHC-004,AMOXICILLIN_500,Amoxicillin 500mg Capsules,28,254,144
2024-12-26,BR-PATNA-PHC-004,AMOXICILLIN_500,Amoxicillin 500mg Capsules,21,233,154
2024-12-27,BR-PATNA-PHC-004,AMOXICILLIN_500,Amoxicillin 500mg Capsules,27,206,151
2024-12-28,BR-PATNA-PHC-004,AMOXICILLIN_500,Amoxicillin 500mg Capsules,22,184,158
2024-12-29,BR-PATNA-PHC-004,AMOXICILLIN_500,Amoxicillin 500mg Capsules,22,162,144
2024-12-30,BR-PATNA-PHC-004,AMOXICILLIN_500,Amoxicillin 500mg Capsules,24,531,155
2024-12-31,BR-PATNA-PHC-004,AMOXICILLIN_500,Amoxicillin 500mg Capsules,24,507,157
2025-01-01,BR-PATNA-PHC-004,AMOXICILLIN_500,Amoxicillin 500mg Capsules,27,480,150
2025-01-02,BR-PATNA-PHC-004,AMOXICILLIN_500,Amoxicillin 500mg Capsules,21,459,160
2025-01-03,BR-PATNA-PHC-004,AMOXICILLIN_500,Amoxicillin 500mg Capsules,22,437,140
2025-01-04,BR-PATNA-PHC-004,AMOXICILLIN_500,Amoxicillin 500mg Capsules,28,409,148
2025-01-05,BR-PATNA-PHC-004,AMOXICILLIN_500,Amoxicillin 500mg Capsules,28,381,145
2025-01-06,BR-PATNA-PHC-004,AMOXICILLIN_500,Amoxicillin 500mg Capsules,24,357,155
2025-01-07,BR-PATNA-PHC-004,AMOXICILLIN_500,Amoxicillin 500mg Capsules,27,330,140
2025-01-08,BR-PATNA-PHC-004,AMOXICILLIN_500,Amoxicillin 500mg Capsules,26,304,159
2025-01-09,BR-PATNA-PHC-004,AMOXICILLIN_500,Amoxicillin 500mg Capsules,22,282,154
2025-01-10,BR-PATNA-PHC-004,AMOXICILLIN_500,Amoxicillin 500mg Capsules,23,259,138
2025-01-11,BR-PATNA-PHC-004,AMOXICILLIN_500,Amoxicillin 500mg Capsules,26,233,140
2025-01-12,BR-PATNA-PHC-004,AMOXICILLIN_500,Amoxicillin 500mg Capsules,25,208,152
2025-01-13,BR-PATNA-PHC-004,AMOXICILLIN_500,Amoxicillin 500mg Capsules,28,180,162
2025-01-14,BR-PATNA-PHC-004,AMOXICILLIN_500,Amoxicillin 500mg Capsules,22,158,158
2025-01-15,BR-PATNA-PHC-004,AMOXICILLIN_500,Amoxicillin 500mg Capsules,24,528,152
2025-01-16,BR-PATNA-PHC-004,AMOXICILLIN_500,Amoxicillin 500mg Capsules,28,500,144
2025-01-17,BR-PATNA-PHC-004,AMOXICILLIN_500,Amoxicillin 500mg Capsules,27,473,154
2025-01-18,BR-PATNA-PHC-004,AMOXICILLIN_500,Amoxicillin 500mg Capsules,24,449,140
2025-01-19,BR-PATNA-PHC-004,AMOXICILLIN_500,Amoxicillin 500mg Capsules,28,421,149
2025-01-20,BR-PATNA-PHC-004,AMOXICILLIN_500,Amoxicillin 500mg Capsules,26,395,155
2025-01-21,BR-PATNA-PHC-004,AMOXICILLIN_500,Amoxicillin 500mg Capsules,22,373,144
2025-01-22,BR-PATNA-PHC-004,AMOXICILLIN_500,Amoxicillin 500mg Capsules,25,348,148
2025-01-23,BR-PATNA-PHC-004,AMOXICILLIN_500,Amoxicillin 500mg Capsules,28,320,160
2025-01-24,BR-PATNA-PHC-004,AMOXICILLIN_500,Amoxicillin 500mg Capsules,24,296,143
2025-01-25,BR-PATNA-PHC-004,AMOXICILLIN_500,Amoxicillin 500mg Capsules,25,271,148
2025-01-26,BR-PATNA-PHC-004,AMOXICILLIN_500,Amoxicillin 500mg Capsules,26,245,155
2025-01-27,BR-PATNA-PHC-004,AMOXICILLIN_500,Amoxicillin 500mg Capsules,26,219,145
2025-01-28,BR-PATNA-PHC-004,AMOXICILLIN_500,Amoxicillin 500mg Capsules,21,198,155
2025-01-29,BR-PATNA-PHC-004,AMOXICILLIN_500,Amoxicillin 500mg Capsules,26,172,143
2025-01-30,BR-PATNA-PHC-004,AMOXICILLIN_500,Amoxicillin 500mg Capsules,25,506,140
2025-01-31,BR-PATNA-PHC-004,AMOXICILLIN_500,Amoxicillin 500mg Capsules,22,484,158
2025-02-01,BR-PATNA-PHC-004,AMOXICILLIN_500,Amoxicillin 500mg Capsules,21,463,159
2025-02-02,BR-PATNA-PHC-004,AMOXICILLIN_500,Amoxicillin 500mg Capsules,27,436,142
2025-02-03,BR-PATNA-PHC-004,AMOXICILLIN_500,Amoxicillin 500mg Capsules,23,413,153
2025-02-04,BR-PATNA-PHC-004,AMOXICILLIN_500,Amoxicillin 500mg Capsules,23,390,145
2025-02-05,BR-PATNA-PHC-004,AMOXICILLIN_500,Amoxicillin 500mg Capsules,27,363,150
2025-02-06,BR-PATNA-PHC-004,AMOXICILLIN_500,Amoxicillin 500mg Capsules,22,341,158
2025-02-07,BR-PATNA-PHC-004,AMOXICILLIN_500,Amoxicillin 500mg Capsules,22,319,157
2025-02-08,BR-PATNA-PHC-004,AMOXICILLIN_500,Amoxicillin 500mg Capsules,27,292,152
2025-02-09,BR-PATNA-PHC-004,AMOXICILLIN_500,Amoxicillin 500mg Capsules,25,267,159
2025-02-10,BR-PATNA-PHC-004,AMOXICILLIN_500,Amoxicillin 500mg Capsules,26,241,155
2025-02-11,BR-PATNA-PHC-004,AMOXICILLIN_500,Amoxicillin 500mg Capsules,28,213,139
2025-02-12,BR-PATNA-PHC-004,AMOXICILLIN_500,Amoxicillin 500mg Capsules,27,186,153
2025-02-13,BR-PATNA-PHC-004,AMOXICILLIN_500,Amoxicillin 500mg Capsules,27,159,144
2025-02-14,BR-PATNA-PHC-004,AMOXICILLIN_500,Amoxicillin 500mg Capsules,22,137,142
2025-02-15,BR-PATNA-PHC-004,AMOXICILLIN_500,Amoxicillin 500mg Capsules,28,109,156
2024-11-18,BR-PATNA-PHC-004,AZITHROMYCIN_500,Azithromycin 500mg Tablets,12,356,155
2024-11-19,BR-PATNA-PHC-004,AZITHROMYCIN_500,Azithromycin 500mg Tablets,12,344,159
2024-11-20,BR-PATNA-PHC-004,AZITHROMYCIN_500,Azithromycin 500mg Tablets,15,329,147
2024-11-21,BR-PATNA-PHC-004,AZITHROMYCIN_500,Azithromycin 500mg Tablets,16,313,151
2024-11-22,BR-PATNA-PHC-004,AZITHROMYCIN_500,Azithromycin 500mg Tablets,17,296,153
2024-11-23,BR-PATNA-PHC-004,AZITHROMYCIN_500,Azithromycin 500mg Tablets,18,278,140
2024-11-24,BR-PATNA-PHC-004,AZITHROMYCIN_500,Azithromycin 500mg Tablets,15,263,138
2024-11-25,BR-PATNA-PHC-004,AZITHROMYCIN_500,Azithromycin 500mg Tablets,15,248,151
2024-11-26,BR-PATNA-PHC-004,AZITHROMYCIN_500,Azithromycin 500mg Tablets,18,230,144
2024-11-27,BR-PATNA-PHC-004,AZITHROMYCIN_500,Azithromycin 500mg Tablets,17,213,148
2024-11-28,BR-PATNA-PHC-004,AZITHROMYCIN_500,Azithromycin 500mg Tablets,15,198,162
2024-11-29,BR-PATNA-PHC-004,AZITHROMYCIN_500,Azithromycin 500mg Tablets,11,187,147
2024-11-30,BR-PATNA-PHC-004,AZITHROMYCIN_500,Azithromycin 500mg Tablets,13,174,153
2024-12-01,BR-PATNA-PHC-004,AZITHROMYCIN_500,Azithromycin 500mg Tablets,17,157,153
2024-12-02,BR-PATNA-PHC-004,AZITHROMYCIN_500,Azithromycin 500mg Tablets,13,144,161
2024-12-03,BR-PATNA-PHC-004,AZITHROMYCIN_500,Azithromycin 500mg Tablets,15,129,138
2024-12-04,BR-PATNA-PHC-004,AZITHROMYCIN_500,Azithromycin 500mg Tablets,13,116,160
2024-12-05,BR-PATNA-PHC-004,AZITHROMYCIN_500,Azithromycin 500mg Tablets,16,100,161
2024-12-06,BR-PATNA-PHC-004,AZITHROMYCIN_500,Azithromycin 500mg Tablets,14,86,147
2024-12-07,BR-PATNA-PHC-004,AZITHROMYCIN_500,Azithromycin 500mg Tablets,18,230,141
2024-12-08,BR-PATNA-PHC-004,AZITHROMYCIN_500,Azithromycin 500mg Tablets,13,217,154
2024-12-09,BR-PATNA-PHC-004,AZITHROMYCIN_500,Azithromycin 500mg Tablets,18,199,161
2024-12-10,BR-PATNA-PHC-004,AZITHROMYCIN_500,Azithromycin 500mg Tablets,13,186,150
2024-12-11,BR-PATNA-PHC-004,AZITHROMYCIN_500,Azithromycin 500mg Tablets,16,170,148
2024-12-12,BR-PATNA-PHC-004,AZITHROMYCIN_500,Azithromycin 500mg Tablets,15,155,151
2024-12-13,BR-PATNA-PHC-004,AZITHROMYCIN_500,Azithromycin 500mg Tablets,15,140,162
2024-12-14,BR-PATNA-PHC-004,AZITHROMYCIN_500,Azithromycin 500mg Tablets,14,126,150
2024-12-15,BR-PATNA-PHC-004,AZITHROMYCIN_500,Azithromycin 500mg Tablets,14,112,141
2024-12-16,BR-PATNA-PHC-004,AZITHROMYCIN_500,Azithromycin 500mg Tablets,13,99,142
2024-12-17,BR-PATNA-PHC-004,AZITHROMYCIN_500,Azithromycin 500mg Tablets,38,61,153
2024-12-18,BR-PATNA-PHC-004,AZITHROMYCIN_500,Azithromycin 500mg Tablets,29,213,153
2024-12-19,BR-PATNA-PHC-004,AZITHROMYCIN_500,Azithromycin 500mg Tablets,31,182,155
2024-12-20,BR-PATNA-PHC-004,AZITHROMYCIN_500,Azithromycin 500mg Tablets,22,160,166
2024-12-21,BR-PATNA-PHC-004,AZITHROMYCIN_500,Azithromycin 500mg Tablets,33,127,158
2024-12-22,BR-PATNA-PHC-004,AZITHROMYCIN_500,Azithromycin 500mg Tablets,34,93,172
2024-12-23,BR-PATNA-PHC-004,AZITHROMYCIN_500,Azithromycin 500mg Tablets,26,306,154
2024-12-24,BR-PATNA-PHC-004,AZITHROMYCIN_500,Azithromycin 500mg Tablets,21,285,168
2024-12-25,BR-PATNA-PHC-004,AZITHROMYCIN_500,Azithromycin 500mg Tablets,38,247,176
2024-12-26,BR-PATNA-PHC-004,AZITHROMYCIN_500,Azithromycin 500mg Tablets,19,228,167
2024-12-27,BR-PATNA-PHC-004,AZITHROMYCIN_500,Azithromycin 500mg Tablets,35,193,160
2024-12-28,BR-PATNA-PHC-004,AZITHROMYCIN_500,Azithromycin 500mg Tablets,33,160,168
2024-12-29,BR-PATNA-PHC-004,AZITHROMYCIN_500,Azithromycin 500mg Tablets,23,137,160
2024-12-30,BR-PATNA-PHC-004,AZITHROMYCIN_500,Azithromycin 500mg Tablets,26,111,169
2024-12-31,BR-PATNA-PHC-004,AZITHROMYCIN_500,Azithromycin 500mg Tablets,30,81,175
2025-01-01,BR-PATNA-PHC-004,AZITHROMYCIN_500,Azithromycin 500mg Tablets,37,205,164
2025-01-02,BR-PATNA-PHC-004,AZITHROMYCIN_500,Azithromycin 500mg Tablets,26,179,176
2025-01-03,BR-PATNA-PHC-004,AZITHROMYCIN_500,Azithromycin 500mg Tablets,29,150,177
2025-01-04,BR-PATNA-PHC-004,AZITHROMYCIN_500,Azithromycin 500mg Tablets,29,121,157
2025-01-05,BR-PATNA-PHC-004,AZITHROMYCIN_500,Azithromycin 500mg Tablets,23,98,160
2025-01-06,BR-PATNA-PHC-004,AZITHROMYCIN_500,Azithromycin 500mg Tablets,38,60,157
2025-01-07,BR-PATNA-PHC-004,AZITHROMYCIN_500,Azithromycin 500mg Tablets,23,295,173
2025-01-08,BR-PATNA-PHC-004,AZITHROMYCIN_500,Azithromycin 500mg Tablets,35,260,155
2025-01-09,BR-PATNA-PHC-004,AZITHROMYCIN_500,Azithromycin 500mg Tablets,27,233,171
2025-01-10,BR-PATNA-PHC-004,AZITHROMYCIN_500,Azithromycin 500mg Tablets,27,206,167
2025-01-11,BR-PATNA-PHC-004,AZITHROMYCIN_500,Azithromycin 500mg Tablets,27,179,155
2025-01-12,BR-PATNA-PHC-004,AZITHROMYCIN_500,Azithromycin 500mg Tablets,18,161,144
2025-01-13,BR-PATNA-PHC-004,AZITHROMYCIN_500,Azithromycin 500mg Tablets,14,147,151
2025-01-14,BR-PATNA-PHC-004,AZITHROMYCIN_500,Azithromycin 500mg Tablets,15,132,139
2025-01-15,BR-PATNA-PHC-004,AZITHROMYCIN_500,Azithromycin 500mg Tablets,18,114,159
2025-01-16,BR-PATNA-PHC-004,AZITHROMYCIN_500,Azithromycin 500mg Tablets,16,98,160
2025-01-17,BR-PATNA-PHC-004,AZITHROMYCIN_500,Azithromycin 500mg Tablets,17,81,158
2025-01-18,BR-PATNA-PHC-004,AZITHROMYCIN_500,Azithromycin 500mg Tablets,16,244,145
2025-01-19,BR-PATNA-PHC-004,AZITHROMYCIN_500,Azithromycin 500mg Tablets,13,231,150
2025-01-20,BR-PATNA-PHC-004,AZITHROMYCIN_500,Azithromycin 500mg Tablets,13,218,162
2025-01-21,BR-PATNA-PHC-004,AZITHROMYCIN_500,Azithromycin 500mg Tablets,15,203,149
2025-01-22,BR-PATNA-PHC-004,AZITHROMYCIN_500,Azithromycin 500mg Tablets,17,186,142
2025-01-23,BR-PATNA-PHC-004,AZITHROMYCIN_500,Azithromycin 500mg Tablets,15,171,151
2025-01-24,BR-PATNA-PHC-004,AZITHROMYCIN_500,Azithromycin 500mg Tablets,15,156,139
2025-01-25,BR-PATNA-PHC-004,AZITHROMYCIN_500,Azithromycin 500mg Tablets,17,139,146
2025-01-26,BR-PATNA-PHC-004,AZITHROMYCIN_500,Azithromycin 500mg Tablets,11,128,138
2025-01-27,BR-PATNA-PHC-004,AZITHROMYCIN_500,Azithromycin 500mg Tablets,13,115,159
2025-01-28,BR-PATNA-PHC-004,AZITHROMYCIN_500,Azithromycin 500mg Tablets,12,103,161
2025-01-29,BR-PATNA-PHC-004,AZITHROMYCIN_500,Azithromycin 500mg Tablets,16,87,162
2025-01-30,BR-PATNA-PHC-004,AZITHROMYCIN_500,Azithromycin 500mg Tablets,12,257,161
2025-01-31,BR-PATNA-PHC-004,AZITHROMYCIN_500,Azithromycin 500mg Tablets,14,243,143
2025-02-01,BR-PATNA-PHC-004,AZITHROMYCIN_500,Azithromycin 500mg Tablets,18,225,139
2025-02-02,BR-PATNA-PHC-004,AZITHROMYCIN_500,Azithromycin 500mg Tablets,15,210,157
2025-02-03,BR-PATNA-PHC-004,AZITHROMYCIN_500,Azithromycin 500mg Tablets,16,194,138
2025-02-04,BR-PATNA-PHC-004,AZITHROMYCIN_500,Azithromycin 500mg Tablets,13,181,145
2025-02-05,BR-PATNA-PHC-004,AZITHROMYCIN_500,Azithromycin 500mg Tablets,16,165,146
2025-02-06,BR-PATNA-PHC-004,AZITHROMYCIN_500,Azithromycin 500mg Tablets,13,152,139
2025-02-07,BR-PATNA-PHC-004,AZITHROMYCIN_500,Azithromycin 500mg Tablets,14,138,148
2025-02-08,BR-PATNA-PHC-004,AZITHROMYCIN_500,Azithromycin 500mg Tablets,12,126,141
2025-02-09,BR-PATNA-PHC-004,AZITHROMYCIN_500,Azithromycin 500mg Tablets,13,113,140
2025-02-10,BR-PATNA-PHC-004,AZITHROMYCIN_500,Azithromycin 500mg Tablets,17,96,147
2025-02-11,BR-PATNA-PHC-004,AZITHROMYCIN_500,Azithromycin 500mg Tablets,12,84,149
2025-02-12,BR-PATNA-PHC-004,AZITHROMYCIN_500,Azithromycin 500mg Tablets,15,69,150
2025-02-13,BR-PATNA-PHC-004,AZITHROMYCIN_500,Azithromycin 500mg Tablets,14,55,148
2025-02-14,BR-PATNA-PHC-004,AZITHROMYCIN_500,Azithromycin 500mg Tablets,17,38,160
2025-02-15,BR-PATNA-PHC-004,AZITHROMYCIN_500,Azithromycin 500mg Tablets,14,24,138
2024-11-18,BR-PATNA-PHC-004,METFORMIN_500,Metformin 500mg Tablets,23,526,138
2024-11-19,BR-PATNA-PHC-004,METFORMIN_500,Metformin 500mg Tablets,22,504,157
2024-11-20,BR-PATNA-PHC-004,METFORMIN_500,Metformin 500mg Tablets,24,480,140
2024-11-21,BR-PATNA-PHC-004,METFORMIN_500,Metformin 500mg Tablets,23,457,151
2024-11-22,BR-PATNA-PHC-004,METFORMIN_500,Metformin 500mg Tablets,23,434,139
2024-11-23,BR-PATNA-PHC-004,METFORMIN_500,Metformin 500mg Tablets,18,416,161
2024-11-24,BR-PATNA-PHC-004,METFORMIN_500,Metformin 500mg Tablets,23,393,152
2024-11-25,BR-PATNA-PHC-004,METFORMIN_500,Metformin 500mg Tablets,22,371,147
2024-11-26,BR-PATNA-PHC-004,METFORMIN_500,Metformin 500mg Tablets,21,350,158
2024-11-27,BR-PATNA-PHC-004,METFORMIN_500,Metformin 500mg Tablets,21,329,158
2024-11-28,BR-PATNA-PHC-004,METFORMIN_500,Metformin 500mg Tablets,22,307,154
2024-11-29,BR-PATNA-PHC-004,METFORMIN_500,Metformin 500mg Tablets,19,288,141
2024-11-30,BR-PATNA-PHC-004,METFORMIN_500,Metformin 500mg Tablets,18,270,146
2024-12-01,BR-PATNA-PHC-004,METFORMIN_500,Metformin 500mg Tablets,18,252,160
2024-12-02,BR-PATNA-PHC-004,METFORMIN_500,Metformin 500mg Tablets,25,227,146
2024-12-03,BR-PATNA-PHC-004,METFORMIN_500,Metformin 500mg Tablets,18,209,160
2024-12-04,BR-PATNA-PHC-004,METFORMIN_500,Metformin 500mg Tablets,21,188,141
2024-12-05,BR-PATNA-PHC-004,METFORMIN_500,Metformin 500mg Tablets,20,168,161
2024-12-06,BR-PATNA-PHC-004,METFORMIN_500,Metformin 500mg Tablets,22,146,148
2024-12-07,BR-PATNA-PHC-004,METFORMIN_500,Metformin 500mg Tablets,21,125,158
2024-12-08,BR-PATNA-PHC-004,METFORMIN_500,Metformin 500mg Tablets,20,442,138
2024-12-09,BR-PATNA-PHC-004,METFORMIN_500,Metformin 500mg Tablets,20,422,160
2024-12-10,BR-PATNA-PHC-004,METFORMIN_500,Metformin 500mg Tablets,25,397,151
2024-12-11,BR-PATNA-PHC-004,METFORMIN_500,Metformin 500mg Tablets,21,376,139
2024-12-12,BR-PATNA-PHC-004,METFORMIN_500,Metformin 500mg Tablets,22,354,150
2024-12-13,BR-PATNA-PHC-004,METFORMIN_500,Metformin 500mg Tablets,23,331,140
2024-12-14,BR-PATNA-PHC-004,METFORMIN_500,Metformin 500mg Tablets,24,307,158
2024-12-15,BR-PATNA-PHC-004,METFORMIN_500,Metformin 500mg Tablets,22,285,150
2024-12-16,BR-PATNA-PHC-004,METFORMIN_500,Metformin 500mg Tablets,18,267,160
2024-12-17,BR-PATNA-PHC-004,METFORMIN_500,Metformin 500mg Tablets,23,244,154
2024-12-18,BR-PATNA-PHC-004,METFORMIN_500,Metformin 500mg Tablets,21,223,151
2024-12-19,BR-PATNA-PHC-004,METFORMIN_500,Metformin 500mg Tablets,24,199,162
2024-12-20,BR-PATNA-PHC-004,METFORMIN_500,Metformin 500mg Tablets,18,181,162
2024-12-21,BR-PATNA-PHC-004,METFORMIN_500,Metformin 500mg Tablets,19,162,153
2024-12-22,BR-PATNA-PHC-004,METFORMIN_500,Metformin 500mg Tablets,20,142,150
2024-12-23,BR-PATNA-PHC-004,METFORMIN_500,Metformin 500mg Tablets,24,369,156
2024-12-24,BR-PATNA-PHC-004,METFORMIN_500,Metformin 500mg Tablets,23,346,141
2024-12-25,BR-PATNA-PHC-004,METFORMIN_500,Metformin 500mg Tablets,25,321,148
2024-12-26,BR-PATNA-PHC-004,METFORMIN_500,Metformin 500mg Tablets,20,301,159
2024-12-27,BR-PATNA-PHC-004,METFORMIN_500,Metformin 500mg Tablets,21,280,144
2024-12-28,BR-PATNA-PHC-004,METFORMIN_500,Metformin 500mg Tablets,25,255,147
2024-12-29,BR-PATNA-PHC-004,METFORMIN_500,Metformin 500mg Tablets,19,236,155
2024-12-30,BR-PATNA-PHC-004,METFORMIN_500,Metformin 500mg Tablets,23,213,147
2024-12-31,BR-PATNA-PHC-004,METFORMIN_500,Metformin 500mg Tablets,22,191,152
2025-01-01,BR-PATNA-PHC-004,METFORMIN_500,Metformin 500mg Tablets,25,166,159
2025-01-02,BR-PATNA-PHC-004,METFORMIN_500,Metformin 500mg Tablets,22,144,143
2025-01-03,BR-PATNA-PHC-004,METFORMIN_500,Metformin 500mg Tablets,20,124,139
2025-01-04,BR-PATNA-PHC-004,METFORMIN_500,Metformin 500mg Tablets,25,396,138
2025-01-05,BR-PATNA-PHC-004,METFORMIN_500,Metformin 500mg Tablets,22,374,146
2025-01-06,BR-PATNA-PHC-004,METFORMIN_500,Metformin 500mg Tablets,23,351,139
2025-01-07,BR-PATNA-PHC-004,METFORMIN_500,Metformin 500mg Tablets,22,329,147
2025-01-08,BR-PATNA-PHC-004,METFORMIN_500,Metformin 500mg Tablets,21,308,152
2025-01-09,BR-PATNA-PHC-004,METFORMIN_500,Metformin 500mg Tablets,25,283,161
2025-01-10,BR-PATNA-PHC-004,METFORMIN_500,Metformin 500mg Tablets,25,258,143
2025-01-11,BR-PATNA-PHC-004,METFORMIN_500,Metformin 500mg Tablets,20,238,149
2025-01-12,BR-PATNA-PHC-004,METFORMIN_500,Metformin 500mg Tablets,18,220,152
2025-01-13,BR-PATNA-PHC-004,METFORMIN_500,Metformin 500mg Tablets,19,201,154
2025-01-14,BR-PATNA-PHC-004,METFORMIN_500,Metformin 500mg Tablets,19,182,140
2025-01-15,BR-PATNA-PHC-004,METFORMIN_500,Metformin 500mg Tablets,24,158,149
2025-01-16,BR-PATNA-PHC-004,METFORMIN_500,Metformin 500mg Tablets,18,140,151
2025-01-17,BR-PATNA-PHC-004,METFORMIN_500,Metformin 500mg Tablets,25,368,138
2025-01-18,BR-PATNA-PHC-004,METFORMIN_500,Metformin 500mg Tablets,20,348,149
2025-01-19,BR-PATNA-PHC-004,METFORMIN_500,Metformin 500mg Tablets,22,326,146
2025-01-20,BR-PATNA-PHC-004,METFORMIN_500,Metformin 500mg Tablets,24,302,149
2025-01-21,BR-PATNA-PHC-004,METFORMIN_500,Metformin 500mg Tablets,24,278,143
2025-01-22,BR-PATNA-PHC-004,METFORMIN_500,Metformin 500mg Tablets,23,255,152
2025-01-23,BR-PATNA-PHC-004,METFORMIN_500,Metformin 500mg Tablets,20,235,161
2025-01-24,BR-PATNA-PHC-004,METFORMIN_500,Metformin 500mg Tablets,21,214,159
2025-01-25,BR-PATNA-PHC-004,METFORMIN_500,Metformin 500mg Tablets,25,189,156
2025-01-26,BR-PATNA-PHC-004,METFORMIN_500,Metformin 500mg Tablets,25,164,143
2025-01-27,BR-PATNA-PHC-004,METFORMIN_500,Metformin 500mg Tablets,23,141,139
2025-01-28,BR-PATNA-PHC-004,METFORMIN_500,Metformin 500mg Tablets,20,448,151
2025-01-29,BR-PATNA-PHC-004,METFORMIN_500,Metformin 500mg Tablets,19,429,159
2025-01-30,BR-PATNA-PHC-004,METFORMIN_500,Metformin 500mg Tablets,21,408,144
2025-01-31,BR-PATNA-PHC-004,METFORMIN_500,Metformin 500mg Tablets,22,386,160
2025-02-01,BR-PATNA-PHC-004,METFORMIN_500,Metformin 500mg Tablets,24,362,143
2025-02-02,BR-PATNA-PHC-004,METFORMIN_500,Metformin 500mg Tablets,19,343,149
2025-02-03,BR-PATNA-PHC-004,METFORMIN_500,Metformin 500mg Tablets,19,324,151
2025-02-04,BR-PATNA-PHC-004,METFORMIN_500,Metformin 500mg Tablets,19,305,150
2025-02-05,BR-PATNA-PHC-004,METFORMIN_500,Metformin 500mg Tablets,18,287,157
2025-02-06,BR-PATNA-PHC-004,METFORMIN_500,Metformin 500mg Tablets,18,269,158
2025-02-07,BR-PATNA-PHC-004,METFORMIN_500,Metformin 500mg Tablets,19,250,148
2025-02-08,BR-PATNA-PHC-004,METFORMIN_500,Metformin 500mg Tablets,20,230,158
2025-02-09,BR-PATNA-PHC-004,METFORMIN_500,Metformin 500mg Tablets,25,205,155
2025-02-10,BR-PATNA-PHC-004,METFORMIN_500,Metformin 500mg Tablets,24,181,139
2025-02-11,BR-PATNA-PHC-004,METFORMIN_500,Metformin 500mg Tablets,21,160,141
2025-02-12,BR-PATNA-PHC-004,METFORMIN_500,Metformin 500mg Tablets,24,136,153
2025-02-13,BR-PATNA-PHC-004,METFORMIN_500,Metformin 500mg Tablets,25,111,141
2025-02-14,BR-PATNA-PHC-004,METFORMIN_500,Metformin 500mg Tablets,21,90,149
2025-02-15,BR-PATNA-PHC-004,METFORMIN_500,Metformin 500mg Tablets,23,67,159
2024-11-18,BR-PATNA-PHC-004,INSULIN_REGULAR,Insulin Regular (100IU/ml),8,137,141
2024-11-19,BR-PATNA-PHC-004,INSULIN_REGULAR,Insulin Regular (100IU/ml),3,134,143
2024-11-20,BR-PATNA-PHC-004,INSULIN_REGULAR,Insulin Regular (100IU/ml),6,128,148
2024-11-21,BR-PATNA-PHC-004,INSULIN_REGULAR,Insulin Regular (100IU/ml),8,120,142
2024-11-22,BR-PATNA-PHC-004,INSULIN_REGULAR,Insulin Regular (100IU/ml),1,119,139
2024-11-23,BR-PATNA-PHC-004,INSULIN_REGULAR,Insulin Regular (100IU/ml),8,111,161
2024-11-24,BR-PATNA-PHC-004,INSULIN_REGULAR,Insulin Regular (100IU/ml),2,109,139
2024-11-25,BR-PATNA-PHC-004,INSULIN_REGULAR,Insulin Regular (100IU/ml),6,103,149
2024-11-26,BR-PATNA-PHC-004,INSULIN_REGULAR,Insulin Regular (100IU/ml),1,102,161
2024-11-27,BR-PATNA-PHC-004,INSULIN_REGULAR,Insulin Regular (100IU/ml),4,98,158
2024-11-28,BR-PATNA-PHC-004,INSULIN_REGULAR,Insulin Regular (100IU/ml),8,90,157
2024-11-29,BR-PATNA-PHC-004,INSULIN_REGULAR,Insulin Regular (100IU/ml),5,85,138
2024-11-30,BR-PATNA-PHC-004,INSULIN_REGULAR,Insulin Regular (100IU/ml),6,79,145
2024-12-01,BR-PATNA-PHC-004,INSULIN_REGULAR,Insulin Regular (100IU/ml),5,74,140
2024-12-02,BR-PATNA-PHC-004,INSULIN_REGULAR,Insulin Regular (100IU/ml),2,72,150
2024-12-03,BR-PATNA-PHC-004,INSULIN_REGULAR,Insulin Regular (100IU/ml),8,64,160
2024-12-04,BR-PATNA-PHC-004,INSULIN_REGULAR,Insulin Regular (100IU/ml),2,62,138
2024-12-05,BR-PATNA-PHC-004,INSULIN_REGULAR,Insulin Regular (100IU/ml),2,60,145
2024-12-06,BR-PATNA-PHC-004,INSULIN_REGULAR,Insulin Regular (100IU/ml),1,59,145
2024-12-07,BR-PATNA-PHC-004,INSULIN_REGULAR,Insulin Regular (100IU/ml),1,58,158
2024-12-08,BR-PATNA-PHC-004,INSULIN_REGULAR,Insulin Regular (100IU/ml),3,55,155
2024-12-09,BR-PATNA-PHC-004,INSULIN_REGULAR,Insulin Regular (100IU/ml),7,48,145
2024-12-10,BR-PATNA-PHC-004,INSULIN_REGULAR,Insulin Regular (100IU/ml),6,42,141
2024-12-11,BR-PATNA-PHC-004,INSULIN_REGULAR,Insulin Regular (100IU/ml),8,34,140
2024-12-12,BR-PATNA-PHC-004,INSULIN_REGULAR,Insulin Regular (100IU/ml),6,119,140
2024-12-13,BR-PATNA-PHC-004,INSULIN_REGULAR,Insulin Regular (100IU/ml),5,114,140
2024-12-14,BR-PATNA-PHC-004,INSULIN_REGULAR,Insulin Regular (100IU/ml),2,112,153
2024-12-15,BR-PATNA-PHC-004,INSULIN_REGULAR,Insulin Regular (100IU/ml),7,105,154
2024-12-16,BR-PATNA-PHC-004,INSULIN_REGULAR,Insulin Regular (100IU/ml),2,103,148
2024-12-17,BR-PATNA-PHC-004,INSULIN_REGULAR,Insulin Regular (100IU/ml),4,99,141
2024-12-18,BR-PATNA-PHC-004,INSULIN_REGULAR,Insulin Regular (100IU/ml),3,96,157
2024-12-19,BR-PATNA-PHC-004,INSULIN_REGULAR,Insulin Regular (100IU/ml),8,88,154
2024-12-20,BR-PATNA-PHC-004,INSULIN_REGULAR,Insulin Regular (100IU/ml),3,85,151
2024-12-21,BR-PATNA-PHC-004,INSULIN_REGULAR,Insulin Regular (100IU/ml),6,79,158
2024-12-22,BR-PATNA-PHC-004,INSULIN_REGULAR,Insulin Regular (100IU/ml),5,74,143
2024-12-23,BR-PATNA-PHC-004,INSULIN_REGULAR,Insulin Regular (100IU/ml),6,68,155
2024-12-24,BR-PATNA-PHC-004,INSULIN_REGULAR,Insulin Regular (100IU/ml),4,64,138
2024-12-25,BR-PATNA-PHC-004,INSULIN_REGULAR,Insulin Regular (100IU/ml),3,61,145
2024-12-26,BR-PATNA-PHC-004,INSULIN_REGULAR,Insulin Regular (100IU/ml),4,57,147
2024-12-27,BR-PATNA-PHC-004,INSULIN_REGULAR,Insulin Regular (100IU/ml),8,49,162
2024-12-28,BR-PATNA-PHC-004,INSULIN_REGULAR,Insulin Regular (100IU/ml),3,46,161
2024-12-29,BR-PATNA-PHC-004,INSULIN_REGULAR,Insulin Regular (100IU/ml),5,41,161
2024-12-30,BR-PATNA-PHC-004,INSULIN_REGULAR,Insulin Regular (100IU/ml),2,39,145
2024-12-31,BR-PATNA-PHC-004,INSULIN_REGULAR,Insulin Regular (100IU/ml),1,38,150
2025-01-01,BR-PATNA-PHC-004,INSULIN_REGULAR,Insulin Regular (100IU/ml),4,34,157
2025-01-02,BR-PATNA-PHC-004,INSULIN_REGULAR,Insulin Regular (100IU/ml),8,152,147
2025-01-03,BR-PATNA-PHC-004,INSULIN_REGULAR,Insulin Regular (100IU/ml),5,147,143
2025-01-04,BR-PATNA-PHC-004,INSULIN_REGULAR,Insulin Regular (100IU/ml),6,141,159
2025-01-05,BR-PATNA-PHC-004,INSULIN_REGULAR,Insulin Regular (100IU/ml),5,136,158
2025-01-06,BR-PATNA-PHC-004,INSULIN_REGULAR,Insulin Regular (100IU/ml),4,132,152
2025-01-07,BR-PATNA-PHC-004,INSULIN_REGULAR,Insulin Regular (100IU/ml),3,129,153
2025-01-08,BR-PATNA-PHC-004,INSULIN_REGULAR,Insulin Regular (100IU/ml),8,121,158
2025-01-09,BR-PATNA-PHC-004,INSULIN_REGULAR,Insulin Regular (100IU/ml),4,117,142
2025-01-10,BR-PATNA-PHC-004,INSULIN_REGULAR,Insulin Regular (100IU/ml),8,109,146
2025-01-11,BR-PATNA-PHC-004,INSULIN_REGULAR,Insulin Regular (100IU/ml),8,101,145
2025-01-12,BR-PATNA-PHC-004,INSULIN_REGULAR,Insulin Regular (100IU/ml),3,98,143
2025-01-13,BR-PATNA-PHC-004,INSULIN_REGULAR,Insulin Regular (100IU/ml),1,97,141
2025-01-14,BR-PATNA-PHC-004,INSULIN_REGULAR,Insulin Regular (100IU/ml),8,89,162
2025-01-15,BR-PATNA-PHC-004,INSULIN_REGULAR,Insulin Regular (100IU/ml),8,81,143
2025-01-16,BR-PATNA-PHC-004,INSULIN_REGULAR,Insulin Regular (100IU/ml),2,79,151
2025-01-17,BR-PATNA-PHC-004,INSULIN_REGULAR,Insulin Regular (100IU/ml),6,73,160
2025-01-18,BR-PATNA-PHC-004,INSULIN_REGULAR,Insulin Regular (100IU/ml),1,72,161
2025-01-19,BR-PATNA-PHC-004,INSULIN_REGULAR,Insulin Regular (100IU/ml),5,67,156
2025-01-20,BR-PATNA-PHC-004,INSULIN_REGULAR,Insulin Regular (100IU/ml),3,64,141
2025-01-21,BR-PATNA-PHC-004,INSULIN_REGULAR,Insulin Regular (100IU/ml),5,59,152
2025-01-22,BR-PATNA-PHC-004,INSULIN_REGULAR,Insulin Regular (100IU/ml),6,53,156
2025-01-23,BR-PATNA-PHC-004,INSULIN_REGULAR,Insulin Regular (100IU/ml),4,49,141
2025-01-24,BR-PATNA-PHC-004,INSULIN_REGULAR,Insulin Regular (100IU/ml),6,43,152
2025-01-25,BR-PATNA-PHC-004,INSULIN_REGULAR,Insulin Regular (100IU/ml),8,35,158
2025-01-26,BR-PATNA-PHC-004,INSULIN_REGULAR,Insulin Regular (100IU/ml),2,152,162
2025-01-27,BR-PATNA-PHC-004,INSULIN_REGULAR,Insulin Regular (100IU/ml),4,148,156
2025-01-28,BR-PATNA-PHC-004,INSULIN_REGULAR,Insulin Regular (100IU/ml),7,141,139
2025-01-29,BR-PATNA-PHC-004,INSULIN_REGULAR,Insulin Regular (100IU/ml),4,137,151
2025-01-30,BR-PATNA-PHC-004,INSULIN_REGULAR,Insulin Regular (100IU/ml),5,132,143
2025-01-31,BR-PATNA-PHC-004,INSULIN_REGULAR,Insulin Regular (100IU/ml),8,124,159
2025-02-01,BR-PATNA-PHC-004,INSULIN_REGULAR,Insulin Regular (100IU/ml),1,123,141
2025-02-02,BR-PATNA-PHC-004,INSULIN_REGULAR,Insulin Regular (100IU/ml),8,115,141
2025-02-03,BR-PATNA-PHC-004,INSULIN_REGULAR,Insulin Regular (100IU/ml),3,112,153
2025-02-04,BR-PATNA-PHC-004,INSULIN_REGULAR,Insulin Regular (100IU/ml),6,106,145
2025-02-05,BR-PATNA-PHC-004,INSULIN_REGULAR,Insulin Regular (100IU/ml),7,99,138
2025-02-06,BR-PATNA-PHC-004,INSULIN_REGULAR,Insulin Regular (100IU/ml),3,96,149
2025-02-07,BR-PATNA-PHC-004,INSULIN_REGULAR,Insulin Regular (100IU/ml),4,92,148
2025-02-08,BR-PATNA-PHC-004,INSULIN_REGULAR,Insulin Regular (100IU/ml),2,90,144
2025-02-09,BR-PATNA-PHC-004,INSULIN_REGULAR,Insulin Regular (100IU/ml),2,88,158
2025-02-10,BR-PATNA-PHC-004,INSULIN_REGULAR,Insulin Regular (100IU/ml),4,84,154
2025-02-11,BR-PATNA-PHC-004,INSULIN_REGULAR,Insulin Regular (100IU/ml),5,79,150
2025-02-12,BR-PATNA-PHC-004,INSULIN_REGULAR,Insulin Regular (100IU/ml),6,73,162
2025-02-13,BR-PATNA-PHC-004,INSULIN_REGULAR,Insulin Regular (100IU/ml),8,65,158
2025-02-14,BR-PATNA-PHC-004,INSULIN_REGULAR,Insulin Regular (100IU/ml),4,61,141
2025-02-15,BR-PATNA-PHC-004,INSULIN_REGULAR,Insulin Regular (100IU/ml),4,57,143
2024-11-18,BR-PATNA-PHC-004,RABIES_VACCINE,Anti-Rabies Vaccine (ARV),2,248,155
2024-11-19,BR-PATNA-PHC-004,RABIES_VACCINE,Anti-Rabies Vaccine (ARV),6,242,161
2024-11-20,BR-PATNA-PHC-004,RABIES_VACCINE,Anti-Rabies Vaccine (ARV),1,241,139
2024-11-21,BR-PATNA-PHC-004,RABIES_VACCINE,Anti-Rabies Vaccine (ARV),2,239,148
2024-11-22,BR-PATNA-PHC-004,RABIES_VACCINE,Anti-Rabies Vaccine (ARV),1,238,161
2024-11-23,BR-PATNA-PHC-004,RABIES_VACCINE,Anti-Rabies Vaccine (ARV),3,235,144
2024-11-24,BR-PATNA-PHC-004,RABIES_VACCINE,Anti-Rabies Vaccine (ARV),3,232,148
2024-11-25,BR-PATNA-PHC-004,RABIES_VACCINE,Anti-Rabies Vaccine (ARV),6,226,150
2024-11-26,BR-PATNA-PHC-004,RABIES_VACCINE,Anti-Rabies Vaccine (ARV),7,219,148
2024-11-27,BR-PATNA-PHC-004,RABIES_VACCINE,Anti-Rabies Vaccine (ARV),7,212,138
2024-11-28,BR-PATNA-PHC-004,RABIES_VACCINE,Anti-Rabies Vaccine (ARV),3,209,145
2024-11-29,BR-PATNA-PHC-004,RABIES_VACCINE,Anti-Rabies Vaccine (ARV),1,208,159
2024-11-30,BR-PATNA-PHC-004,RABIES_VACCINE,Anti-Rabies Vaccine (ARV),2,206,140
2024-12-01,BR-PATNA-PHC-004,RABIES_VACCINE,Anti-Rabies Vaccine (ARV),2,204,156
2024-12-02,BR-PATNA-PHC-004,RABIES_VACCINE,Anti-Rabies Vaccine (ARV),2,202,144
2024-12-03,BR-PATNA-PHC-004,RABIES_VACCINE,Anti-Rabies Vaccine (ARV),4,198,150
2024-12-04,BR-PATNA-PHC-004,RABIES_VACCINE,Anti-Rabies Vaccine (ARV),4,194,152
2024-12-05,BR-PATNA-PHC-004,RABIES_VACCINE,Anti-Rabies Vaccine (ARV),6,188,160
2024-12-06,BR-PATNA-PHC-004,RABIES_VACCINE,Anti-Rabies Vaccine (ARV),6,182,161
2024-12-07,BR-PATNA-PHC-004,RABIES_VACCINE,Anti-Rabies Vaccine (ARV),1,181,150
2024-12-08,BR-PATNA-PHC-004,RABIES_VACCINE,Anti-Rabies Vaccine (ARV),7,174,142
2024-12-09,BR-PATNA-PHC-004,RABIES_VACCINE,Anti-Rabies Vaccine (ARV),4,170,160
2024-12-10,BR-PATNA-PHC-004,RABIES_VACCINE,Anti-Rabies Vaccine (ARV),7,163,149
2024-12-11,BR-PATNA-PHC-004,RABIES_VACCINE,Anti-Rabies Vaccine (ARV),6,157,150
2024-12-12,BR-PATNA-PHC-004,RABIES_VACCINE,Anti-Rabies Vaccine (ARV),2,155,148
2024-12-13,BR-PATNA-PHC-004,RABIES_VACCINE,Anti-Rabies Vaccine (ARV),4,151,160
2024-12-14,BR-PATNA-PHC-004,RABIES_VACCINE,Anti-Rabies Vaccine (ARV),7,144,138
2024-12-15,BR-PATNA-PHC-004,RABIES_VACCINE,Anti-Rabies Vaccine (ARV),1,143,151
2024-12-16,BR-PATNA-PHC-004,RABIES_VACCINE,Anti-Rabies Vaccine (ARV),6,137,158
2024-12-17,BR-PATNA-PHC-004,RABIES_VACCINE,Anti-Rabies Vaccine (ARV),1,136,155
2024-12-18,BR-PATNA-PHC-004,RABIES_VACCINE,Anti-Rabies Vaccine (ARV),3,133,158
2024-12-19,BR-PATNA-PHC-004,RABIES_VACCINE,Anti-Rabies Vaccine (ARV),5,128,143
2024-12-20,BR-PATNA-PHC-004,RABIES_VACCINE,Anti-Rabies Vaccine (ARV),4,124,155
2024-12-21,BR-PATNA-PHC-004,RABIES_VACCINE,Anti-Rabies Vaccine (ARV),2,122,162
2024-12-22,BR-PATNA-PHC-004,RABIES_VACCINE,Anti-Rabies Vaccine (ARV),4,118,150
2024-12-23,BR-PATNA-PHC-004,RABIES_VACCINE,Anti-Rabies Vaccine (ARV),6,112,162
2024-12-24,BR-PATNA-PHC-004,RABIES_VACCINE,Anti-Rabies Vaccine (ARV),2,110,162
2024-12-25,BR-PATNA-PHC-004,RABIES_VACCINE,Anti-Rabies Vaccine (ARV),2,108,155
2024-12-26,BR-PATNA-PHC-004,RABIES_VACCINE,Anti-Rabies Vaccine (ARV),3,105,139
2024-12-27,BR-PATNA-PHC-004,RABIES_VACCINE,Anti-Rabies Vaccine (ARV),5,100,150
2024-12-28,BR-PATNA-PHC-004,RABIES_VACCINE,Anti-Rabies Vaccine (ARV),1,99,159
2024-12-29,BR-PATNA-PHC-004,RABIES_VACCINE,Anti-Rabies Vaccine (ARV),2,97,153
2024-12-30,BR-PATNA-PHC-004,RABIES_VACCINE,Anti-Rabies Vaccine (ARV),6,91,143
2024-12-31,BR-PATNA-PHC-004,RABIES_VACCINE,Anti-Rabies Vaccine (ARV),6,85,151
2025-01-01,BR-PATNA-PHC-004,RABIES_VACCINE,Anti-Rabies Vaccine (ARV),4,81,160
2025-01-02,BR-PATNA-PHC-004,RABIES_VACCINE,Anti-Rabies Vaccine (ARV),1,80,158
2025-01-03,BR-PATNA-PHC-004,RABIES_VACCINE,Anti-Rabies Vaccine (ARV),2,78,157
2025-01-04,BR-PATNA-PHC-004,RABIES_VACCINE,Anti-Rabies Vaccine (ARV),6,72,162
2025-01-05,BR-PATNA-PHC-004,RABIES_VACCINE,Anti-Rabies Vaccine (ARV),1,71,154
2025-01-06,BR-PATNA-PHC-004,RABIES_VACCINE,Anti-Rabies Vaccine (ARV),7,64,160
2025-01-07,BR-PATNA-PHC-004,RABIES_VACCINE,Anti-Rabies Vaccine (ARV),6,58,148
2025-01-08,BR-PATNA-PHC-004,RABIES_VACCINE,Anti-Rabies Vaccine (ARV),7,51,143
2025-01-09,BR-PATNA-PHC-004,RABIES_VACCINE,Anti-Rabies Vaccine (ARV),3,48,158
2025-01-10,BR-PATNA-PHC-004,RABIES_VACCINE,Anti-Rabies Vaccine (ARV),5,43,140
2025-01-11,BR-PATNA-PHC-004,RABIES_VACCINE,Anti-Rabies Vaccine (ARV),3,40,155
2025-01-12,BR-PATNA-PHC-004,RABIES_VACCINE,Anti-Rabies Vaccine (ARV),5,35,145
2025-01-13,BR-PATNA-PHC-004,RABIES_VACCINE,Anti-Rabies Vaccine (ARV),2,33,151
2025-01-14,BR-PATNA-PHC-004,RABIES_VACCINE,Anti-Rabies Vaccine (ARV),1,32,149
2025-01-15,BR-PATNA-PHC-004,RABIES_VACCINE,Anti-Rabies Vaccine (ARV),2,30,146
2025-01-16,BR-PATNA-PHC-004,RABIES_VACCINE,Anti-Rabies Vaccine (ARV),1,29,156
2025-01-17,BR-PATNA-PHC-004,RABIES_VACCINE,Anti-Rabies Vaccine (ARV),4,149,154
2025-01-18,BR-PATNA-PHC-004,RABIES_VACCINE,Anti-Rabies Vaccine (ARV),1,148,149
2025-01-19,BR-PATNA-PHC-004,RABIES_VACCINE,Anti-Rabies Vaccine (ARV),1,147,155
2025-01-20,BR-PATNA-PHC-004,RABIES_VACCINE,Anti-Rabies Vaccine (ARV),6,141,151
2025-01-21,BR-PATNA-PHC-004,RABIES_VACCINE,Anti-Rabies Vaccine (ARV),7,134,161
2025-01-22,BR-PATNA-PHC-004,RABIES_VACCINE,Anti-Rabies Vaccine (ARV),1,133,156
2025-01-23,BR-PATNA-PHC-004,RABIES_VACCINE,Anti-Rabies Vaccine (ARV),2,131,147
2025-01-24,BR-PATNA-PHC-004,RABIES_VACCINE,Anti-Rabies Vaccine (ARV),1,130,140
2025-01-25,BR-PATNA-PHC-004,RABIES_VACCINE,Anti-Rabies Vaccine (ARV),3,127,157
2025-01-26,BR-PATNA-PHC-004,RABIES_VACCINE,Anti-Rabies Vaccine (ARV),6,121,143
2025-01-27,BR-PATNA-PHC-004,RABIES_VACCINE,Anti-Rabies Vaccine (ARV),7,114,157
2025-01-28,BR-PATNA-PHC-004,RABIES_VACCINE,Anti-Rabies Vaccine (ARV),1,113,155
2025-01-29,BR-PATNA-PHC-004,RABIES_VACCINE,Anti-Rabies Vaccine (ARV),1,112,149
2025-01-30,BR-PATNA-PHC-004,RABIES_VACCINE,Anti-Rabies Vaccine (ARV),5,107,144
2025-01-31,BR-PATNA-PHC-004,RABIES_VACCINE,Anti-Rabies Vaccine (ARV),4,103,142
2025-02-01,BR-PATNA-PHC-004,RABIES_VACCINE,Anti-Rabies Vaccine (ARV),2,101,141
2025-02-02,BR-PATNA-PHC-004,RABIES_VACCINE,Anti-Rabies Vaccine (ARV),2,99,146
2025-02-03,BR-PATNA-PHC-004,RABIES_VACCINE,Anti-Rabies Vaccine (ARV),1,98,159
2025-02-04,BR-PATNA-PHC-004,RABIES_VACCINE,Anti-Rabies Vaccine (ARV),1,97,145
2025-02-05,BR-PATNA-PHC-004,RABIES_VACCINE,Anti-Rabies Vaccine (ARV),3,94,158
2025-02-06,BR-PATNA-PHC-004,RABIES_VACCINE,Anti-Rabies Vaccine (ARV),7,87,150
2025-02-07,BR-PATNA-PHC-004,RABIES_VACCINE,Anti-Rabies Vaccine (ARV),7,80,142
2025-02-08,BR-PATNA-PHC-004,RABIES_VACCINE,Anti-Rabies Vaccine (ARV),1,79,159
2025-02-09,BR-PATNA-PHC-004,RABIES_VACCINE,Anti-Rabies Vaccine (ARV),5,74,138
2025-02-10,BR-PATNA-PHC-004,RABIES_VACCINE,Anti-Rabies Vaccine (ARV),1,73,154
2025-02-11,BR-PATNA-PHC-004,RABIES_VACCINE,Anti-Rabies Vaccine (ARV),4,69,138
2025-02-12,BR-PATNA-PHC-004,RABIES_VACCINE,Anti-Rabies Vaccine (ARV),1,68,138
2025-02-13,BR-PATNA-PHC-004,RABIES_VACCINE,Anti-Rabies Vaccine (ARV),6,62,145
2025-02-14,BR-PATNA-PHC-004,RABIES_VACCINE,Anti-Rabies Vaccine (ARV),3,59,147
2025-02-15,BR-PATNA-PHC-004,RABIES_VACCINE,Anti-Rabies Vaccine (ARV),1,58,157
2024-11-18,BR-PATNA-PHC-004,OXYGEN_CYLINDER,Medical Oxygen D-Type,5,72,147
2024-11-19,BR-PATNA-PHC-004,OXYGEN_CYLINDER,Medical Oxygen D-Type,3,69,143
2024-11-20,BR-PATNA-PHC-004,OXYGEN_CYLINDER,Medical Oxygen D-Type,1,68,144
2024-11-21,BR-PATNA-PHC-004,OXYGEN_CYLINDER,Medical Oxygen D-Type,1,67,142
2024-11-22,BR-PATNA-PHC-004,OXYGEN_CYLINDER,Medical Oxygen D-Type,1,66,160
2024-11-23,BR-PATNA-PHC-004,OXYGEN_CYLINDER,Medical Oxygen D-Type,1,65,160
2024-11-24,BR-PATNA-PHC-004,OXYGEN_CYLINDER,Medical Oxygen D-Type,1,64,160
2024-11-25,BR-PATNA-PHC-004,OXYGEN_CYLINDER,Medical Oxygen D-Type,1,63,143
2024-11-26,BR-PATNA-PHC-004,OXYGEN_CYLINDER,Medical Oxygen D-Type,3,60,158
2024-11-27,BR-PATNA-PHC-004,OXYGEN_CYLINDER,Medical Oxygen D-Type,1,59,141
2024-11-28,BR-PATNA-PHC-004,OXYGEN_CYLINDER,Medical Oxygen D-Type,2,57,141
2024-11-29,BR-PATNA-PHC-004,OXYGEN_CYLINDER,Medical Oxygen D-Type,5,52,161
2024-11-30,BR-PATNA-PHC-004,OXYGEN_CYLINDER,Medical Oxygen D-Type,1,51,145
2024-12-01,BR-PATNA-PHC-004,OXYGEN_CYLINDER,Medical Oxygen D-Type,2,49,159
2024-12-02,BR-PATNA-PHC-004,OXYGEN_CYLINDER,Medical Oxygen D-Type,1,48,147
2024-12-03,BR-PATNA-PHC-004,OXYGEN_CYLINDER,Medical Oxygen D-Type,1,47,140
2024-12-04,BR-PATNA-PHC-004,OXYGEN_CYLINDER,Medical Oxygen D-Type,3,44,142
2024-12-05,BR-PATNA-PHC-004,OXYGEN_CYLINDER,Medical Oxygen D-Type,2,42,140
2024-12-06,BR-PATNA-PHC-004,OXYGEN_CYLINDER,Medical Oxygen D-Type,4,38,141
2024-12-07,BR-PATNA-PHC-004,OXYGEN_CYLINDER,Medical Oxygen D-Type,1,37,139
2024-12-08,BR-PATNA-PHC-004,OXYGEN_CYLINDER,Medical Oxygen D-Type,2,35,143
2024-12-09,BR-PATNA-PHC-004,OXYGEN_CYLINDER,Medical Oxygen D-Type,1,34,139
2024-12-10,BR-PATNA-PHC-004,OXYGEN_CYLINDER,Medical Oxygen D-Type,4,30,149
2024-12-11,BR-PATNA-PHC-004,OXYGEN_CYLINDER,Medical Oxygen D-Type,4,26,144
2024-12-12,BR-PATNA-PHC-004,OXYGEN_CYLINDER,Medical Oxygen D-Type,1,25,161
2024-12-13,BR-PATNA-PHC-004,OXYGEN_CYLINDER,Medical Oxygen D-Type,1,24,153
2024-12-14,BR-PATNA-PHC-004,OXYGEN_CYLINDER,Medical Oxygen D-Type,1,23,157
2024-12-15,BR-PATNA-PHC-004,OXYGEN_CYLINDER,Medical Oxygen D-Type,3,20,159
2024-12-16,BR-PATNA-PHC-004,OXYGEN_CYLINDER,Medical Oxygen D-Type,3,17,155
2024-12-17,BR-PATNA-PHC-004,OXYGEN_CYLINDER,Medical Oxygen D-Type,1,16,153
2024-12-18,BR-PATNA-PHC-004,OXYGEN_CYLINDER,Medical Oxygen D-Type,3,13,159
2024-12-19,BR-PATNA-PHC-004,OXYGEN_CYLINDER,Medical Oxygen D-Type,1,12,144
2024-12-20,BR-PATNA-PHC-004,OXYGEN_CYLINDER,Medical Oxygen D-Type,1,11,160
2024-12-21,BR-PATNA-PHC-004,OXYGEN_CYLINDER,Medical Oxygen D-Type,2,10,156
2024-12-22,BR-PATNA-PHC-004,OXYGEN_CYLINDER,Medical Oxygen D-Type,2,10,141
2024-12-23,BR-PATNA-PHC-004,OXYGEN_CYLINDER,Medical Oxygen D-Type,1,10,139
2024-12-24,BR-PATNA-PHC-004,OXYGEN_CYLINDER,Medical Oxygen D-Type,5,10,141
2024-12-25,BR-PATNA-PHC-004,OXYGEN_CYLINDER,Medical Oxygen D-Type,1,10,149
2024-12-26,BR-PATNA-PHC-004,OXYGEN_CYLINDER,Medical Oxygen D-Type,1,10,149
2024-12-27,BR-PATNA-PHC-004,OXYGEN_CYLINDER,Medical Oxygen D-Type,2,10,161
2024-12-28,BR-PATNA-PHC-004,OXYGEN_CYLINDER,Medical Oxygen D-Type,1,10,140
2024-12-29,BR-PATNA-PHC-004,OXYGEN_CYLINDER,Medical Oxygen D-Type,5,10,144
2024-12-30,BR-PATNA-PHC-004,OXYGEN_CYLINDER,Medical Oxygen D-Type,1,10,152
2024-12-31,BR-PATNA-PHC-004,OXYGEN_CYLINDER,Medical Oxygen D-Type,1,10,153
2025-01-01,BR-PATNA-PHC-004,OXYGEN_CYLINDER,Medical Oxygen D-Type,2,10,141
2025-01-02,BR-PATNA-PHC-004,OXYGEN_CYLINDER,Medical Oxygen D-Type,2,10,152
2025-01-03,BR-PATNA-PHC-004,OXYGEN_CYLINDER,Medical Oxygen D-Type,1,10,153
2025-01-04,BR-PATNA-PHC-004,OXYGEN_CYLINDER,Medical Oxygen D-Type,1,10,148
2025-01-05,BR-PATNA-PHC-004,OXYGEN_CYLINDER,Medical Oxygen D-Type,1,10,156
2025-01-06,BR-PATNA-PHC-004,OXYGEN_CYLINDER,Medical Oxygen D-Type,3,10,145
2025-01-07,BR-PATNA-PHC-004,OXYGEN_CYLINDER,Medical Oxygen D-Type,1,10,157
2025-01-08,BR-PATNA-PHC-004,OXYGEN_CYLINDER,Medical Oxygen D-Type,5,10,144
2025-01-09,BR-PATNA-PHC-004,OXYGEN_CYLINDER,Medical Oxygen D-Type,1,10,138
2025-01-10,BR-PATNA-PHC-004,OXYGEN_CYLINDER,Medical Oxygen D-Type,1,10,140
2025-01-11,BR-PATNA-PHC-004,OXYGEN_CYLINDER,Medical Oxygen D-Type,1,10,142
2025-01-12,BR-PATNA-PHC-004,OXYGEN_CYLINDER,Medical Oxygen D-Type,2,10,140
2025-01-13,BR-PATNA-PHC-004,OXYGEN_CYLINDER,Medical Oxygen D-Type,1,10,153
2025-01-14,BR-PATNA-PHC-004,OXYGEN_CYLINDER,Medical Oxygen D-Type,1,10,149
2025-01-15,BR-PATNA-PHC-004,OXYGEN_CYLINDER,Medical Oxygen D-Type,2,10,151
2025-01-16,BR-PATNA-PHC-004,OXYGEN_CYLINDER,Medical Oxygen D-Type,1,10,152
2025-01-17,BR-PATNA-PHC-004,OXYGEN_CYLINDER,Medical Oxygen D-Type,1,10,150
2025-01-18,BR-PATNA-PHC-004,OXYGEN_CYLINDER,Medical Oxygen D-Type,1,10,157
2025-01-19,BR-PATNA-PHC-004,OXYGEN_CYLINDER,Medical Oxygen D-Type,1,10,152
2025-01-20,BR-PATNA-PHC-004,OXYGEN_CYLINDER,Medical Oxygen D-Type,1,10,140
2025-01-21,BR-PATNA-PHC-004,OXYGEN_CYLINDER,Medical Oxygen D-Type,1,10,162
2025-01-22,BR-PATNA-PHC-004,OXYGEN_CYLINDER,Medical Oxygen D-Type,5,10,161
2025-01-23,BR-PATNA-PHC-004,OXYGEN_CYLINDER,Medical Oxygen D-Type,1,10,146
2025-01-24,BR-PATNA-PHC-004,OXYGEN_CYLINDER,Medical Oxygen D-Type,1,10,157
2025-01-25,BR-PATNA-PHC-004,OXYGEN_CYLINDER,Medical Oxygen D-Type,1,10,143
2025-01-26,BR-PATNA-PHC-004,OXYGEN_CYLINDER,Medical Oxygen D-Type,4,10,155
2025-01-27,BR-PATNA-PHC-004,OXYGEN_CYLINDER,Medical Oxygen D-Type,1,10,160
2025-01-28,BR-PATNA-PHC-004,OXYGEN_CYLINDER,Medical Oxygen D-Type,1,10,145
2025-01-29,BR-PATNA-PHC-004,OXYGEN_CYLINDER,Medical Oxygen D-Type,1,10,140
2025-01-30,BR-PATNA-PHC-004,OXYGEN_CYLINDER,Medical Oxygen D-Type,5,10,162
2025-01-31,BR-PATNA-PHC-004,OXYGEN_CYLINDER,Medical Oxygen D-Type,3,10,157
2025-02-01,BR-PATNA-PHC-004,OXYGEN_CYLINDER,Medical Oxygen D-Type,1,10,140
2025-02-02,BR-PATNA-PHC-004,OXYGEN_CYLINDER,Medical Oxygen D-Type,1,10,140
2025-02-03,BR-PATNA-PHC-004,OXYGEN_CYLINDER,Medical Oxygen D-Type,2,10,154
2025-02-04,BR-PATNA-PHC-004,OXYGEN_CYLINDER,Medical Oxygen D-Type,5,10,155
2025-02-05,BR-PATNA-PHC-004,OXYGEN_CYLINDER,Medical Oxygen D-Type,2,10,159
2025-02-06,BR-PATNA-PHC-004,OXYGEN_CYLINDER,Medical Oxygen D-Type,4,10,149
2025-02-07,BR-PATNA-PHC-004,OXYGEN_CYLINDER,Medical Oxygen D-Type,1,10,149
2025-02-08,BR-PATNA-PHC-004,OXYGEN_CYLINDER,Medical Oxygen D-Type,3,10,158
2025-02-09,BR-PATNA-PHC-004,OXYGEN_CYLINDER,Medical Oxygen D-Type,5,10,158
2025-02-10,BR-PATNA-PHC-004,OXYGEN_CYLINDER,Medical Oxygen D-Type,1,10,140
2025-02-11,BR-PATNA-PHC-004,OXYGEN_CYLINDER,Medical Oxygen D-Type,1,10,156
2025-02-12,BR-PATNA-PHC-004,OXYGEN_CYLINDER,Medical Oxygen D-Type,1,10,141
2025-02-13,BR-PATNA-PHC-004,OXYGEN_CYLINDER,Medical Oxygen D-Type,1,10,157
2025-02-14,BR-PATNA-PHC-004,OXYGEN_CYLINDER,Medical Oxygen D-Type,2,10,145
2025-02-15,BR-PATNA-PHC-004,OXYGEN_CYLINDER,Medical Oxygen D-Type,1,10,142
2024-11-18,BR-PATNA-PHC-009,ORS,ORS Packets (Oral Rehydration),15,430,106
2024-11-19,BR-PATNA-PHC-009,ORS,ORS Packets (Oral Rehydration),16,414,93
2024-11-20,BR-PATNA-PHC-009,ORS,ORS Packets (Oral Rehydration),15,399,110
2024-11-21,BR-PATNA-PHC-009,ORS,ORS Packets (Oral Rehydration),20,379,96
2024-11-22,BR-PATNA-PHC-009,ORS,ORS Packets (Oral Rehydration),20,359,94
2024-11-23,BR-PATNA-PHC-009,ORS,ORS Packets (Oral Rehydration),20,339,117
2024-11-24,BR-PATNA-PHC-009,ORS,ORS Packets (Oral Rehydration),21,318,111
2024-11-25,BR-PATNA-PHC-009,ORS,ORS Packets (Oral Rehydration),21,297,100
2024-11-26,BR-PATNA-PHC-009,ORS,ORS Packets (Oral Rehydration),21,276,95
2024-11-27,BR-PATNA-PHC-009,ORS,ORS Packets (Oral Rehydration),18,258,110
2024-11-28,BR-PATNA-PHC-009,ORS,ORS Packets (Oral Rehydration),20,238,103
2024-11-29,BR-PATNA-PHC-009,ORS,ORS Packets (Oral Rehydration),21,217,95
2024-11-30,BR-PATNA-PHC-009,ORS,ORS Packets (Oral Rehydration),18,199,107
2024-12-01,BR-PATNA-PHC-009,ORS,ORS Packets (Oral Rehydration),14,185,108
2024-12-02,BR-PATNA-PHC-009,ORS,ORS Packets (Oral Rehydration),18,167,109
2024-12-03,BR-PATNA-PHC-009,ORS,ORS Packets (Oral Rehydration),20,147,110
2024-12-04,BR-PATNA-PHC-009,ORS,ORS Packets (Oral Rehydration),20,127,116
2024-12-05,BR-PATNA-PHC-009,ORS,ORS Packets (Oral Rehydration),19,108,106
2024-12-06,BR-PATNA-PHC-009,ORS,ORS Packets (Oral Rehydration),21,310,111
2024-12-07,BR-PATNA-PHC-009,ORS,ORS Packets (Oral Rehydration),19,291,110
2024-12-08,BR-PATNA-PHC-009,ORS,ORS Packets (Oral Rehydration),15,276,106
2024-12-09,BR-PATNA-PHC-009,ORS,ORS Packets (Oral Rehydration),20,256,101
2024-12-10,BR-PATNA-PHC-009,ORS,ORS Packets (Oral Rehydration),14,242,99
2024-12-11,BR-PATNA-PHC-009,ORS,ORS Packets (Oral Rehydration),19,223,116
2024-12-12,BR-PATNA-PHC-009,ORS,ORS Packets (Oral Rehydration),15,208,93
2024-12-13,BR-PATNA-PHC-009,ORS,ORS Packets (Oral Rehydration),20,188,95
2024-12-14,BR-PATNA-PHC-009,ORS,ORS Packets (Oral Rehydration),15,173,111
2024-12-15,BR-PATNA-PHC-009,ORS,ORS Packets (Oral Rehydration),15,158,107
2024-12-16,BR-PATNA-PHC-009,ORS,ORS Packets (Oral Rehydration),14,144,117
2024-12-17,BR-PATNA-PHC-009,ORS,ORS Packets (Oral Rehydration),18,126,105
2024-12-18,BR-PATNA-PHC-009,ORS,ORS Packets (Oral Rehydration),17,109,105
2024-12-19,BR-PATNA-PHC-009,ORS,ORS Packets (Oral Rehydration),15,384,110
2024-12-20,BR-PATNA-PHC-009,ORS,ORS Packets (Oral Rehydration),20,364,112
2024-12-21,BR-PATNA-PHC-009,ORS,ORS Packets (Oral Rehydration),21,343,94
2024-12-22,BR-PATNA-PHC-009,ORS,ORS Packets (Oral Rehydration),16,327,116
2024-12-23,BR-PATNA-PHC-009,ORS,ORS Packets (Oral Rehydration),15,312,110
2024-12-24,BR-PATNA-PHC-009,ORS,ORS Packets (Oral Rehydration),17,295,104
2024-12-25,BR-PATNA-PHC-009,ORS,ORS Packets (Oral Rehydration),18,277,94
2024-12-26,BR-PATNA-PHC-009,ORS,ORS Packets (Oral Rehydration),15,262,96
2024-12-27,BR-PATNA-PHC-009,ORS,ORS Packets (Oral Rehydration),14,248,102
2024-12-28,BR-PATNA-PHC-009,ORS,ORS Packets (Oral Rehydration),21,227,97
2024-12-29,BR-PATNA-PHC-009,ORS,ORS Packets (Oral Rehydration),18,209,113
2024-12-30,BR-PATNA-PHC-009,ORS,ORS Packets (Oral Rehydration),19,190,96
2024-12-31,BR-PATNA-PHC-009,ORS,ORS Packets (Oral Rehydration),17,173,109
2025-01-01,BR-PATNA-PHC-009,ORS,ORS Packets (Oral Rehydration),18,155,99
2025-01-02,BR-PATNA-PHC-009,ORS,ORS Packets (Oral Rehydration),15,140,107
2025-01-03,BR-PATNA-PHC-009,ORS,ORS Packets (Oral Rehydration),21,119,93
2025-01-04,BR-PATNA-PHC-009,ORS,ORS Packets (Oral Rehydration),17,376,101
2025-01-05,BR-PATNA-PHC-009,ORS,ORS Packets (Oral Rehydration),19,357,114
2025-01-06,BR-PATNA-PHC-009,ORS,ORS Packets (Oral Rehydration),16,341,94
2025-01-07,BR-PATNA-PHC-009,ORS,ORS Packets (Oral Rehydration),20,321,117
2025-01-08,BR-PATNA-PHC-009,ORS,ORS Packets (Oral Rehydration),14,307,94
2025-01-09,BR-PATNA-PHC-009,ORS,ORS Packets (Oral Rehydration),21,286,103
2025-01-10,BR-PATNA-PHC-009,ORS,ORS Packets (Oral Rehydration),16,270,99
2025-01-11,BR-PATNA-PHC-009,ORS,ORS Packets (Oral Rehydration),18,252,116
2025-01-12,BR-PATNA-PHC-009,ORS,ORS Packets (Oral Rehydration),16,236,110
2025-01-13,BR-PATNA-PHC-009,ORS,ORS Packets (Oral Rehydration),16,220,117
2025-01-14,BR-PATNA-PHC-009,ORS,ORS Packets (Oral Rehydration),16,204,102
2025-01-15,BR-PATNA-PHC-009,ORS,ORS Packets (Oral Rehydration),16,188,111
2025-01-16,BR-PATNA-PHC-009,ORS,ORS Packets (Oral Rehydration),18,170,113
2025-01-17,BR-PATNA-PHC-009,ORS,ORS Packets (Oral Rehydration),46,124,141
2025-01-18,BR-PATNA-PHC-009,ORS,ORS Packets (Oral Rehydration),30,94,137
2025-01-19,BR-PATNA-PHC-009,ORS,ORS Packets (Oral Rehydration),38,286,157
2025-01-20,BR-PATNA-PHC-009,ORS,ORS Packets (Oral Rehydration),40,246,122
2025-01-21,BR-PATNA-PHC-009,ORS,ORS Packets (Oral Rehydration),27,219,154
2025-01-22,BR-PATNA-PHC-009,ORS,ORS Packets (Oral Rehydration),39,180,133
2025-01-23,BR-PATNA-PHC-009,ORS,ORS Packets (Oral Rehydration),42,138,138
2025-01-24,BR-PATNA-PHC-009,ORS,ORS Packets (Oral Rehydration),34,104,158
2025-01-25,BR-PATNA-PHC-009,ORS,ORS Packets (Oral Rehydration),40,269,150
2025-01-26,BR-PATNA-PHC-009,ORS,ORS Packets (Oral Rehydration),47,222,124
2025-01-27,BR-PATNA-PHC-009,ORS,ORS Packets (Oral Rehydration),41,181,142
2025-01-28,BR-PATNA-PHC-009,ORS,ORS Packets (Oral Rehydration),35,146,142
2025-01-29,BR-PATNA-PHC-009,ORS,ORS Packets (Oral Rehydration),44,102,139
2025-01-30,BR-PATNA-PHC-009,ORS,ORS Packets (Oral Rehydration),46,335,148
2025-01-31,BR-PATNA-PHC-009,ORS,ORS Packets (Oral Rehydration),30,305,148
2025-02-01,BR-PATNA-PHC-009,ORS,ORS Packets (Oral Rehydration),40,265,160
2025-02-02,BR-PATNA-PHC-009,ORS,ORS Packets (Oral Rehydration),43,222,132
2025-02-03,BR-PATNA-PHC-009,ORS,ORS Packets (Oral Rehydration),31,191,134
2025-02-04,BR-PATNA-PHC-009,ORS,ORS Packets (Oral Rehydration),40,151,146
2025-02-05,BR-PATNA-PHC-009,ORS,ORS Packets (Oral Rehydration),38,113,144
2025-02-06,BR-PATNA-PHC-009,ORS,ORS Packets (Oral Rehydration),43,286,136
2025-02-07,BR-PATNA-PHC-009,ORS,ORS Packets (Oral Rehydration),28,258,143
2025-02-08,BR-PATNA-PHC-009,ORS,ORS Packets (Oral Rehydration),27,231,132
2025-02-09,BR-PATNA-PHC-009,ORS,ORS Packets (Oral Rehydration),29,202,141
2025-02-10,BR-PATNA-PHC-009,ORS,ORS Packets (Oral Rehydration),30,172,148
2025-02-11,BR-PATNA-PHC-009,ORS,ORS Packets (Oral Rehydration),31,141,150
2025-02-12,BR-PATNA-PHC-009,ORS,ORS Packets (Oral Rehydration),36,105,155
2025-02-13,BR-PATNA-PHC-009,ORS,ORS Packets (Oral Rehydration),39,66,154
2025-02-14,BR-PATNA-PHC-009,ORS,ORS Packets (Oral Rehydration),46,20,114
2025-02-15,BR-PATNA-PHC-009,ORS,ORS Packets (Oral Rehydration),46,10,139
2024-11-18,BR-PATNA-PHC-009,PARACETAMOL_500,Paracetamol 500mg Tablets,39,667,94
2024-11-19,BR-PATNA-PHC-009,PARACETAMOL_500,Paracetamol 500mg Tablets,41,626,115
2024-11-20,BR-PATNA-PHC-009,PARACETAMOL_500,Paracetamol 500mg Tablets,37,589,113
2024-11-21,BR-PATNA-PHC-009,PARACETAMOL_500,Paracetamol 500mg Tablets,38,551,100
2024-11-22,BR-PATNA-PHC-009,PARACETAMOL_500,Paracetamol 500mg Tablets,36,515,104
2024-11-23,BR-PATNA-PHC-009,PARACETAMOL_500,Paracetamol 500mg Tablets,40,475,107
2024-11-24,BR-PATNA-PHC-009,PARACETAMOL_500,Paracetamol 500mg Tablets,41,434,110
2024-11-25,BR-PATNA-PHC-009,PARACETAMOL_500,Paracetamol 500mg Tablets,41,393,101
2024-11-26,BR-PATNA-PHC-009,PARACETAMOL_500,Paracetamol 500mg Tablets,37,356,95
2024-11-27,BR-PATNA-PHC-009,PARACETAMOL_500,Paracetamol 500mg Tablets,43,313,100
2024-11-28,BR-PATNA-PHC-009,PARACETAMOL_500,Paracetamol 500mg Tablets,37,276,98
2024-11-29,BR-PATNA-PHC-009,PARACETAMOL_500,Paracetamol 500mg Tablets,38,238,107
2024-11-30,BR-PATNA-PHC-009,PARACETAMOL_500,Paracetamol 500mg Tablets,39,608,93
2024-12-01,BR-PATNA-PHC-009,PARACETAMOL_500,Paracetamol 500mg Tablets,39,569,113
2024-12-02,BR-PATNA-PHC-009,PARACETAMOL_500,Paracetamol 500mg Tablets,43,526,93
2024-12-03,BR-PATNA-PHC-009,PARACETAMOL_500,Paracetamol 500mg Tablets,42,484,109
2024-12-04,BR-PATNA-PHC-009,PARACETAMOL_500,Paracetamol 500mg Tablets,40,444,109
2024-12-05,BR-PATNA-PHC-009,PARACETAMOL_500,Paracetamol 500mg Tablets,37,407,98
2024-12-06,BR-PATNA-PHC-009,PARACETAMOL_500,Paracetamol 500mg Tablets,39,368,109
2024-12-07,BR-PATNA-PHC-009,PARACETAMOL_500,Paracetamol 500mg Tablets,42,326,103
2024-12-08,BR-PATNA-PHC-009,PARACETAMOL_500,Paracetamol 500mg Tablets,37,289,102
2024-12-09,BR-PATNA-PHC-009,PARACETAMOL_500,Paracetamol 500mg Tablets,41,248,96
2024-12-10,BR-PATNA-PHC-009,PARACETAMOL_500,Paracetamol 500mg Tablets,43,205,99
2024-12-11,BR-PATNA-PHC-009,PARACETAMOL_500,Paracetamol 500mg Tablets,37,637,108
2024-12-12,BR-PATNA-PHC-009,PARACETAMOL_500,Paracetamol 500mg Tablets,41,596,116
2024-12-13,BR-PATNA-PHC-009,PARACETAMOL_500,Paracetamol 500mg Tablets,41,555,103
2024-12-14,BR-PATNA-PHC-009,PARACETAMOL_500,Paracetamol 500mg Tablets,39,516,113
2024-12-15,BR-PATNA-PHC-009,PARACETAMOL_500,Paracetamol 500mg Tablets,36,480,113
2024-12-16,BR-PATNA-PHC-009,PARACETAMOL_500,Paracetamol 500mg Tablets,39,441,111
2024-12-17,BR-PATNA-PHC-009,PARACETAMOL_500,Paracetamol 500mg Tablets,54,387,120
2024-12-18,BR-PATNA-PHC-009,PARACETAMOL_500,Paracetamol 500mg Tablets,54,333,128
2024-12-19,BR-PATNA-PHC-009,PARACETAMOL_500,Paracetamol 500mg Tablets,47,286,108
2024-12-20,BR-PATNA-PHC-009,PARACETAMOL_500,Paracetamol 500mg Tablets,58,228,113
2024-12-21,BR-PATNA-PHC-009,PARACETAMOL_500,Paracetamol 500mg Tablets,65,574,131
2024-12-22,BR-PATNA-PHC-009,PARACETAMOL_500,Paracetamol 500mg Tablets,55,519,128
2024-12-23,BR-PATNA-PHC-009,PARACETAMOL_500,Paracetamol 500mg Tablets,56,463,132
2024-12-24,BR-PATNA-PHC-009,PARACETAMOL_500,Paracetamol 500mg Tablets,59,404,125
2024-12-25,BR-PATNA-PHC-009,PARACETAMOL_500,Paracetamol 500mg Tablets,55,349,130
2024-12-26,BR-PATNA-PHC-009,PARACETAMOL_500,Paracetamol 500mg Tablets,59,290,126
2024-12-27,BR-PATNA-PHC-009,PARACETAMOL_500,Paracetamol 500mg Tablets,59,231,119
2024-12-28,BR-PATNA-PHC-009,PARACETAMOL_500,Paracetamol 500mg Tablets,50,659,118
2024-12-29,BR-PATNA-PHC-009,PARACETAMOL_500,Paracetamol 500mg Tablets,47,612,113
2024-12-30,BR-PATNA-PHC-009,PARACETAMOL_500,Paracetamol 500mg Tablets,65,547,116
2024-12-31,BR-PATNA-PHC-009,PARACETAMOL_500,Paracetamol 500mg Tablets,57,490,112
2025-01-01,BR-PATNA-PHC-009,PARACETAMOL_500,Paracetamol 500mg Tablets,50,440,123
2025-01-02,BR-PATNA-PHC-009,PARACETAMOL_500,Paracetamol 500mg Tablets,53,387,110
2025-01-03,BR-PATNA-PHC-009,PARACETAMOL_500,Paracetamol 500mg Tablets,53,334,123
2025-01-04,BR-PATNA-PHC-009,PARACETAMOL_500,Paracetamol 500mg Tablets,50,284,112
2025-01-05,BR-PATNA-PHC-009,PARACETAMOL_500,Paracetamol 500mg Tablets,63,221,109
2025-01-06,BR-PATNA-PHC-009,PARACETAMOL_500,Paracetamol 500mg Tablets,46,598,124
2025-01-07,BR-PATNA-PHC-009,PARACETAMOL_500,Paracetamol 500mg Tablets,45,553,126
2025-01-08,BR-PATNA-PHC-009,PARACETAMOL_500,Paracetamol 500mg Tablets,57,496,117
2025-01-09,BR-PATNA-PHC-009,PARACETAMOL_500,Paracetamol 500mg Tablets,61,435,114
2025-01-10,BR-PATNA-PHC-009,PARACETAMOL_500,Paracetamol 500mg Tablets,49,386,128
2025-01-11,BR-PATNA-PHC-009,PARACETAMOL_500,Paracetamol 500mg Tablets,55,331,127
2025-01-12,BR-PATNA-PHC-009,PARACETAMOL_500,Paracetamol 500mg Tablets,36,295,111
2025-01-13,BR-PATNA-PHC-009,PARACETAMOL_500,Paracetamol 500mg Tablets,36,259,108
2025-01-14,BR-PATNA-PHC-009,PARACETAMOL_500,Paracetamol 500mg Tablets,41,218,109
2025-01-15,BR-PATNA-PHC-009,PARACETAMOL_500,Paracetamol 500mg Tablets,38,661,96
2025-01-16,BR-PATNA-PHC-009,PARACETAMOL_500,Paracetamol 500mg Tablets,37,624,104
2025-01-17,BR-PATNA-PHC-009,PARACETAMOL_500,Paracetamol 500mg Tablets,38,586,94
2025-01-18,BR-PATNA-PHC-009,PARACETAMOL_500,Paracetamol 500mg Tablets,36,550,93
2025-01-19,BR-PATNA-PHC-009,PARACETAMOL_500,Paracetamol 500mg Tablets,40,510,106
2025-01-20,BR-PATNA-PHC-009,PARACETAMOL_500,Paracetamol 500mg Tablets,40,470,94
2025-01-21,BR-PATNA-PHC-009,PARACETAMOL_500,Paracetamol 500mg Tablets,41,429,101
2025-01-22,BR-PATNA-PHC-009,PARACETAMOL_500,Paracetamol 500mg Tablets,39,390,105
2025-01-23,BR-PATNA-PHC-009,PARACETAMOL_500,Paracetamol 500mg Tablets,43,347,105
2025-01-24,BR-PATNA-PHC-009,PARACETAMOL_500,Paracetamol 500mg Tablets,43,304,104
2025-01-25,BR-PATNA-PHC-009,PARACETAMOL_500,Paracetamol 500mg Tablets,40,264,106
2025-01-26,BR-PATNA-PHC-009,PARACETAMOL_500,Paracetamol 500mg Tablets,37,227,100
2025-01-27,BR-PATNA-PHC-009,PARACETAMOL_500,Paracetamol 500mg Tablets,40,639,96
2025-01-28,BR-PATNA-PHC-009,PARACETAMOL_500,Paracetamol 500mg Tablets,39,600,93
2025-01-29,BR-PATNA-PHC-009,PARACETAMOL_500,Paracetamol 500mg Tablets,40,560,105
2025-01-30,BR-PATNA-PHC-009,PARACETAMOL_500,Paracetamol 500mg Tablets,40,520,109
2025-01-31,BR-PATNA-PHC-009,PARACETAMOL_500,Paracetamol 500mg Tablets,43,477,116
2025-02-01,BR-PATNA-PHC-009,PARACETAMOL_500,Paracetamol 500mg Tablets,38,439,107
2025-02-02,BR-PATNA-PHC-009,PARACETAMOL_500,Paracetamol 500mg Tablets,41,398,99
2025-02-03,BR-PATNA-PHC-009,PARACETAMOL_500,Paracetamol 500mg Tablets,41,357,95
2025-02-04,BR-PATNA-PHC-009,PARACETAMOL_500,Paracetamol 500mg Tablets,42,315,112
2025-02-05,BR-PATNA-PHC-009,PARACETAMOL_500,Paracetamol 500mg Tablets,41,274,99
2025-02-06,BR-PATNA-PHC-009,PARACETAMOL_500,Paracetamol 500mg Tablets,37,237,98
2025-02-07,BR-PATNA-PHC-009,PARACETAMOL_500,Paracetamol 500mg Tablets,38,678,113
2025-02-08,BR-PATNA-PHC-009,PARACETAMOL_500,Paracetamol 500mg Tablets,36,642,102
2025-02-09,BR-PATNA-PHC-009,PARACETAMOL_500,Paracetamol 500mg Tablets,39,603,106
2025-02-10,BR-PATNA-PHC-009,PARACETAMOL_500,Paracetamol 500mg Tablets,40,563,98
2025-02-11,BR-PATNA-PHC-009,PARACETAMOL_500,Paracetamol 500mg Tablets,36,527,96
2025-02-12,BR-PATNA-PHC-009,PARACETAMOL_500,Paracetamol 500mg Tablets,41,486,98
2025-02-13,BR-PATNA-PHC-009,PARACETAMOL_500,Paracetamol 500mg Tablets,42,444,102
2025-02-14,BR-PATNA-PHC-009,PARACETAMOL_500,Paracetamol 500mg Tablets,41,403,102
2025-02-15,BR-PATNA-PHC-009,PARACETAMOL_500,Paracetamol 500mg Tablets,38,365,107
2024-11-18,BR-PATNA-PHC-009,AMOXICILLIN_500,Amoxicillin 500mg Capsules,24,496,102
2024-11-19,BR-PATNA-PHC-009,AMOXICILLIN_500,Amoxicillin 500mg Capsules,22,474,105
2024-11-20,BR-PATNA-PHC-009,AMOXICILLIN_500,Amoxicillin 500mg Capsules,22,452,101
2024-11-21,BR-PATNA-PHC-009,AMOXICILLIN_500,Amoxicillin 500mg Capsules,24,428,109
2024-11-22,BR-PATNA-PHC-009,AMOXICILLIN_500,Amoxicillin 500mg Capsules,26,402,112
2024-11-23,BR-PATNA-PHC-009,AMOXICILLIN_500,Amoxicillin 500mg Capsules,22,380,108
2024-11-24,BR-PATNA-PHC-009,AMOXICILLIN_500,Amoxicillin 500mg Capsules,25,355,105
2024-11-25,BR-PATNA-PHC-009,AMOXICILLIN_500,Amoxicillin 500mg Capsules,26,329,94
2024-11-26,BR-PATNA-PHC-009,AMOXICILLIN_500,Amoxicillin 500mg Capsules,26,303,101
2024-11-27,BR-PATNA-PHC-009,AMOXICILLIN_500,Amoxicillin 500mg Capsules,21,282,95
2024-11-28,BR-PATNA-PHC-009,AMOXICILLIN_500,Amoxicillin 500mg Capsules,21,261,100
2024-11-29,BR-PATNA-PHC-009,AMOXICILLIN_500,Amoxicillin 500mg Capsules,21,240,103
2024-11-30,BR-PATNA-PHC-009,AMOXICILLIN_500,Amoxicillin 500mg Capsules,23,217,105
2024-12-01,BR-PATNA-PHC-009,AMOXICILLIN_500,Amoxicillin 500mg Capsules,28,189,114
2024-12-02,BR-PATNA-PHC-009,AMOXICILLIN_500,Amoxicillin 500mg Capsules,24,165,117
2024-12-03,BR-PATNA-PHC-009,AMOXICILLIN_500,Amoxicillin 500mg Capsules,23,482,114
2024-12-04,BR-PATNA-PHC-009,AMOXICILLIN_500,Amoxicillin 500mg Capsules,22,460,108
2024-12-05,BR-PATNA-PHC-009,AMOXICILLIN_500,Amoxicillin 500mg Capsules,28,432,104
2024-12-06,BR-PATNA-PHC-009,AMOXICILLIN_500,Amoxicillin 500mg Capsules,26,406,98
2024-12-07,BR-PATNA-PHC-009,AMOXICILLIN_500,Amoxicillin 500mg Capsules,25,381,94
2024-12-08,BR-PATNA-PHC-009,AMOXICILLIN_500,Amoxicillin 500mg Capsules,25,356,97
2024-12-09,BR-PATNA-PHC-009,AMOXICILLIN_500,Amoxicillin 500mg Capsules,26,330,96
2024-12-10,BR-PATNA-PHC-009,AMOXICILLIN_500,Amoxicillin 500mg Capsules,21,309,105
2024-12-11,BR-PATNA-PHC-009,AMOXICILLIN_500,Amoxicillin 500mg Capsules,25,284,102
2024-12-12,BR-PATNA-PHC-009,AMOXICILLIN_500,Amoxicillin 500mg Capsules,25,259,104
2024-12-13,BR-PATNA-PHC-009,AMOXICILLIN_500,Amoxicillin 500mg Capsules,22,237,116
2024-12-14,BR-PATNA-PHC-009,AMOXICILLIN_500,Amoxicillin 500mg Capsules,28,209,107
2024-12-15,BR-PATNA-PHC-009,AMOXICILLIN_500,Amoxicillin 500mg Capsules,26,183,115
2024-12-16,BR-PATNA-PHC-009,AMOXICILLIN_500,Amoxicillin 500mg Capsules,21,162,107
2024-12-17,BR-PATNA-PHC-009,AMOXICILLIN_500,Amoxicillin 500mg Capsules,28,493,112
2024-12-18,BR-PATNA-PHC-009,AMOXICILLIN_500,Amoxicillin 500mg Capsules,21,472,103
2024-12-19,BR-PATNA-PHC-009,AMOXICILLIN_500,Amoxicillin 500mg Capsules,25,447,105
2024-12-20,BR-PATNA-PHC-009,AMOXICILLIN_500,Amoxicillin 500mg Capsules,23,424,113
2024-12-21,BR-PATNA-PHC-009,AMOXICILLIN_500,Amoxicillin 500mg Capsules,23,401,116
2024-12-22,BR-PATNA-PHC-009,AMOXICILLIN_500,Amoxicillin 500mg Capsules,22,379,113
2024-12-23,BR-PATNA-PHC-009,AMOXICILLIN_500,Amoxicillin 500mg Capsules,24,355,110
2024-12-24,BR-PATNA-PHC-009,AMOXICILLIN_500,Amoxicillin 500mg Capsules,28,327,100
2024-12-25,BR-PATNA-PHC-009,AMOXICILLIN_500,Amoxicillin 500mg Capsules,23,304,106
2024-12-26,BR-PATNA-PHC-009,AMOXICILLIN_500,Amoxicillin 500mg Capsules,26,278,107
2024-12-27,BR-PATNA-PHC-009,AMOXICILLIN_500,Amoxicillin 500mg Capsules,25,253,94
2024-12-28,BR-PATNA-PHC-009,AMOXICILLIN_500,Amoxicillin 500mg Capsules,26,227,108
2024-12-29,BR-PATNA-PHC-009,AMOXICILLIN_500,Amoxicillin 500mg Capsules,21,206,96
2024-12-30,BR-PATNA-PHC-009,AMOXICILLIN_500,Amoxicillin 500mg Capsules,26,180,110
2024-12-31,BR-PATNA-PHC-009,AMOXICILLIN_500,Amoxicillin 500mg Capsules,22,158,100
2025-01-01,BR-PATNA-PHC-009,AMOXICILLIN_500,Amoxicillin 500mg Capsules,28,434,95
2025-01-02,BR-PATNA-PHC-009,AMOXICILLIN_500,Amoxicillin 500mg Capsules,25,409,93
2025-01-03,BR-PATNA-PHC-009,AMOXICILLIN_500,Amoxicillin 500mg Capsules,23,386,104
2025-01-04,BR-PATNA-PHC-009,AMOXICILLIN_500,Amoxicillin 500mg Capsules,25,361,113
2025-01-05,BR-PATNA-PHC-009,AMOXICILLIN_500,Amoxicillin 500mg Capsules,25,336,102
2025-01-06,BR-PATNA-PHC-009,AMOXICILLIN_500,Amoxicillin 500mg Capsules,27,309,102
2025-01-07,BR-PATNA-PHC-009,AMOXICILLIN_500,Amoxicillin 500mg Capsules,28,281,104
2025-01-08,BR-PATNA-PHC-009,AMOXICILLIN_500,Amoxicillin 500mg Capsules,25,256,95
2025-01-09,BR-PATNA-PHC-009,AMOXICILLIN_500,Amoxicillin 500mg Capsules,26,230,117
2025-01-10,BR-PATNA-PHC-009,AMOXICILLIN_500,Amoxicillin 500mg Capsules,21,209,106
2025-01-11,BR-PATNA-PHC-009,AMOXICILLIN_500,Amoxicillin 500mg Capsules,27,182,107
2025-01-12,BR-PATNA-PHC-009,AMOXICILLIN_500,Amoxicillin 500mg Capsules,23,159,115
2025-01-13,BR-PATNA-PHC-009,AMOXICILLIN_500,Amoxicillin 500mg Capsules,23,481,97
2025-01-14,BR-PATNA-PHC-009,AMOXICILLIN_500,Amoxicillin 500mg Capsules,24,457,117
2025-01-15,BR-PATNA-PHC-009,AMOXICILLIN_500,Amoxicillin 500mg Capsules,26,431,117
2025-01-16,BR-PATNA-PHC-009,AMOXICILLIN_500,Amoxicillin 500mg Capsules,27,404,103
2025-01-17,BR-PATNA-PHC-009,AMOXICILLIN_500,Amoxicillin 500mg Capsules,26,378,104
2025-01-18,BR-PATNA-PHC-009,AMOXICILLIN_500,Amoxicillin 500mg Capsules,27,351,93
2025-01-19,BR-PATNA-PHC-009,AMOXICILLIN_500,Amoxicillin 500mg Capsules,28,323,103
2025-01-20,BR-PATNA-PHC-009,AMOXICILLIN_500,Amoxicillin 500mg Capsules,21,302,107
2025-01-21,BR-PATNA-PHC-009,AMOXICILLIN_500,Amoxicillin 500mg Capsules,26,276,110
2025-01-22,BR-PATNA-PHC-009,AMOXICILLIN_500,Amoxicillin 500mg Capsules,27,249,106
2025-01-23,BR-PATNA-PHC-009,AMOXICILLIN_500,Amoxicillin 500mg Capsules,28,221,100
2025-01-24,BR-PATNA-PHC-009,AMOXICILLIN_500,Amoxicillin 500mg Capsules,21,200,111
2025-01-25,BR-PATNA-PHC-009,AMOXICILLIN_500,Amoxicillin 500mg Capsules,24,176,104
2025-01-26,BR-PATNA-PHC-009,AMOXICILLIN_500,Amoxicillin 500mg Capsules,26,533,112
2025-01-27,BR-PATNA-PHC-009,AMOXICILLIN_500,Amoxicillin 500mg Capsules,27,506,99
2025-01-28,BR-PATNA-PHC-009,AMOXICILLIN_500,Amoxicillin 500mg Capsules,28,478,109
2025-01-29,BR-PATNA-PHC-009,AMOXICILLIN_500,Amoxicillin 500mg Capsules,27,451,102
2025-01-30,BR-PATNA-PHC-009,AMOXICILLIN_500,Amoxicillin 500mg Capsules,27,424,99
2025-01-31,BR-PATNA-PHC-009,AMOXICILLIN_500,Amoxicillin 500mg Capsules,28,396,107
2025-02-01,BR-PATNA-PHC-009,AMOXICILLIN_500,Amoxicillin 500mg Capsules,28,368,110
2025-02-02,BR-PATNA-PHC-009,AMOXICILLIN_500,Amoxicillin 500mg Capsules,21,347,99
2025-02-03,BR-PATNA-PHC-009,AMOXICILLIN_500,Amoxicillin 500mg Capsules,28,319,97
2025-02-04,BR-PATNA-PHC-009,AMOXICILLIN_500,Amoxicillin 500mg Capsules,23,296,95
2025-02-05,BR-PATNA-PHC-009,AMOXICILLIN_500,Amoxicillin 500mg Capsules,27,269,104
2025-02-06,BR-PATNA-PHC-009,AMOXICILLIN_500,Amoxicillin 500mg Capsules,25,244,117
2025-02-07,BR-PATNA-PHC-009,AMOXICILLIN_500,Amoxicillin 500mg Capsules,21,223,114
2025-02-08,BR-PATNA-PHC-009,AMOXICILLIN_500,Amoxicillin 500mg Capsules,23,200,104
2025-02-09,BR-PATNA-PHC-009,AMOXICILLIN_500,Amoxicillin 500mg Capsules,28,172,113
2025-02-10,BR-PATNA-PHC-009,AMOXICILLIN_500,Amoxicillin 500mg Capsules,27,145,101
2025-02-11,BR-PATNA-PHC-009,AMOXICILLIN_500,Amoxicillin 500mg Capsules,22,123,117
2025-02-12,BR-PATNA-PHC-009,AMOXICILLIN_500,Amoxicillin 500mg Capsules,27,96,102
2025-02-13,BR-PATNA-PHC-009,AMOXICILLIN_500,Amoxicillin 500mg Capsules,26,70,95
2025-02-14,BR-PATNA-PHC-009,AMOXICILLIN_500,Amoxicillin 500mg Capsules,23,47,96
2025-02-15,BR-PATNA-PHC-009,AMOXICILLIN_500,Amoxicillin 500mg Capsules,26,21,111
2024-11-18,BR-PATNA-PHC-009,AZITHROMYCIN_500,Azithromycin 500mg Tablets,17,314,100
2024-11-19,BR-PATNA-PHC-009,AZITHROMYCIN_500,Azithromycin 500mg Tablets,17,297,99
2024-11-20,BR-PATNA-PHC-009,AZITHROMYCIN_500,Azithromycin 500mg Tablets,11,286,117
2024-11-21,BR-PATNA-PHC-009,AZITHROMYCIN_500,Azithromycin 500mg Tablets,16,270,111
2024-11-22,BR-PATNA-PHC-009,AZITHROMYCIN_500,Azithromycin 500mg Tablets,17,253,103
2024-11-23,BR-PATNA-PHC-009,AZITHROMYCIN_500,Azithromycin 500mg Tablets,14,239,108
2024-11-24,BR-PATNA-PHC-009,AZITHROMYCIN_500,Azithromycin 500mg Tablets,17,222,107
2024-11-25,BR-PATNA-PHC-009,AZITHROMYCIN_500,Azithromycin 500mg Tablets,18,204,101
2024-11-26,BR-PATNA-PHC-009,AZITHROMYCIN_500,Azithromycin 500mg Tablets,17,187,108
2024-11-27,BR-PATNA-PHC-009,AZITHROMYCIN_500,Azithromycin 500mg Tablets,11,176,93
2024-11-28,BR-PATNA-PHC-009,AZITHROMYCIN_500,Azithromycin 500mg Tablets,18,158,104
2024-11-29,BR-PATNA-PHC-009,AZITHROMYCIN_500,Azithromycin 500mg Tablets,17,141,116
2024-11-30,BR-PATNA-PHC-009,AZITHROMYCIN_500,Azithromycin 500mg Tablets,14,127,110
2024-12-01,BR-PATNA-PHC-009,AZITHROMYCIN_500,Azithromycin 500mg Tablets,15,112,96
2024-12-02,BR-PATNA-PHC-009,AZITHROMYCIN_500,Azithromycin 500mg Tablets,13,99,104
2024-12-03,BR-PATNA-PHC-009,AZITHROMYCIN_500,Azithromycin 500mg Tablets,17,82,108
2024-12-04,BR-PATNA-PHC-009,AZITHROMYCIN_500,Azithromycin 500mg Tablets,12,250,105
2024-12-05,BR-PATNA-PHC-009,AZITHROMYCIN_500,Azithromycin 500mg Tablets,12,238,100
2024-12-06,BR-PATNA-PHC-009,AZITHROMYCIN_500,Azithromycin 500mg Tablets,12,226,116
2024-12-07,BR-PATNA-PHC-009,AZITHROMYCIN_500,Azithromycin 500mg Tablets,15,211,104
2024-12-08,BR-PATNA-PHC-009,AZITHROMYCIN_500,Azithromycin 500mg Tablets,15,196,113
2024-12-09,BR-PATNA-PHC-009,AZITHROMYCIN_500,Azithromycin 500mg Tablets,13,183,117
2024-12-10,BR-PATNA-PHC-009,AZITHROMYCIN_500,Azithromycin 500mg Tablets,13,170,111
2024-12-11,BR-PATNA-PHC-009,AZITHROMYCIN_500,Azithromycin 500mg Tablets,18,152,114
2024-12-12,BR-PATNA-PHC-009,AZITHROMYCIN_500,Azithromycin 500mg Tablets,13,139,103
2024-12-13,BR-PATNA-PHC-009,AZITHROMYCIN_500,Azithromycin 500mg Tablets,11,128,97
2024-12-14,BR-PATNA-PHC-009,AZITHROMYCIN_500,Azithromycin 500mg Tablets,18,110,101
2024-12-15,BR-PATNA-PHC-009,AZITHROMYCIN_500,Azithromycin 500mg Tablets,12,98,114
2024-12-16,BR-PATNA-PHC-009,AZITHROMYCIN_500,Azithromycin 500mg Tablets,15,83,100
2024-12-17,BR-PATNA-PHC-009,AZITHROMYCIN_500,Azithromycin 500mg Tablets,25,316,114
2024-12-18,BR-PATNA-PHC-009,AZITHROMYCIN_500,Azithromycin 500mg Tablets,24,292,120
2024-12-19,BR-PATNA-PHC-009,AZITHROMYCIN_500,Azithromycin 500mg Tablets,22,270,113
2024-12-20,BR-PATNA-PHC-009,AZITHROMYCIN_500,Azithromycin 500mg Tablets,27,243,121
2024-12-21,BR-PATNA-PHC-009,AZITHROMYCIN_500,Azithromycin 500mg Tablets,26,217,114
2024-12-22,BR-PATNA-PHC-009,AZITHROMYCIN_500,Azithromycin 500mg Tablets,31,186,112
2024-12-23,BR-PATNA-PHC-009,AZITHROMYCIN_500,Azithromycin 500mg Tablets,28,158,128
2024-12-24,BR-PATNA-PHC-009,AZITHROMYCIN_500,Azithromycin 500mg Tablets,38,120,120
2024-12-25,BR-PATNA-PHC-009,AZITHROMYCIN_500,Azithromycin 500mg Tablets,37,83,118
2024-12-26,BR-PATNA-PHC-009,AZITHROMYCIN_500,Azithromycin 500mg Tablets,27,285,119
2024-12-27,BR-PATNA-PHC-009,AZITHROMYCIN_500,Azithromycin 500mg Tablets,31,254,127
2024-12-28,BR-PATNA-PHC-009,AZITHROMYCIN_500,Azithromycin 500mg Tablets,21,233,110
2024-12-29,BR-PATNA-PHC-009,AZITHROMYCIN_500,Azithromycin 500mg Tablets,20,213,115
2024-12-30,BR-PATNA-PHC-009,AZITHROMYCIN_500,Azithromycin 500mg Tablets,35,178,124
2024-12-31,BR-PATNA-PHC-009,AZITHROMYCIN_500,Azithromycin 500mg Tablets,22,156,132
2025-01-01,BR-PATNA-PHC-009,AZITHROMYCIN_500,Azithromycin 500mg Tablets,32,124,126
2025-01-02,BR-PATNA-PHC-009,AZITHROMYCIN_500,Azithromycin 500mg Tablets,34,90,131
2025-01-03,BR-PATNA-PHC-009,AZITHROMYCIN_500,Azithromycin 500mg Tablets,25,276,130
2025-01-04,BR-PATNA-PHC-009,AZITHROMYCIN_500,Azithromycin 500mg Tablets,36,240,110
2025-01-05,BR-PATNA-PHC-009,AZITHROMYCIN_500,Azithromycin 500mg Tablets,23,217,128
2025-01-06,BR-PATNA-PHC-009,AZITHROMYCIN_500,Azithromycin 500mg Tablets,28,189,123
2025-01-07,BR-PATNA-PHC-009,AZITHROMYCIN_500,Azithromycin 500mg Tablets,39,150,109
2025-01-08,BR-PATNA-PHC-009,AZITHROMYCIN_500,Azithromycin 500mg Tablets,25,125,128
2025-01-09,BR-PATNA-PHC-009,AZITHROMYCIN_500,Azithromycin 500mg Tablets,27,98,117
2025-01-10,BR-PATNA-PHC-009,AZITHROMYCIN_500,Azithromycin 500mg Tablets,39,59,126
2025-01-11,BR-PATNA-PHC-009,AZITHROMYCIN_500,Azithromycin 500mg Tablets,23,231,126
2025-01-12,BR-PATNA-PHC-009,AZITHROMYCIN_500,Azithromycin 500mg Tablets,18,213,93
2025-01-13,BR-PATNA-PHC-009,AZITHROMYCIN_500,Azithromycin 500mg Tablets,14,199,93
2025-01-14,BR-PATNA-PHC-009,AZITHROMYCIN_500,Azithromycin 500mg Tablets,11,188,110
2025-01-15,BR-PATNA-PHC-009,AZITHROMYCIN_500,Azithromycin 500mg Tablets,16,172,114
2025-01-16,BR-PATNA-PHC-009,AZITHROMYCIN_500,Azithromycin 500mg Tablets,15,157,99
2025-01-17,BR-PATNA-PHC-009,AZITHROMYCIN_500,Azithromycin 500mg Tablets,12,145,98
2025-01-18,BR-PATNA-PHC-009,AZITHROMYCIN_500,Azithromycin 500mg Tablets,18,127,112
2025-01-19,BR-PATNA-PHC-009,AZITHROMYCIN_500,Azithromycin 500mg Tablets,13,114,100
2025-01-20,BR-PATNA-PHC-009,AZITHROMYCIN_500,Azithromycin 500mg Tablets,18,96,96
2025-01-21,BR-PATNA-PHC-009,AZITHROMYCIN_500,Azithromycin 500mg Tablets,15,81,96
2025-01-22,BR-PATNA-PHC-009,AZITHROMYCIN_500,Azithromycin 500mg Tablets,13,284,106
2025-01-23,BR-PATNA-PHC-009,AZITHROMYCIN_500,Azithromycin 500mg Tablets,18,266,111
2025-01-24,BR-PATNA-PHC-009,AZITHROMYCIN_500,Azithromycin 500mg Tablets,15,251,100
2025-01-25,BR-PATNA-PHC-009,AZITHROMYCIN_500,Azithromycin 500mg Tablets,16,235,95
2025-01-26,BR-PATNA-PHC-009,AZITHROMYCIN_500,Azithromycin 500mg Tablets,14,221,93
2025-01-27,BR-PATNA-PHC-009,AZITHROMYCIN_500,Azithromycin 500mg Tablets,15,206,102
2025-01-28,BR-PATNA-PHC-009,AZITHROMYCIN_500,Azithromycin 500mg Tablets,12,194,107
2025-01-29,BR-PATNA-PHC-009,AZITHROMYCIN_500,Azithromycin 500mg Tablets,17,177,97
2025-01-30,BR-PATNA-PHC-009,AZITHROMYCIN_500,Azithromycin 500mg Tablets,11,166,109
2025-01-31,BR-PATNA-PHC-009,AZITHROMYCIN_500,Azithromycin 500mg Tablets,14,152,104
2025-02-01,BR-PATNA-PHC-009,AZITHROMYCIN_500,Azithromycin 500mg Tablets,17,135,114
2025-02-02,BR-PATNA-PHC-009,AZITHROMYCIN_500,Azithromycin 500mg Tablets,12,123,112
2025-02-03,BR-PATNA-PHC-009,AZITHROMYCIN_500,Azithromycin 500mg Tablets,14,109,111
2025-02-04,BR-PATNA-PHC-009,AZITHROMYCIN_500,Azithromycin 500mg Tablets,13,96,117
2025-02-05,BR-PATNA-PHC-009,AZITHROMYCIN_500,Azithromycin 500mg Tablets,11,85,103
2025-02-06,BR-PATNA-PHC-009,AZITHROMYCIN_500,Azithromycin 500mg Tablets,15,278,112
2025-02-07,BR-PATNA-PHC-009,AZITHROMYCIN_500,Azithromycin 500mg Tablets,16,262,109
2025-02-08,BR-PATNA-PHC-009,AZITHROMYCIN_500,Azithromycin 500mg Tablets,15,247,96
2025-02-09,BR-PATNA-PHC-009,AZITHROMYCIN_500,Azithromycin 500mg Tablets,13,234,114
2025-02-10,BR-PATNA-PHC-009,AZITHROMYCIN_500,Azithromycin 500mg Tablets,17,217,106
2025-02-11,BR-PATNA-PHC-009,AZITHROMYCIN_500,Azithromycin 500mg Tablets,14,203,96
2025-02-12,BR-PATNA-PHC-009,AZITHROMYCIN_500,Azithromycin 500mg Tablets,12,191,115
2025-02-13,BR-PATNA-PHC-009,AZITHROMYCIN_500,Azithromycin 500mg Tablets,11,180,114
2025-02-14,BR-PATNA-PHC-009,AZITHROMYCIN_500,Azithromycin 500mg Tablets,12,168,100
2025-02-15,BR-PATNA-PHC-009,AZITHROMYCIN_500,Azithromycin 500mg Tablets,11,157,104
2024-11-18,BR-PATNA-PHC-009,METFORMIN_500,Metformin 500mg Tablets,18,400,101
2024-11-19,BR-PATNA-PHC-009,METFORMIN_500,Metformin 500mg Tablets,23,377,111
2024-11-20,BR-PATNA-PHC-009,METFORMIN_500,Metformin 500mg Tablets,19,358,105
2024-11-21,BR-PATNA-PHC-009,METFORMIN_500,Metformin 500mg Tablets,21,337,112
2024-11-22,BR-PATNA-PHC-009,METFORMIN_500,Metformin 500mg Tablets,21,316,110
2024-11-23,BR-PATNA-PHC-009,METFORMIN_500,Metformin 500mg Tablets,21,295,95
2024-11-24,BR-PATNA-PHC-009,METFORMIN_500,Metformin 500mg Tablets,23,272,108
2024-11-25,BR-PATNA-PHC-009,METFORMIN_500,Metformin 500mg Tablets,25,247,105
2024-11-26,BR-PATNA-PHC-009,METFORMIN_500,Metformin 500mg Tablets,20,227,105
2024-11-27,BR-PATNA-PHC-009,METFORMIN_500,Metformin 500mg Tablets,18,209,115
2024-11-28,BR-PATNA-PHC-009,METFORMIN_500,Metformin 500mg Tablets,24,185,102
2024-11-29,BR-PATNA-PHC-009,METFORMIN_500,Metformin 500mg Tablets,22,163,107
2024-11-30,BR-PATNA-PHC-009,METFORMIN_500,Metformin 500mg Tablets,21,142,97
2024-12-01,BR-PATNA-PHC-009,METFORMIN_500,Metformin 500mg Tablets,18,369,110
2024-12-02,BR-PATNA-PHC-009,METFORMIN_500,Metformin 500mg Tablets,25,344,98
2024-12-03,BR-PATNA-PHC-009,METFORMIN_500,Metformin 500mg Tablets,20,324,107
2024-12-04,BR-PATNA-PHC-009,METFORMIN_500,Metformin 500mg Tablets,24,300,107
2024-12-05,BR-PATNA-PHC-009,METFORMIN_500,Metformin 500mg Tablets,24,276,99
2024-12-06,BR-PATNA-PHC-009,METFORMIN_500,Metformin 500mg Tablets,19,257,105
2024-12-07,BR-PATNA-PHC-009,METFORMIN_500,Metformin 500mg Tablets,18,239,109
2024-12-08,BR-PATNA-PHC-009,METFORMIN_500,Metformin 500mg Tablets,18,221,115
2024-12-09,BR-PATNA-PHC-009,METFORMIN_500,Metformin 500mg Tablets,19,202,110
2024-12-10,BR-PATNA-PHC-009,METFORMIN_500,Metformin 500mg Tablets,23,179,100
2024-12-11,BR-PATNA-PHC-009,METFORMIN_500,Metformin 500mg Tablets,25,154,104
2024-12-12,BR-PATNA-PHC-009,METFORMIN_500,Metformin 500mg Tablets,20,134,100
2024-12-13,BR-PATNA-PHC-009,METFORMIN_500,Metformin 500mg Tablets,24,440,97
2024-12-14,BR-PATNA-PHC-009,METFORMIN_500,Metformin 500mg Tablets,24,416,95
2024-12-15,BR-PATNA-PHC-009,METFORMIN_500,Metformin 500mg Tablets,19,397,112
2024-12-16,BR-PATNA-PHC-009,METFORMIN_500,Metformin 500mg Tablets,20,377,94
2024-12-17,BR-PATNA-PHC-009,METFORMIN_500,Metformin 500mg Tablets,18,359,109
2024-12-18,BR-PATNA-PHC-009,METFORMIN_500,Metformin 500mg Tablets,23,336,103
2024-12-19,BR-PATNA-PHC-009,METFORMIN_500,Metformin 500mg Tablets,25,311,101
2024-12-20,BR-PATNA-PHC-009,METFORMIN_500,Metformin 500mg Tablets,21,290,103
2024-12-21,BR-PATNA-PHC-009,METFORMIN_500,Metformin 500mg Tablets,18,272,109
2024-12-22,BR-PATNA-PHC-009,METFORMIN_500,Metformin 500mg Tablets,25,247,107
2024-12-23,BR-PATNA-PHC-009,METFORMIN_500,Metformin 500mg Tablets,20,227,97
2024-12-24,BR-PATNA-PHC-009,METFORMIN_500,Metformin 500mg Tablets,25,202,96
2024-12-25,BR-PATNA-PHC-009,METFORMIN_500,Metformin 500mg Tablets,21,181,99
2024-12-26,BR-PATNA-PHC-009,METFORMIN_500,Metformin 500mg Tablets,21,160,113
2024-12-27,BR-PATNA-PHC-009,METFORMIN_500,Metformin 500mg Tablets,20,140,96
2024-12-28,BR-PATNA-PHC-009,METFORMIN_500,Metformin 500mg Tablets,25,382,109
2024-12-29,BR-PATNA-PHC-009,METFORMIN_500,Metformin 500mg Tablets,18,364,110
2024-12-30,BR-PATNA-PHC-009,METFORMIN_500,Metformin 500mg Tablets,19,345,108
2024-12-31,BR-PATNA-PHC-009,METFORMIN_500,Metformin 500mg Tablets,18,327,114
2025-01-01,BR-PATNA-PHC-009,METFORMIN_500,Metformin 500mg Tablets,25,302,96
2025-01-02,BR-PATNA-PHC-009,METFORMIN_500,Metformin 500mg Tablets,21,281,113
2025-01-03,BR-PATNA-PHC-009,METFORMIN_500,Metformin 500mg Tablets,25,256,94
2025-01-04,BR-PATNA-PHC-009,METFORMIN_500,Metformin 500mg Tablets,24,232,116
2025-01-05,BR-PATNA-PHC-009,METFORMIN_500,Metformin 500mg Tablets,21,211,102
2025-01-06,BR-PATNA-PHC-009,METFORMIN_500,Metformin 500mg Tablets,18,193,99
2025-01-07,BR-PATNA-PHC-009,METFORMIN_500,Metformin 500mg Tablets,21,172,114
2025-01-08,BR-PATNA-PHC-009,METFORMIN_500,Metformin 500mg Tablets,20,152,114
2025-01-09,BR-PATNA-PHC-009,METFORMIN_500,Metformin 500mg Tablets,21,131,104
2025-01-10,BR-PATNA-PHC-009,METFORMIN_500,Metformin 500mg Tablets,24,381,93
2025-01-11,BR-PATNA-PHC-009,METFORMIN_500,Metformin 500mg Tablets,22,359,101
2025-01-12,BR-PATNA-PHC-009,METFORMIN_500,Metformin 500mg Tablets,25,334,112
2025-01-13,BR-PATNA-PHC-009,METFORMIN_500,Metformin 500mg Tablets,19,315,113
2025-01-14,BR-PATNA-PHC-009,METFORMIN_500,Metformin 500mg Tablets,21,294,95
2025-01-15,BR-PATNA-PHC-009,METFORMIN_500,Metformin 500mg Tablets,25,269,101
2025-01-16,BR-PATNA-PHC-009,METFORMIN_500,Metformin 500mg Tablets,25,244,111
2025-01-17,BR-PATNA-PHC-009,METFORMIN_500,Metformin 500mg Tablets,22,222,100
2025-01-18,BR-PATNA-PHC-009,METFORMIN_500,Metformin 500mg Tablets,23,199,94
2025-01-19,BR-PATNA-PHC-009,METFORMIN_500,Metformin 500mg Tablets,25,174,106
2025-01-20,BR-PATNA-PHC-009,METFORMIN_500,Metformin 500mg Tablets,19,155,106
2025-01-21,BR-PATNA-PHC-009,METFORMIN_500,Metformin 500mg Tablets,23,132,107
2025-01-22,BR-PATNA-PHC-009,METFORMIN_500,Metformin 500mg Tablets,23,428,114
2025-01-23,BR-PATNA-PHC-009,METFORMIN_500,Metformin 500mg Tablets,19,409,101
2025-01-24,BR-PATNA-PHC-009,METFORMIN_500,Metformin 500mg Tablets,22,387,115
2025-01-25,BR-PATNA-PHC-009,METFORMIN_500,Metformin 500mg Tablets,21,366,109
2025-01-26,BR-PATNA-PHC-009,METFORMIN_500,Metformin 500mg Tablets,22,344,105
2025-01-27,BR-PATNA-PHC-009,METFORMIN_500,Metformin 500mg Tablets,21,323,102
2025-01-28,BR-PATNA-PHC-009,METFORMIN_500,Metformin 500mg Tablets,25,298,111
2025-01-29,BR-PATNA-PHC-009,METFORMIN_500,Metformin 500mg Tablets,18,280,95
2025-01-30,BR-PATNA-PHC-009,METFORMIN_500,Metformin 500mg Tablets,18,262,105
2025-01-31,BR-PATNA-PHC-009,METFORMIN_500,Metformin 500mg Tablets,22,240,103
2025-02-01,BR-PATNA-PHC-009,METFORMIN_500,Metformin 500mg Tablets,25,215,111
2025-02-02,BR-PATNA-PHC-009,METFORMIN_500,Metformin 500mg Tablets,21,194,113
2025-02-03,BR-PATNA-PHC-009,METFORMIN_500,Metformin 500mg Tablets,20,174,101
2025-02-04,BR-PATNA-PHC-009,METFORMIN_500,Metformin 500mg Tablets,23,151,111
2025-02-05,BR-PATNA-PHC-009,METFORMIN_500,Metformin 500mg Tablets,24,127,106
2025-02-06,BR-PATNA-PHC-009,METFORMIN_500,Metformin 500mg Tablets,21,439,114
2025-02-07,BR-PATNA-PHC-009,METFORMIN_500,Metformin 500mg Tablets,25,414,114
2025-02-08,BR-PATNA-PHC-009,METFORMIN_500,Metformin 500mg Tablets,22,392,93
2025-02-09,BR-PATNA-PHC-009,METFORMIN_500,Metformin 500mg Tablets,20,372,103
2025-02-10,BR-PATNA-PHC-009,METFORMIN_500,Metformin 500mg Tablets,24,348,100
2025-02-11,BR-PATNA-PHC-009,METFORMIN_500,Metformin 500mg Tablets,20,328,103
2025-02-12,BR-PATNA-PHC-009,METFORMIN_500,Metformin 500mg Tablets,20,308,113
2025-02-13,BR-PATNA-PHC-009,METFORMIN_500,Metformin 500mg Tablets,23,285,98
2025-02-14,BR-PATNA-PHC-009,METFORMIN_500,Metformin 500mg Tablets,22,263,97
2025-02-15,BR-PATNA-PHC-009,METFORMIN_500,Metformin 500mg Tablets,20,243,96
2024-11-18,BR-PATNA-PHC-009,INSULIN_REGULAR,Insulin Regular (100IU/ml),6,155,96
2024-11-19,BR-PATNA-PHC-009,INSULIN_REGULAR,Insulin Regular (100IU/ml),3,152,95
2024-11-20,BR-PATNA-PHC-009,INSULIN_REGULAR,Insulin Regular (100IU/ml),3,149,117
2024-11-21,BR-PATNA-PHC-009,INSULIN_REGULAR,Insulin Regular (100IU/ml),6,143,103
2024-11-22,BR-PATNA-PHC-009,INSULIN_REGULAR,Insulin Regular (100IU/ml),8,135,113
2024-11-23,BR-PATNA-PHC-009,INSULIN_REGULAR,Insulin Regular (100IU/ml),8,127,96
2024-11-24,BR-PATNA-PHC-009,INSULIN_REGULAR,Insulin Regular (100IU/ml),1,126,94
2024-11-25,BR-PATNA-PHC-009,INSULIN_REGULAR,Insulin Regular (100IU/ml),5,121,112
2024-11-26,BR-PATNA-PHC-009,INSULIN_REGULAR,Insulin Regular (100IU/ml),8,113,116
2024-11-27,BR-PATNA-PHC-009,INSULIN_REGULAR,Insulin Regular (100IU/ml),8,105,110
2024-11-28,BR-PATNA-PHC-009,INSULIN_REGULAR,Insulin Regular (100IU/ml),7,98,105
2024-11-29,BR-PATNA-PHC-009,INSULIN_REGULAR,Insulin Regular (100IU/ml),1,97,111
2024-11-30,BR-PATNA-PHC-009,INSULIN_REGULAR,Insulin Regular (100IU/ml),7,90,99
2024-12-01,BR-PATNA-PHC-009,INSULIN_REGULAR,Insulin Regular (100IU/ml),6,84,110
2024-12-02,BR-PATNA-PHC-009,INSULIN_REGULAR,Insulin Regular (100IU/ml),4,80,109
2024-12-03,BR-PATNA-PHC-009,INSULIN_REGULAR,Insulin Regular (100IU/ml),6,74,104
2024-12-04,BR-PATNA-PHC-009,INSULIN_REGULAR,Insulin Regular (100IU/ml),1,73,117
2024-12-05,BR-PATNA-PHC-009,INSULIN_REGULAR,Insulin Regular (100IU/ml),8,65,99
2024-12-06,BR-PATNA-PHC-009,INSULIN_REGULAR,Insulin Regular (100IU/ml),2,63,111
2024-12-07,BR-PATNA-PHC-009,INSULIN_REGULAR,Insulin Regular (100IU/ml),2,61,103
2024-12-08,BR-PATNA-PHC-009,INSULIN_REGULAR,Insulin Regular (100IU/ml),4,57,104
2024-12-09,BR-PATNA-PHC-009,INSULIN_REGULAR,Insulin Regular (100IU/ml),7,50,108
2024-12-10,BR-PATNA-PHC-009,INSULIN_REGULAR,Insulin Regular (100IU/ml),8,42,98
2024-12-11,BR-PATNA-PHC-009,INSULIN_REGULAR,Insulin Regular (100IU/ml),6,36,101
2024-12-12,BR-PATNA-PHC-009,INSULIN_REGULAR,Insulin Regular (100IU/ml),1,35,104
2024-12-13,BR-PATNA-PHC-009,INSULIN_REGULAR,Insulin Regular (100IU/ml),8,154,97
2024-12-14,BR-PATNA-PHC-009,INSULIN_REGULAR,Insulin Regular (100IU/ml),7,147,114
2024-12-15,BR-PATNA-PHC-009,INSULIN_REGULAR,Insulin Regular (100IU/ml),8,139,97
2024-12-16,BR-PATNA-PHC-009,INSULIN_REGULAR,Insulin Regular (100IU/ml),8,131,94
2024-12-17,BR-PATNA-PHC-009,INSULIN_REGULAR,Insulin Regular (100IU/ml),5,126,93
2024-12-18,BR-PATNA-PHC-009,INSULIN_REGULAR,Insulin Regular (100IU/ml),2,124,96
2024-12-19,BR-PATNA-PHC-009,INSULIN_REGULAR,Insulin Regular (100IU/ml),1,123,112
2024-12-20,BR-PATNA-PHC-009,INSULIN_REGULAR,Insulin Regular (100IU/ml),6,117,101
2024-12-21,BR-PATNA-PHC-009,INSULIN_REGULAR,Insulin Regular (100IU/ml),6,111,108
2024-12-22,BR-PATNA-PHC-009,INSULIN_REGULAR,Insulin Regular (100IU/ml),3,108,115
2024-12-23,BR-PATNA-PHC-009,INSULIN_REGULAR,Insulin Regular (100IU/ml),3,105,101
2024-12-24,BR-PATNA-PHC-009,INSULIN_REGULAR,Insulin Regular (100IU/ml),1,104,116
2024-12-25,BR-PATNA-PHC-009,INSULIN_REGULAR,Insulin Regular (100IU/ml),3,101,97
2024-12-26,BR-PATNA-PHC-009,INSULIN_REGULAR,Insulin Regular (100IU/ml),1,100,102
2024-12-27,BR-PATNA-PHC-009,INSULIN_REGULAR,Insulin Regular (100IU/ml),4,96,95
2024-12-28,BR-PATNA-PHC-009,INSULIN_REGULAR,Insulin Regular (100IU/ml),8,88,113
2024-12-29,BR-PATNA-PHC-009,INSULIN_REGULAR,Insulin Regular (100IU/ml),2,86,107
2024-12-30,BR-PATNA-PHC-009,INSULIN_REGULAR,Insulin Regular (100IU/ml),3,83,101
2024-12-31,BR-PATNA-PHC-009,INSULIN_REGULAR,Insulin Regular (100IU/ml),1,82,96
2025-01-01,BR-PATNA-PHC-009,INSULIN_REGULAR,Insulin Regular (100IU/ml),5,77,109
2025-01-02,BR-PATNA-PHC-009,INSULIN_REGULAR,Insulin Regular (100IU/ml),8,69,98
2025-01-03,BR-PATNA-PHC-009,INSULIN_REGULAR,Insulin Regular (100IU/ml),2,67,104
2025-01-04,BR-PATNA-PHC-009,INSULIN_REGULAR,Insulin Regular (100IU/ml),2,65,96
2025-01-05,BR-PATNA-PHC-009,INSULIN_REGULAR,Insulin Regular (100IU/ml),4,61,117
2025-01-06,BR-PATNA-PHC-009,INSULIN_REGULAR,Insulin Regular (100IU/ml),6,55,115
2025-01-07,BR-PATNA-PHC-009,INSULIN_REGULAR,Insulin Regular (100IU/ml),3,52,108
2025-01-08,BR-PATNA-PHC-009,INSULIN_REGULAR,Insulin Regular (100IU/ml),4,48,105
2025-01-09,BR-PATNA-PHC-009,INSULIN_REGULAR,Insulin Regular (100IU/ml),8,40,115
2025-01-10,BR-PATNA-PHC-009,INSULIN_REGULAR,Insulin Regular (100IU/ml),5,35,94
2025-01-11,BR-PATNA-PHC-009,INSULIN_REGULAR,Insulin Regular (100IU/ml),1,140,99
2025-01-12,BR-PATNA-PHC-009,INSULIN_REGULAR,Insulin Regular (100IU/ml),4,136,117
2025-01-13,BR-PATNA-PHC-009,INSULIN_REGULAR,Insulin Regular (100IU/ml),3,133,117
2025-01-14,BR-PATNA-PHC-009,INSULIN_REGULAR,Insulin Regular (100IU/ml),4,129,93
2025-01-15,BR-PATNA-PHC-009,INSULIN_REGULAR,Insulin Regular (100IU/ml),6,123,104
2025-01-16,BR-PATNA-PHC-009,INSULIN_REGULAR,Insulin Regular (100IU/ml),3,120,93
2025-01-17,BR-PATNA-PHC-009,INSULIN_REGULAR,Insulin Regular (100IU/ml),3,117,114
2025-01-18,BR-PATNA-PHC-009,INSULIN_REGULAR,Insulin Regular (100IU/ml),4,113,108
2025-01-19,BR-PATNA-PHC-009,INSULIN_REGULAR,Insulin Regular (100IU/ml),3,110,111
2025-01-20,BR-PATNA-PHC-009,INSULIN_REGULAR,Insulin Regular (100IU/ml),3,107,105
2025-01-21,BR-PATNA-PHC-009,INSULIN_REGULAR,Insulin Regular (100IU/ml),1,106,112
2025-01-22,BR-PATNA-PHC-009,INSULIN_REGULAR,Insulin Regular (100IU/ml),8,98,101
2025-01-23,BR-PATNA-PHC-009,INSULIN_REGULAR,Insulin Regular (100IU/ml),7,91,116
2025-01-24,BR-PATNA-PHC-009,INSULIN_REGULAR,Insulin Regular (100IU/ml),4,87,107
2025-01-25,BR-PATNA-PHC-009,INSULIN_REGULAR,Insulin Regular (100IU/ml),7,80,95
2025-01-26,BR-PATNA-PHC-009,INSULIN_REGULAR,Insulin Regular (100IU/ml),3,77,94
2025-01-27,BR-PATNA-PHC-009,INSULIN_REGULAR,Insulin Regular (100IU/ml),8,69,104
2025-01-28,BR-PATNA-PHC-009,INSULIN_REGULAR,Insulin Regular (100IU/ml),6,63,103
2025-01-29,BR-PATNA-PHC-009,INSULIN_REGULAR,Insulin Regular (100IU/ml),8,55,100
2025-01-30,BR-PATNA-PHC-009,INSULIN_REGULAR,Insulin Regular (100IU/ml),3,52,116
2025-01-31,BR-PATNA-PHC-009,INSULIN_REGULAR,Insulin Regular (100IU/ml),4,48,94
2025-02-01,BR-PATNA-PHC-009,INSULIN_REGULAR,Insulin Regular (100IU/ml),5,43,116
2025-02-02,BR-PATNA-PHC-009,INSULIN_REGULAR,Insulin Regular (100IU/ml),4,39,93
2025-02-03,BR-PATNA-PHC-009,INSULIN_REGULAR,Insulin Regular (100IU/ml),4,35,96
2025-02-04,BR-PATNA-PHC-009,INSULIN_REGULAR,Insulin Regular (100IU/ml),7,167,100
2025-02-05,BR-PATNA-PHC-009,INSULIN_REGULAR,Insulin Regular (100IU/ml),6,161,104
2025-02-06,BR-PATNA-PHC-009,INSULIN_REGULAR,Insulin Regular (100IU/ml),5,156,100
2025-02-07,BR-PATNA-PHC-009,INSULIN_REGULAR,Insulin Regular (100IU/ml),5,151,103
2025-02-08,BR-PATNA-PHC-009,INSULIN_REGULAR,Insulin Regular (100IU/ml),6,145,113
2025-02-09,BR-PATNA-PHC-009,INSULIN_REGULAR,Insulin Regular (100IU/ml),4,141,99
2025-02-10,BR-PATNA-PHC-009,INSULIN_REGULAR,Insulin Regular (100IU/ml),2,139,112
2025-02-11,BR-PATNA-PHC-009,INSULIN_REGULAR,Insulin Regular (100IU/ml),3,136,112
2025-02-12,BR-PATNA-PHC-009,INSULIN_REGULAR,Insulin Regular (100IU/ml),5,131,97
2025-02-13,BR-PATNA-PHC-009,INSULIN_REGULAR,Insulin Regular (100IU/ml),7,124,107
2025-02-14,BR-PATNA-PHC-009,INSULIN_REGULAR,Insulin Regular (100IU/ml),4,120,117
2025-02-15,BR-PATNA-PHC-009,INSULIN_REGULAR,Insulin Regular (100IU/ml),7,113,95
2024-11-18,BR-PATNA-PHC-009,RABIES_VACCINE,Anti-Rabies Vaccine (ARV),7,109,103
2024-11-19,BR-PATNA-PHC-009,RABIES_VACCINE,Anti-Rabies Vaccine (ARV),5,104,106
2024-11-20,BR-PATNA-PHC-009,RABIES_VACCINE,Anti-Rabies Vaccine (ARV),1,103,112
2024-11-21,BR-PATNA-PHC-009,RABIES_VACCINE,Anti-Rabies Vaccine (ARV),6,97,94
2024-11-22,BR-PATNA-PHC-009,RABIES_VACCINE,Anti-Rabies Vaccine (ARV),1,96,104
2024-11-23,BR-PATNA-PHC-009,RABIES_VACCINE,Anti-Rabies Vaccine (ARV),2,94,93
2024-11-24,BR-PATNA-PHC-009,RABIES_VACCINE,Anti-Rabies Vaccine (ARV),1,93,115
2024-11-25,BR-PATNA-PHC-009,RABIES_VACCINE,Anti-Rabies Vaccine (ARV),2,91,113
2024-11-26,BR-PATNA-PHC-009,RABIES_VACCINE,Anti-Rabies Vaccine (ARV),2,89,100
2024-11-27,BR-PATNA-PHC-009,RABIES_VACCINE,Anti-Rabies Vaccine (ARV),6,83,96
2024-11-28,BR-PATNA-PHC-009,RABIES_VACCINE,Anti-Rabies Vaccine (ARV),4,79,111
2024-11-29,BR-PATNA-PHC-009,RABIES_VACCINE,Anti-Rabies Vaccine (ARV),2,77,113
2024-11-30,BR-PATNA-PHC-009,RABIES_VACCINE,Anti-Rabies Vaccine (ARV),1,76,94
2024-12-01,BR-PATNA-PHC-009,RABIES_VACCINE,Anti-Rabies Vaccine (ARV),2,74,111
2024-12-02,BR-PATNA-PHC-009,RABIES_VACCINE,Anti-Rabies Vaccine (ARV),2,72,103
2024-12-03,BR-PATNA-PHC-009,RABIES_VACCINE,Anti-Rabies Vaccine (ARV),7,65,117
2024-12-04,BR-PATNA-PHC-009,RABIES_VACCINE,Anti-Rabies Vaccine (ARV),1,64,108
2024-12-05,BR-PATNA-PHC-009,RABIES_VACCINE,Anti-Rabies Vaccine (ARV),5,59,116
2024-12-06,BR-PATNA-PHC-009,RABIES_VACCINE,Anti-Rabies Vaccine (ARV),1,58,110
2024-12-07,BR-PATNA-PHC-009,RABIES_VACCINE,Anti-Rabies Vaccine (ARV),3,55,97
2024-12-08,BR-PATNA-PHC-009,RABIES_VACCINE,Anti-Rabies Vaccine (ARV),1,54,117
2024-12-09,BR-PATNA-PHC-009,RABIES_VACCINE,Anti-Rabies Vaccine (ARV),7,47,110
2024-12-10,BR-PATNA-PHC-009,RABIES_VACCINE,Anti-Rabies Vaccine (ARV),3,44,100
2024-12-11,BR-PATNA-PHC-009,RABIES_VACCINE,Anti-Rabies Vaccine (ARV),5,39,111
2024-12-12,BR-PATNA-PHC-009,RABIES_VACCINE,Anti-Rabies Vaccine (ARV),5,34,99
2024-12-13,BR-PATNA-PHC-009,RABIES_VACCINE,Anti-Rabies Vaccine (ARV),5,29,112
2024-12-14,BR-PATNA-PHC-009,RABIES_VACCINE,Anti-Rabies Vaccine (ARV),5,83,112
2024-12-15,BR-PATNA-PHC-009,RABIES_VACCINE,Anti-Rabies Vaccine (ARV),3,80,95
2024-12-16,BR-PATNA-PHC-009,RABIES_VACCINE,Anti-Rabies Vaccine (ARV),3,77,108
2024-12-17,BR-PATNA-PHC-009,RABIES_VACCINE,Anti-Rabies Vaccine (ARV),4,73,102
2024-12-18,BR-PATNA-PHC-009,RABIES_VACCINE,Anti-Rabies Vaccine (ARV),6,67,98
2024-12-19,BR-PATNA-PHC-009,RABIES_VACCINE,Anti-Rabies Vaccine (ARV),3,64,104
2024-12-20,BR-PATNA-PHC-009,RABIES_VACCINE,Anti-Rabies Vaccine (ARV),3,61,109
2024-12-21,BR-PATNA-PHC-009,RABIES_VACCINE,Anti-Rabies Vaccine (ARV),7,54,99
2024-12-22,BR-PATNA-PHC-009,RABIES_VACCINE,Anti-Rabies Vaccine (ARV),6,48,98
2024-12-23,BR-PATNA-PHC-009,RABIES_VACCINE,Anti-Rabies Vaccine (ARV),3,45,107
2024-12-24,BR-PATNA-PHC-009,RABIES_VACCINE,Anti-Rabies Vaccine (ARV),6,39,110
2024-12-25,BR-PATNA-PHC-009,RABIES_VACCINE,Anti-Rabies Vaccine (ARV),4,35,100
2024-12-26,BR-PATNA-PHC-009,RABIES_VACCINE,Anti-Rabies Vaccine (ARV),6,29,109
2024-12-27,BR-PATNA-PHC-009,RABIES_VACCINE,Anti-Rabies Vaccine (ARV),4,144,117
2024-12-28,BR-PATNA-PHC-009,RABIES_VACCINE,Anti-Rabies Vaccine (ARV),5,139,104
2024-12-29,BR-PATNA-PHC-009,RABIES_VACCINE,Anti-Rabies Vaccine (ARV),5,134,108
2024-12-30,BR-PATNA-PHC-009,RABIES_VACCINE,Anti-Rabies Vaccine (ARV),1,133,108
2024-12-31,BR-PATNA-PHC-009,RABIES_VACCINE,Anti-Rabies Vaccine (ARV),3,130,93
2025-01-01,BR-PATNA-PHC-009,RABIES_VACCINE,Anti-Rabies Vaccine (ARV),1,129,110
2025-01-02,BR-PATNA-PHC-009,RABIES_VACCINE,Anti-Rabies Vaccine (ARV),2,127,114
2025-01-03,BR-PATNA-PHC-009,RABIES_VACCINE,Anti-Rabies Vaccine (ARV),3,124,111
2025-01-04,BR-PATNA-PHC-009,RABIES_VACCINE,Anti-Rabies Vaccine (ARV),2,122,97
2025-01-05,BR-PATNA-PHC-009,RABIES_VACCINE,Anti-Rabies Vaccine (ARV),6,116,115
2025-01-06,BR-PATNA-PHC-009,RABIES_VACCINE,Anti-Rabies Vaccine (ARV),6,110,100
2025-01-07,BR-PATNA-PHC-009,RABIES_VACCINE,Anti-Rabies Vaccine (ARV),1,109,93
2025-01-08,BR-PATNA-PHC-009,RABIES_VACCINE,Anti-Rabies Vaccine (ARV),6,103,116
2025-01-09,BR-PATNA-PHC-009,RABIES_VACCINE,Anti-Rabies Vaccine (ARV),1,102,104
2025-01-10,BR-PATNA-PHC-009,RABIES_VACCINE,Anti-Rabies Vaccine (ARV),2,100,106
2025-01-11,BR-PATNA-PHC-009,RABIES_VACCINE,Anti-Rabies Vaccine (ARV),1,99,117
2025-01-12,BR-PATNA-PHC-009,RABIES_VACCINE,Anti-Rabies Vaccine (ARV),5,94,107
2025-01-13,BR-PATNA-PHC-009,RABIES_VACCINE,Anti-Rabies Vaccine (ARV),1,93,110
2025-01-14,BR-PATNA-PHC-009,RABIES_VACCINE,Anti-Rabies Vaccine (ARV),1,92,115
2025-01-15,BR-PATNA-PHC-009,RABIES_VACCINE,Anti-Rabies Vaccine (ARV),3,89,116
2025-01-16,BR-PATNA-PHC-009,RABIES_VACCINE,Anti-Rabies Vaccine (ARV),4,85,96
2025-01-17,BR-PATNA-PHC-009,RABIES_VACCINE,Anti-Rabies Vaccine (ARV),7,78,105
2025-01-18,BR-PATNA-PHC-009,RABIES_VACCINE,Anti-Rabies Vaccine (ARV),7,71,103
2025-01-19,BR-PATNA-PHC-009,RABIES_VACCINE,Anti-Rabies Vaccine (ARV),4,67,102
2025-01-20,BR-PATNA-PHC-009,RABIES_VACCINE,Anti-Rabies Vaccine (ARV),6,61,104
2025-01-21,BR-PATNA-PHC-009,RABIES_VACCINE,Anti-Rabies Vaccine (ARV),7,54,95
2025-01-22,BR-PATNA-PHC-009,RABIES_VACCINE,Anti-Rabies Vaccine (ARV),1,53,105
2025-01-23,BR-PATNA-PHC-009,RABIES_VACCINE,Anti-Rabies Vaccine (ARV),1,52,117
2025-01-24,BR-PATNA-PHC-009,RABIES_VACCINE,Anti-Rabies Vaccine (ARV),5,47,96
2025-01-25,BR-PATNA-PHC-009,RABIES_VACCINE,Anti-Rabies Vaccine (ARV),1,46,117
2025-01-26,BR-PATNA-PHC-009,RABIES_VACCINE,Anti-Rabies Vaccine (ARV),7,39,93
2025-01-27,BR-PATNA-PHC-009,RABIES_VACCINE,Anti-Rabies Vaccine (ARV),1,38,95
2025-01-28,BR-PATNA-PHC-009,RABIES_VACCINE,Anti-Rabies Vaccine (ARV),1,37,105
2025-01-29,BR-PATNA-PHC-009,RABIES_VACCINE,Anti-Rabies Vaccine (ARV),1,36,96
2025-01-30,BR-PATNA-PHC-009,RABIES_VACCINE,Anti-Rabies Vaccine (ARV),6,30,108
2025-01-31,BR-PATNA-PHC-009,RABIES_VACCINE,Anti-Rabies Vaccine (ARV),5,25,94
2025-02-01,BR-PATNA-PHC-009,RABIES_VACCINE,Anti-Rabies Vaccine (ARV),1,173,94
2025-02-02,BR-PATNA-PHC-009,RABIES_VACCINE,Anti-Rabies Vaccine (ARV),7,166,100
2025-02-03,BR-PATNA-PHC-009,RABIES_VACCINE,Anti-Rabies Vaccine (ARV),7,159,103
2025-02-04,BR-PATNA-PHC-009,RABIES_VACCINE,Anti-Rabies Vaccine (ARV),2,157,94
2025-02-05,BR-PATNA-PHC-009,RABIES_VACCINE,Anti-Rabies Vaccine (ARV),7,150,113
2025-02-06,BR-PATNA-PHC-009,RABIES_VACCINE,Anti-Rabies Vaccine (ARV),1,149,115
2025-02-07,BR-PATNA-PHC-009,RABIES_VACCINE,Anti-Rabies Vaccine (ARV),4,145,101
2025-02-08,BR-PATNA-PHC-009,RABIES_VACCINE,Anti-Rabies Vaccine (ARV),1,144,106
2025-02-09,BR-PATNA-PHC-009,RABIES_VACCINE,Anti-Rabies Vaccine (ARV),4,140,103
2025-02-10,BR-PATNA-PHC-009,RABIES_VACCINE,Anti-Rabies Vaccine (ARV),6,134,93
2025-02-11,BR-PATNA-PHC-009,RABIES_VACCINE,Anti-Rabies Vaccine (ARV),1,133,109
2025-02-12,BR-PATNA-PHC-009,RABIES_VACCINE,Anti-Rabies Vaccine (ARV),2,131,105
2025-02-13,BR-PATNA-PHC-009,RABIES_VACCINE,Anti-Rabies Vaccine (ARV),5,126,102
2025-02-14,BR-PATNA-PHC-009,RABIES_VACCINE,Anti-Rabies Vaccine (ARV),6,120,108
2025-02-15,BR-PATNA-PHC-009,RABIES_VACCINE,Anti-Rabies Vaccine (ARV),3,117,106
2024-11-18,BR-PATNA-PHC-009,OXYGEN_CYLINDER,Medical Oxygen D-Type,1,62,107
2024-11-19,BR-PATNA-PHC-009,OXYGEN_CYLINDER,Medical Oxygen D-Type,2,60,98
2024-11-20,BR-PATNA-PHC-009,OXYGEN_CYLINDER,Medical Oxygen D-Type,5,55,99
2024-11-21,BR-PATNA-PHC-009,OXYGEN_CYLINDER,Medical Oxygen D-Type,4,51,99
2024-11-22,BR-PATNA-PHC-009,OXYGEN_CYLINDER,Medical Oxygen D-Type,3,48,103
2024-11-23,BR-PATNA-PHC-009,OXYGEN_CYLINDER,Medical Oxygen D-Type,1,47,99
2024-11-24,BR-PATNA-PHC-009,OXYGEN_CYLINDER,Medical Oxygen D-Type,5,42,97
2024-11-25,BR-PATNA-PHC-009,OXYGEN_CYLINDER,Medical Oxygen D-Type,1,41,94
2024-11-26,BR-PATNA-PHC-009,OXYGEN_CYLINDER,Medical Oxygen D-Type,4,37,100
2024-11-27,BR-PATNA-PHC-009,OXYGEN_CYLINDER,Medical Oxygen D-Type,1,36,110
2024-11-28,BR-PATNA-PHC-009,OXYGEN_CYLINDER,Medical Oxygen D-Type,3,33,115
2024-11-29,BR-PATNA-PHC-009,OXYGEN_CYLINDER,Medical Oxygen D-Type,1,32,102
2024-11-30,BR-PATNA-PHC-009,OXYGEN_CYLINDER,Medical Oxygen D-Type,1,31,113
2024-12-01,BR-PATNA-PHC-009,OXYGEN_CYLINDER,Medical Oxygen D-Type,1,30,116
2024-12-02,BR-PATNA-PHC-009,OXYGEN_CYLINDER,Medical Oxygen D-Type,1,29,110
2024-12-03,BR-PATNA-PHC-009,OXYGEN_CYLINDER,Medical Oxygen D-Type,4,25,95
2024-12-04,BR-PATNA-PHC-009,OXYGEN_CYLINDER,Medical Oxygen D-Type,1,24,104
2024-12-05,BR-PATNA-PHC-009,OXYGEN_CYLINDER,Medical Oxygen D-Type,3,21,100
2024-12-06,BR-PATNA-PHC-009,OXYGEN_CYLINDER,Medical Oxygen D-Type,4,17,97
2024-12-07,BR-PATNA-PHC-009,OXYGEN_CYLINDER,Medical Oxygen D-Type,1,16,103
2024-12-08,BR-PATNA-PHC-009,OXYGEN_CYLINDER,Medical Oxygen D-Type,1,15,98
2024-12-09,BR-PATNA-PHC-009,OXYGEN_CYLINDER,Medical Oxygen D-Type,1,14,94
2024-12-10,BR-PATNA-PHC-009,OXYGEN_CYLINDER,Medical Oxygen D-Type,2,12,110
2024-12-11,BR-PATNA-PHC-009,OXYGEN_CYLINDER,Medical Oxygen D-Type,1,11,97
2024-12-12,BR-PATNA-PHC-009,OXYGEN_CYLINDER,Medical Oxygen D-Type,5,10,103
2024-12-13,BR-PATNA-PHC-009,OXYGEN_CYLINDER,Medical Oxygen D-Type,1,10,106
2024-12-14,BR-PATNA-PHC-009,OXYGEN_CYLINDER,Medical Oxygen D-Type,1,10,108
2024-12-15,BR-PATNA-PHC-009,OXYGEN_CYLINDER,Medical Oxygen D-Type,5,10,116
2024-12-16,BR-PATNA-PHC-009,OXYGEN_CYLINDER,Medical Oxygen D-Type,1,10,111
2024-12-17,BR-PATNA-PHC-009,OXYGEN_CYLINDER,Medical Oxygen D-Type,3,10,109
2024-12-18,BR-PATNA-PHC-009,OXYGEN_CYLINDER,Medical Oxygen D-Type,1,10,93
2024-12-19,BR-PATNA-PHC-009,OXYGEN_CYLINDER,Medical Oxygen D-Type,4,10,101
2024-12-20,BR-PATNA-PHC-009,OXYGEN_CYLINDER,Medical Oxygen D-Type,1,10,106
2024-12-21,BR-PATNA-PHC-009,OXYGEN_CYLINDER,Medical Oxygen D-Type,1,10,111
2024-12-22,BR-PATNA-PHC-009,OXYGEN_CYLINDER,Medical Oxygen D-Type,4,10,114
2024-12-23,BR-PATNA-PHC-009,OXYGEN_CYLINDER,Medical Oxygen D-Type,1,10,97
2024-12-24,BR-PATNA-PHC-009,OXYGEN_CYLINDER,Medical Oxygen D-Type,1,10,94
2024-12-25,BR-PATNA-PHC-009,OXYGEN_CYLINDER,Medical Oxygen D-Type,1,10,112
2024-12-26,BR-PATNA-PHC-009,OXYGEN_CYLINDER,Medical Oxygen D-Type,1,10,99
2024-12-27,BR-PATNA-PHC-009,OXYGEN_CYLINDER,Medical Oxygen D-Type,1,10,98
2024-12-28,BR-PATNA-PHC-009,OXYGEN_CYLINDER,Medical Oxygen D-Type,5,10,107
2024-12-29,BR-PATNA-PHC-009,OXYGEN_CYLINDER,Medical Oxygen D-Type,5,10,109
2024-12-30,BR-PATNA-PHC-009,OXYGEN_CYLINDER,Medical Oxygen D-Type,1,10,95
2024-12-31,BR-PATNA-PHC-009,OXYGEN_CYLINDER,Medical Oxygen D-Type,5,10,99
2025-01-01,BR-PATNA-PHC-009,OXYGEN_CYLINDER,Medical Oxygen D-Type,1,10,111
2025-01-02,BR-PATNA-PHC-009,OXYGEN_CYLINDER,Medical Oxygen D-Type,1,10,95
2025-01-03,BR-PATNA-PHC-009,OXYGEN_CYLINDER,Medical Oxygen D-Type,5,10,103
2025-01-04,BR-PATNA-PHC-009,OXYGEN_CYLINDER,Medical Oxygen D-Type,2,10,115
2025-01-05,BR-PATNA-PHC-009,OXYGEN_CYLINDER,Medical Oxygen D-Type,1,10,98
2025-01-06,BR-PATNA-PHC-009,OXYGEN_CYLINDER,Medical Oxygen D-Type,1,10,108
2025-01-07,BR-PATNA-PHC-009,OXYGEN_CYLINDER,Medical Oxygen D-Type,5,10,117
2025-01-08,BR-PATNA-PHC-009,OXYGEN_CYLINDER,Medical Oxygen D-Type,1,10,94
2025-01-09,BR-PATNA-PHC-009,OXYGEN_CYLINDER,Medical Oxygen D-Type,1,10,113
2025-01-10,BR-PATNA-PHC-009,OXYGEN_CYLINDER,Medical Oxygen D-Type,2,10,111
2025-01-11,BR-PATNA-PHC-009,OXYGEN_CYLINDER,Medical Oxygen D-Type,1,10,110
2025-01-12,BR-PATNA-PHC-009,OXYGEN_CYLINDER,Medical Oxygen D-Type,5,10,112
2025-01-13,BR-PATNA-PHC-009,OXYGEN_CYLINDER,Medical Oxygen D-Type,5,10,113
2025-01-14,BR-PATNA-PHC-009,OXYGEN_CYLINDER,Medical Oxygen D-Type,2,10,95
2025-01-15,BR-PATNA-PHC-009,OXYGEN_CYLINDER,Medical Oxygen D-Type,2,10,112
2025-01-16,BR-PATNA-PHC-009,OXYGEN_CYLINDER,Medical Oxygen D-Type,3,10,95
2025-01-17,BR-PATNA-PHC-009,OXYGEN_CYLINDER,Medical Oxygen D-Type,1,10,101
2025-01-18,BR-PATNA-PHC-009,OXYGEN_CYLINDER,Medical Oxygen D-Type,1,10,103
2025-01-19,BR-PATNA-PHC-009,OXYGEN_CYLINDER,Medical Oxygen D-Type,1,10,93
2025-01-20,BR-PATNA-PHC-009,OXYGEN_CYLINDER,Medical Oxygen D-Type,2,10,108
2025-01-21,BR-PATNA-PHC-009,OXYGEN_CYLINDER,Medical Oxygen D-Type,5,10,93
2025-01-22,BR-PATNA-PHC-009,OXYGEN_CYLINDER,Medical Oxygen D-Type,4,10,98
2025-01-23,BR-PATNA-PHC-009,OXYGEN_CYLINDER,Medical Oxygen D-Type,4,10,102
2025-01-24,BR-PATNA-PHC-009,OXYGEN_CYLINDER,Medical Oxygen D-Type,1,10,93
2025-01-25,BR-PATNA-PHC-009,OXYGEN_CYLINDER,Medical Oxygen D-Type,1,10,108
2025-01-26,BR-PATNA-PHC-009,OXYGEN_CYLINDER,Medical Oxygen D-Type,4,10,117
2025-01-27,BR-PATNA-PHC-009,OXYGEN_CYLINDER,Medical Oxygen D-Type,1,10,96
2025-01-28,BR-PATNA-PHC-009,OXYGEN_CYLINDER,Medical Oxygen D-Type,1,10,107
2025-01-29,BR-PATNA-PHC-009,OXYGEN_CYLINDER,Medical Oxygen D-Type,1,10,115
2025-01-30,BR-PATNA-PHC-009,OXYGEN_CYLINDER,Medical Oxygen D-Type,1,10,109
2025-01-31,BR-PATNA-PHC-009,OXYGEN_CYLINDER,Medical Oxygen D-Type,4,10,116
2025-02-01,BR-PATNA-PHC-009,OXYGEN_CYLINDER,Medical Oxygen D-Type,1,10,101
2025-02-02,BR-PATNA-PHC-009,OXYGEN_CYLINDER,Medical Oxygen D-Type,5,10,97
2025-02-03,BR-PATNA-PHC-009,OXYGEN_CYLINDER,Medical Oxygen D-Type,1,10,107
2025-02-04,BR-PATNA-PHC-009,OXYGEN_CYLINDER,Medical Oxygen D-Type,1,10,107
2025-02-05,BR-PATNA-PHC-009,OXYGEN_CYLINDER,Medical Oxygen D-Type,3,10,116
2025-02-06,BR-PATNA-PHC-009,OXYGEN_CYLINDER,Medical Oxygen D-Type,2,10,116
2025-02-07,BR-PATNA-PHC-009,OXYGEN_CYLINDER,Medical Oxygen D-Type,1,10,99
2025-02-08,BR-PATNA-PHC-009,OXYGEN_CYLINDER,Medical Oxygen D-Type,4,10,109
2025-02-09,BR-PATNA-PHC-009,OXYGEN_CYLINDER,Medical Oxygen D-Type,1,10,93
2025-02-10,BR-PATNA-PHC-009,OXYGEN_CYLINDER,Medical Oxygen D-Type,1,10,113
2025-02-11,BR-PATNA-PHC-009,OXYGEN_CYLINDER,Medical Oxygen D-Type,3,10,114
2025-02-12,BR-PATNA-PHC-009,OXYGEN_CYLINDER,Medical Oxygen D-Type,4,10,116
2025-02-13,BR-PATNA-PHC-009,OXYGEN_CYLINDER,Medical Oxygen D-Type,2,10,116
2025-02-14,BR-PATNA-PHC-009,OXYGEN_CYLINDER,Medical Oxygen D-Type,5,10,93
2025-02-15,BR-PATNA-PHC-009,OXYGEN_CYLINDER,Medical Oxygen D-Type,4,10,109
2024-11-18,BR-GAYA-PHC-001,ORS,ORS Packets (Oral Rehydration),17,369,107
2024-11-19,BR-GAYA-PHC-001,ORS,ORS Packets (Oral Rehydration),17,352,96
2024-11-20,BR-GAYA-PHC-001,ORS,ORS Packets (Oral Rehydration),14,338,107
2024-11-21,BR-GAYA-PHC-001,ORS,ORS Packets (Oral Rehydration),19,319,107
2024-11-22,BR-GAYA-PHC-001,ORS,ORS Packets (Oral Rehydration),19,300,103
2024-11-23,BR-GAYA-PHC-001,ORS,ORS Packets (Oral Rehydration),19,281,96
2024-11-24,BR-GAYA-PHC-001,ORS,ORS Packets (Oral Rehydration),18,263,109
2024-11-25,BR-GAYA-PHC-001,ORS,ORS Packets (Oral Rehydration),17,246,90
2024-11-26,BR-GAYA-PHC-001,ORS,ORS Packets (Oral Rehydration),16,230,109
2024-11-27,BR-GAYA-PHC-001,ORS,ORS Packets (Oral Rehydration),14,216,93
2024-11-28,BR-GAYA-PHC-001,ORS,ORS Packets (Oral Rehydration),15,201,91
2024-11-29,BR-GAYA-PHC-001,ORS,ORS Packets (Oral Rehydration),19,182,100
2024-11-30,BR-GAYA-PHC-001,ORS,ORS Packets (Oral Rehydration),16,166,95
2024-12-01,BR-GAYA-PHC-001,ORS,ORS Packets (Oral Rehydration),18,148,101
2024-12-02,BR-GAYA-PHC-001,ORS,ORS Packets (Oral Rehydration),21,127,97
2024-12-03,BR-GAYA-PHC-001,ORS,ORS Packets (Oral Rehydration),15,112,92
2024-12-04,BR-GAYA-PHC-001,ORS,ORS Packets (Oral Rehydration),19,389,102
2024-12-05,BR-GAYA-PHC-001,ORS,ORS Packets (Oral Rehydration),17,372,109
2024-12-06,BR-GAYA-PHC-001,ORS,ORS Packets (Oral Rehydration),21,351,97
2024-12-07,BR-GAYA-PHC-001,ORS,ORS Packets (Oral Rehydration),15,336,106
2024-12-08,BR-GAYA-PHC-001,ORS,ORS Packets (Oral Rehydration),14,322,102
2024-12-09,BR-GAYA-PHC-001,ORS,ORS Packets (Oral Rehydration),18,304,90
2024-12-10,BR-GAYA-PHC-001,ORS,ORS Packets (Oral Rehydration),15,289,97
2024-12-11,BR-GAYA-PHC-001,ORS,ORS Packets (Oral Rehydration),16,273,113
2024-12-12,BR-GAYA-PHC-001,ORS,ORS Packets (Oral Rehydration),15,258,96
2024-12-13,BR-GAYA-PHC-001,ORS,ORS Packets (Oral Rehydration),16,242,105
2024-12-14,BR-GAYA-PHC-001,ORS,ORS Packets (Oral Rehydration),18,224,102
2024-12-15,BR-GAYA-PHC-001,ORS,ORS Packets (Oral Rehydration),21,203,113
2024-12-16,BR-GAYA-PHC-001,ORS,ORS Packets (Oral Rehydration),15,188,102
2024-12-17,BR-GAYA-PHC-001,ORS,ORS Packets (Oral Rehydration),20,168,106
2024-12-18,BR-GAYA-PHC-001,ORS,ORS Packets (Oral Rehydration),20,148,105
2024-12-19,BR-GAYA-PHC-001,ORS,ORS Packets (Oral Rehydration),15,133,108
2024-12-20,BR-GAYA-PHC-001,ORS,ORS Packets (Oral Rehydration),19,114,112
2024-12-21,BR-GAYA-PHC-001,ORS,ORS Packets (Oral Rehydration),18,372,111
2024-12-22,BR-GAYA-PHC-001,ORS,ORS Packets (Oral Rehydration),21,351,107
2024-12-23,BR-GAYA-PHC-001,ORS,ORS Packets (Oral Rehydration),18,333,98
2024-12-24,BR-GAYA-PHC-001,ORS,ORS Packets (Oral Rehydration),17,316,90
2024-12-25,BR-GAYA-PHC-001,ORS,ORS Packets (Oral Rehydration),21,295,108
2024-12-26,BR-GAYA-PHC-001,ORS,ORS Packets (Oral Rehydration),15,280,101
2024-12-27,BR-GAYA-PHC-001,ORS,ORS Packets (Oral Rehydration),16,264,98
2024-12-28,BR-GAYA-PHC-001,ORS,ORS Packets (Oral Rehydration),16,248,108
2024-12-29,BR-GAYA-PHC-001,ORS,ORS Packets (Oral Rehydration),20,228,99
2024-12-30,BR-GAYA-PHC-001,ORS,ORS Packets (Oral Rehydration),17,211,110
2024-12-31,BR-GAYA-PHC-001,ORS,ORS Packets (Oral Rehydration),19,192,113
2025-01-01,BR-GAYA-PHC-001,ORS,ORS Packets (Oral Rehydration),21,171,99
2025-01-02,BR-GAYA-PHC-001,ORS,ORS Packets (Oral Rehydration),20,151,113
2025-01-03,BR-GAYA-PHC-001,ORS,ORS Packets (Oral Rehydration),14,137,105
2025-01-04,BR-GAYA-PHC-001,ORS,ORS Packets (Oral Rehydration),15,122,111
2025-01-05,BR-GAYA-PHC-001,ORS,ORS Packets (Oral Rehydration),20,102,95
2025-01-06,BR-GAYA-PHC-001,ORS,ORS Packets (Oral Rehydration),16,326,102
2025-01-07,BR-GAYA-PHC-001,ORS,ORS Packets (Oral Rehydration),21,305,99
2025-01-08,BR-GAYA-PHC-001,ORS,ORS Packets (Oral Rehydration),14,291,105
2025-01-09,BR-GAYA-PHC-001,ORS,ORS Packets (Oral Rehydration),16,275,102
2025-01-10,BR-GAYA-PHC-001,ORS,ORS Packets (Oral Rehydration),16,259,102
2025-01-11,BR-GAYA-PHC-001,ORS,ORS Packets (Oral Rehydration),19,240,112
2025-01-12,BR-GAYA-PHC-001,ORS,ORS Packets (Oral Rehydration),21,219,91
2025-01-13,BR-GAYA-PHC-001,ORS,ORS Packets (Oral Rehydration),18,201,99
2025-01-14,BR-GAYA-PHC-001,ORS,ORS Packets (Oral Rehydration),16,185,102
2025-01-15,BR-GAYA-PHC-001,ORS,ORS Packets (Oral Rehydration),14,171,102
2025-01-16,BR-GAYA-PHC-001,ORS,ORS Packets (Oral Rehydration),18,153,92
2025-01-17,BR-GAYA-PHC-001,ORS,ORS Packets (Oral Rehydration),43,110,141
2025-01-18,BR-GAYA-PHC-001,ORS,ORS Packets (Oral Rehydration),27,322,132
2025-01-19,BR-GAYA-PHC-001,ORS,ORS Packets (Oral Rehydration),46,276,151
2025-01-20,BR-GAYA-PHC-001,ORS,ORS Packets (Oral Rehydration),39,237,138
2025-01-21,BR-GAYA-PHC-001,ORS,ORS Packets (Oral Rehydration),31,206,137
2025-01-22,BR-GAYA-PHC-001,ORS,ORS Packets (Oral Rehydration),33,173,128
2025-01-23,BR-GAYA-PHC-001,ORS,ORS Packets (Oral Rehydration),42,131,127
2025-01-24,BR-GAYA-PHC-001,ORS,ORS Packets (Oral Rehydration),31,100,127
2025-01-25,BR-GAYA-PHC-001,ORS,ORS Packets (Oral Rehydration),35,288,143
2025-01-26,BR-GAYA-PHC-001,ORS,ORS Packets (Oral Rehydration),41,247,155
2025-01-27,BR-GAYA-PHC-001,ORS,ORS Packets (Oral Rehydration),35,212,149
2025-01-28,BR-GAYA-PHC-001,ORS,ORS Packets (Oral Rehydration),40,172,140
2025-01-29,BR-GAYA-PHC-001,ORS,ORS Packets (Oral Rehydration),50,122,119
2025-01-30,BR-GAYA-PHC-001,ORS,ORS Packets (Oral Rehydration),26,96,139
2025-01-31,BR-GAYA-PHC-001,ORS,ORS Packets (Oral Rehydration),39,257,132
2025-02-01,BR-GAYA-PHC-001,ORS,ORS Packets (Oral Rehydration),34,223,128
2025-02-02,BR-GAYA-PHC-001,ORS,ORS Packets (Oral Rehydration),42,181,117
2025-02-03,BR-GAYA-PHC-001,ORS,ORS Packets (Oral Rehydration),30,151,138
2025-02-04,BR-GAYA-PHC-001,ORS,ORS Packets (Oral Rehydration),44,107,140
2025-02-05,BR-GAYA-PHC-001,ORS,ORS Packets (Oral Rehydration),27,315,128
2025-02-06,BR-GAYA-PHC-001,ORS,ORS Packets (Oral Rehydration),31,284,136
2025-02-07,BR-GAYA-PHC-001,ORS,ORS Packets (Oral Rehydration),34,250,124
2025-02-08,BR-GAYA-PHC-001,ORS,ORS Packets (Oral Rehydration),32,218,139
2025-02-09,BR-GAYA-PHC-001,ORS,ORS Packets (Oral Rehydration),32,186,146
2025-02-10,BR-GAYA-PHC-001,ORS,ORS Packets (Oral Rehydration),44,142,124
2025-02-11,BR-GAYA-PHC-001,ORS,ORS Packets (Oral Rehydration),33,109,121
2025-02-12,BR-GAYA-PHC-001,ORS,ORS Packets (Oral Rehydration),27,82,133
2025-02-13,BR-GAYA-PHC-001,ORS,ORS Packets (Oral Rehydration),41,41,133
2025-02-14,BR-GAYA-PHC-001,ORS,ORS Packets (Oral Rehydration),35,10,145
2025-02-15,BR-GAYA-PHC-001,ORS,ORS Packets (Oral Rehydration),34,10,148
2024-11-18,BR-GAYA-PHC-001,PARACETAMOL_500,Paracetamol 500mg Tablets,36,624,108
2024-11-19,BR-GAYA-PHC-001,PARACETAMOL_500,Paracetamol 500mg Tablets,39,585,109
2024-11-20,BR-GAYA-PHC-001,PARACETAMOL_500,Paracetamol 500mg Tablets,42,543,111
2024-11-21,BR-GAYA-PHC-001,PARACETAMOL_500,Paracetamol 500mg Tablets,37,506,108
2024-11-22,BR-GAYA-PHC-001,PARACETAMOL_500,Paracetamol 500mg Tablets,40,466,100
2024-11-23,BR-GAYA-PHC-001,PARACETAMOL_500,Paracetamol 500mg Tablets,41,425,99
2024-11-24,BR-GAYA-PHC-001,PARACETAMOL_500,Paracetamol 500mg Tablets,43,382,90
2024-11-25,BR-GAYA-PHC-001,PARACETAMOL_500,Paracetamol 500mg Tablets,42,340,106
2024-11-26,BR-GAYA-PHC-001,PARACETAMOL_500,Paracetamol 500mg Tablets,41,299,98
2024-11-27,BR-GAYA-PHC-001,PARACETAMOL_500,Paracetamol 500mg Tablets,40,259,97
2024-11-28,BR-GAYA-PHC-001,PARACETAMOL_500,Paracetamol 500mg Tablets,38,221,106
2024-11-29,BR-GAYA-PHC-001,PARACETAMOL_500,Paracetamol 500mg Tablets,42,636,106
2024-11-30,BR-GAYA-PHC-001,PARACETAMOL_500,Paracetamol 500mg Tablets,42,594,113
2024-12-01,BR-GAYA-PHC-001,PARACETAMOL_500,Paracetamol 500mg Tablets,43,551,96
2024-12-02,BR-GAYA-PHC-001,PARACETAMOL_500,Paracetamol 500mg Tablets,39,512,98
2024-12-03,BR-GAYA-PHC-001,PARACETAMOL_500,Paracetamol 500mg Tablets,39,473,96
2024-12-04,BR-GAYA-PHC-001,PARACETAMOL_500,Paracetamol 500mg Tablets,41,432,89
2024-12-05,BR-GAYA-PHC-001,PARACETAMOL_500,Paracetamol 500mg Tablets,42,390,101
2024-12-06,BR-GAYA-PHC-001,PARACETAMOL_500,Paracetamol 500mg Tablets,36,354,112
2024-12-07,BR-GAYA-PHC-001,PARACETAMOL_500,Paracetamol 500mg Tablets,40,314,98
2024-12-08,BR-GAYA-PHC-001,PARACETAMOL_500,Paracetamol 500mg Tablets,39,275,105
2024-12-09,BR-GAYA-PHC-001,PARACETAMOL_500,Paracetamol 500mg Tablets,39,236,99
2024-12-10,BR-GAYA-PHC-001,PARACETAMOL_500,Paracetamol 500mg Tablets,42,650,94
2024-12-11,BR-GAYA-PHC-001,PARACETAMOL_500,Paracetamol 500mg Tablets,42,608,93
2024-12-12,BR-GAYA-PHC-001,PARACETAMOL_500,Paracetamol 500mg Tablets,40,568,102
2024-12-13,BR-GAYA-PHC-001,PARACETAMOL_500,Paracetamol 500mg Tablets,40,528,91
2024-12-14,BR-GAYA-PHC-001,PARACETAMOL_500,Paracetamol 500mg Tablets,42,486,111
2024-12-15,BR-GAYA-PHC-001,PARACETAMOL_500,Paracetamol 500mg Tablets,39,447,106
2024-12-16,BR-GAYA-PHC-001,PARACETAMOL_500,Paracetamol 500mg Tablets,40,407,100
2024-12-17,BR-GAYA-PHC-001,PARACETAMOL_500,Paracetamol 500mg Tablets,53,354,107
2024-12-18,BR-GAYA-PHC-001,PARACETAMOL_500,Paracetamol 500mg Tablets,58,296,109
2024-12-19,BR-GAYA-PHC-001,PARACETAMOL_500,Paracetamol 500mg Tablets,65,231,121
2024-12-20,BR-GAYA-PHC-001,PARACETAMOL_500,Paracetamol 500mg Tablets,59,631,111
2024-12-21,BR-GAYA-PHC-001,PARACETAMOL_500,Paracetamol 500mg Tablets,60,571,104
2024-12-22,BR-GAYA-PHC-001,PARACETAMOL_500,Paracetamol 500mg Tablets,46,525,110
2024-12-23,BR-GAYA-PHC-001,PARACETAMOL_500,Paracetamol 500mg Tablets,49,476,117
2024-12-24,BR-GAYA-PHC-001,PARACETAMOL_500,Paracetamol 500mg Tablets,49,427,106
2024-12-25,BR-GAYA-PHC-001,PARACETAMOL_500,Paracetamol 500mg Tablets,57,370,119
2024-12-26,BR-GAYA-PHC-001,PARACETAMOL_500,Paracetamol 500mg Tablets,65,305,124
2024-12-27,BR-GAYA-PHC-001,PARACETAMOL_500,Paracetamol 500mg Tablets,56,249,116
2024-12-28,BR-GAYA-PHC-001,PARACETAMOL_500,Paracetamol 500mg Tablets,50,199,115
2024-12-29,BR-GAYA-PHC-001,PARACETAMOL_500,Paracetamol 500mg Tablets,53,580,127
2024-12-30,BR-GAYA-PHC-001,PARACETAMOL_500,Paracetamol 500mg Tablets,63,517,128
2024-12-31,BR-GAYA-PHC-001,PARACETAMOL_500,Paracetamol 500mg Tablets,52,465,108
2025-01-01,BR-GAYA-PHC-001,PARACETAMOL_500,Paracetamol 500mg Tablets,53,412,105
2025-01-02,BR-GAYA-PHC-001,PARACETAMOL_500,Paracetamol 500mg Tablets,55,357,116
2025-01-03,BR-GAYA-PHC-001,PARACETAMOL_500,Paracetamol 500mg Tablets,59,298,106
2025-01-04,BR-GAYA-PHC-001,PARACETAMOL_500,Paracetamol 500mg Tablets,51,247,119
2025-01-05,BR-GAYA-PHC-001,PARACETAMOL_500,Paracetamol 500mg Tablets,51,196,112
2025-01-06,BR-GAYA-PHC-001,PARACETAMOL_500,Paracetamol 500mg Tablets,64,616,122
2025-01-07,BR-GAYA-PHC-001,PARACETAMOL_500,Paracetamol 500mg Tablets,44,572,104
2025-01-08,BR-GAYA-PHC-001,PARACETAMOL_500,Paracetamol 500mg Tablets,46,526,120
2025-01-09,BR-GAYA-PHC-001,PARACETAMOL_500,Paracetamol 500mg Tablets,57,469,128
2025-01-10,BR-GAYA-PHC-001,PARACETAMOL_500,Paracetamol 500mg Tablets,49,420,125
2025-01-11,BR-GAYA-PHC-001,PARACETAMOL_500,Paracetamol 500mg Tablets,52,368,112
2025-01-12,BR-GAYA-PHC-001,PARACETAMOL_500,Paracetamol 500mg Tablets,43,325,97
2025-01-13,BR-GAYA-PHC-001,PARACETAMOL_500,Paracetamol 500mg Tablets,42,283,92
2025-01-14,BR-GAYA-PHC-001,PARACETAMOL_500,Paracetamol 500mg Tablets,40,243,109
2025-01-15,BR-GAYA-PHC-001,PARACETAMOL_500,Paracetamol 500mg Tablets,37,206,104
2025-01-16,BR-GAYA-PHC-001,PARACETAMOL_500,Paracetamol 500mg Tablets,43,647,100
2025-01-17,BR-GAYA-PHC-001,PARACETAMOL_500,Paracetamol 500mg Tablets,40,607,95
2025-01-18,BR-GAYA-PHC-001,PARACETAMOL_500,Paracetamol 500mg Tablets,43,564,110
2025-01-19,BR-GAYA-PHC-001,PARACETAMOL_500,Paracetamol 500mg Tablets,39,525,90
2025-01-20,BR-GAYA-PHC-001,PARACETAMOL_500,Paracetamol 500mg Tablets,42,483,91
2025-01-21,BR-GAYA-PHC-001,PARACETAMOL_500,Paracetamol 500mg Tablets,39,444,111
2025-01-22,BR-GAYA-PHC-001,PARACETAMOL_500,Paracetamol 500mg Tablets,43,401,93
2025-01-23,BR-GAYA-PHC-001,PARACETAMOL_500,Paracetamol 500mg Tablets,40,361,111
2025-01-24,BR-GAYA-PHC-001,PARACETAMOL_500,Paracetamol 500mg Tablets,39,322,91
2025-01-25,BR-GAYA-PHC-001,PARACETAMOL_500,Paracetamol 500mg Tablets,41,281,91
2025-01-26,BR-GAYA-PHC-001,PARACETAMOL_500,Paracetamol 500mg Tablets,38,243,104
2025-01-27,BR-GAYA-PHC-001,PARACETAMOL_500,Paracetamol 500mg Tablets,39,204,100
2025-01-28,BR-GAYA-PHC-001,PARACETAMOL_500,Paracetamol 500mg Tablets,42,588,89
2025-01-29,BR-GAYA-PHC-001,PARACETAMOL_500,Paracetamol 500mg Tablets,40,548,104
2025-01-30,BR-GAYA-PHC-001,PARACETAMOL_500,Paracetamol 500mg Tablets,42,506,107
2025-01-31,BR-GAYA-PHC-001,PARACETAMOL_500,Paracetamol 500mg Tablets,36,470,90
2025-02-01,BR-GAYA-PHC-001,PARACETAMOL_500,Paracetamol 500mg Tablets,43,427,91
2025-02-02,BR-GAYA-PHC-001,PARACETAMOL_500,Paracetamol 500mg Tablets,38,389,112
2025-02-03,BR-GAYA-PHC-001,PARACETAMOL_500,Paracetamol 500mg Tablets,38,351,101
2025-02-04,BR-GAYA-PHC-001,PARACETAMOL_500,Paracetamol 500mg Tablets,37,314,89
2025-02-05,BR-GAYA-PHC-001,PARACETAMOL_500,Paracetamol 500mg Tablets,39,275,113
2025-02-06,BR-GAYA-PHC-001,PARACETAMOL_500,Paracetamol 500mg Tablets,43,232,94
2025-02-07,BR-GAYA-PHC-001,PARACETAMOL_500,Paracetamol 500mg Tablets,41,592,94
2025-02-08,BR-GAYA-PHC-001,PARACETAMOL_500,Paracetamol 500mg Tablets,42,550,104
2025-02-09,BR-GAYA-PHC-001,PARACETAMOL_500,Paracetamol 500mg Tablets,42,508,96
2025-02-10,BR-GAYA-PHC-001,PARACETAMOL_500,Paracetamol 500mg Tablets,42,466,107
2025-02-11,BR-GAYA-PHC-001,PARACETAMOL_500,Paracetamol 500mg Tablets,43,423,110
2025-02-12,BR-GAYA-PHC-001,PARACETAMOL_500,Paracetamol 500mg Tablets,42,381,101
2025-02-13,BR-GAYA-PHC-001,PARACETAMOL_500,Paracetamol 500mg Tablets,38,343,94
2025-02-14,BR-GAYA-PHC-001,PARACETAMOL_500,Paracetamol 500mg Tablets,38,305,104
2025-02-15,BR-GAYA-PHC-001,PARACETAMOL_500,Paracetamol 500mg Tablets,42,263,102
2024-11-18,BR-GAYA-PHC-001,AMOXICILLIN_500,Amoxicillin 500mg Capsules,23,617,107
2024-11-19,BR-GAYA-PHC-001,AMOXICILLIN_500,Amoxicillin 500mg Capsules,23,594,108
2024-11-20,BR-GAYA-PHC-001,AMOXICILLIN_500,Amoxicillin 500mg Capsules,28,566,89
2024-11-21,BR-GAYA-PHC-001,AMOXICILLIN_500,Amoxicillin 500mg Capsules,22,544,91
2024-11-22,BR-GAYA-PHC-001,AMOXICILLIN_500,Amoxicillin 500mg Capsules,22,522,106
2024-11-23,BR-GAYA-PHC-001,AMOXICILLIN_500,Amoxicillin 500mg Capsules,28,494,103
2024-11-24,BR-GAYA-PHC-001,AMOXICILLIN_500,Amoxicillin 500mg Capsules,28,466,101
2024-11-25,BR-GAYA-PHC-001,AMOXICILLIN_500,Amoxicillin 500mg Capsules,23,443,111
2024-11-26,BR-GAYA-PHC-001,AMOXICILLIN_500,Amoxicillin 500mg Capsules,27,416,103
2024-11-27,BR-GAYA-PHC-001,AMOXICILLIN_500,Amoxicillin 500mg Capsules,23,393,104
2024-11-28,BR-GAYA-PHC-001,AMOXICILLIN_500,Amoxicillin 500mg Capsules,26,367,91
2024-11-29,BR-GAYA-PHC-001,AMOXICILLIN_500,Amoxicillin 500mg Capsules,26,341,94
2024-11-30,BR-GAYA-PHC-001,AMOXICILLIN_500,Amoxicillin 500mg Capsules,27,314,92
2024-12-01,BR-GAYA-PHC-001,AMOXICILLIN_500,Amoxicillin 500mg Capsules,25,289,99
2024-12-02,BR-GAYA-PHC-001,AMOXICILLIN_500,Amoxicillin 500mg Capsules,21,268,105
2024-12-03,BR-GAYA-PHC-001,AMOXICILLIN_500,Amoxicillin 500mg Capsules,28,240,108
2024-12-04,BR-GAYA-PHC-001,AMOXICILLIN_500,Amoxicillin 500mg Capsules,24,216,91
2024-12-05,BR-GAYA-PHC-001,AMOXICILLIN_500,Amoxicillin 500mg Capsules,21,195,106
2024-12-06,BR-GAYA-PHC-001,AMOXICILLIN_500,Amoxicillin 500mg Capsules,24,171,106
2024-12-07,BR-GAYA-PHC-001,AMOXICILLIN_500,Amoxicillin 500mg Capsules,25,464,94
2024-12-08,BR-GAYA-PHC-001,AMOXICILLIN_500,Amoxicillin 500mg Capsules,26,438,110
2024-12-09,BR-GAYA-PHC-001,AMOXICILLIN_500,Amoxicillin 500mg Capsules,22,416,95
2024-12-10,BR-GAYA-PHC-001,AMOXICILLIN_500,Amoxicillin 500mg Capsules,28,388,104
2024-12-11,BR-GAYA-PHC-001,AMOXICILLIN_500,Amoxicillin 500mg Capsules,22,366,113
2024-12-12,BR-GAYA-PHC-001,AMOXICILLIN_500,Amoxicillin 500mg Capsules,23,343,90
2024-12-13,BR-GAYA-PHC-001,AMOXICILLIN_500,Amoxicillin 500mg Capsules,27,316,108
2024-12-14,BR-GAYA-PHC-001,AMOXICILLIN_500,Amoxicillin 500mg Capsules,21,295,99
2024-12-15,BR-GAYA-PHC-001,AMOXICILLIN_500,Amoxicillin 500mg Capsules,21,274,98
2024-12-16,BR-GAYA-PHC-001,AMOXICILLIN_500,Amoxicillin 500mg Capsules,24,250,96
2024-12-17,BR-GAYA-PHC-001,AMOXICILLIN_500,Amoxicillin 500mg Capsules,24,226,94
2024-12-18,BR-GAYA-PHC-001,AMOXICILLIN_500,Amoxicillin 500mg Capsules,25,201,113
2024-12-19,BR-GAYA-PHC-001,AMOXICILLIN_500,Amoxicillin 500mg Capsules,21,180,104
2024-12-20,BR-GAYA-PHC-001,AMOXICILLIN_500,Amoxicillin 500mg Capsules,25,155,108
2024-12-21,BR-GAYA-PHC-001,AMOXICILLIN_500,Amoxicillin 500mg Capsules,26,451,106
2024-12-22,BR-GAYA-PHC-001,AMOXICILLIN_500,Amoxicillin 500mg Capsules,25,426,91
2024-12-23,BR-GAYA-PHC-001,AMOXICILLIN_500,Amoxicillin 500mg Capsules,27,399,107
2024-12-24,BR-GAYA-PHC-001,AMOXICILLIN_500,Amoxicillin 500mg Capsules,28,371,112
2024-12-25,BR-GAYA-PHC-001,AMOXICILLIN_500,Amoxicillin 500mg Capsules,25,346,91
2024-12-26,BR-GAYA-PHC-001,AMOXICILLIN_500,Amoxicillin 500mg Capsules,22,324,113
2024-12-27,BR-GAYA-PHC-001,AMOXICILLIN_500,Amoxicillin 500mg Capsules,26,298,113
2024-12-28,BR-GAYA-PHC-001,AMOXICILLIN_500,Amoxicillin 500mg Capsules,22,276,108
2024-12-29,BR-GAYA-PHC-001,AMOXICILLIN_500,Amoxicillin 500mg Capsules,24,252,90
2024-12-30,BR-GAYA-PHC-001,AMOXICILLIN_500,Amoxicillin 500mg Capsules,23,229,92
2024-12-31,BR-GAYA-PHC-001,AMOXICILLIN_500,Amoxicillin 500mg Capsules,22,207,109
2025-01-01,BR-GAYA-PHC-001,AMOXICILLIN_500,Amoxicillin 500mg Capsules,27,180,89
2025-01-02,BR-GAYA-PHC-001,AMOXICILLIN_500,Amoxicillin 500mg Capsules,27,153,102
2025-01-03,BR-GAYA-PHC-001,AMOXICILLIN_500,Amoxicillin 500mg Capsules,25,516,95
2025-01-04,BR-GAYA-PHC-001,AMOXICILLIN_500,Amoxicillin 500mg Capsules,22,494,90
2025-01-05,BR-GAYA-PHC-001,AMOXICILLIN_500,Amoxicillin 500mg Capsules,26,468,90
2025-01-06,BR-GAYA-PHC-001,AMOXICILLIN_500,Amoxicillin 500mg Capsules,28,440,107
2025-01-07,BR-GAYA-PHC-001,AMOXICILLIN_500,Amoxicillin 500mg Capsules,21,419,92
2025-01-08,BR-GAYA-PHC-001,AMOXICILLIN_500,Amoxicillin 500mg Capsules,21,398,105
2025-01-09,BR-GAYA-PHC-001,AMOXICILLIN_500,Amoxicillin 500mg Capsules,22,376,107
2025-01-10,BR-GAYA-PHC-001,AMOXICILLIN_500,Amoxicillin 500mg Capsules,27,349,101
2025-01-11,BR-GAYA-PHC-001,AMOXICILLIN_500,Amoxicillin 500mg Capsules,25,324,110
2025-01-12,BR-GAYA-PHC-001,AMOXICILLIN_500,Amoxicillin 500mg Capsules,22,302,113
2025-01-13,BR-GAYA-PHC-001,AMOXICILLIN_500,Amoxicillin 500mg Capsules,26,276,95
2025-01-14,BR-GAYA-PHC-001,AMOXICILLIN_500,Amoxicillin 500mg Capsules,23,253,111
2025-01-15,BR-GAYA-PHC-001,AMOXICILLIN_500,Amoxicillin 500mg Capsules,25,228,90
2025-01-16,BR-GAYA-PHC-001,AMOXICILLIN_500,Amoxicillin 500mg Capsules,24,204,97
2025-01-17,BR-GAYA-PHC-001,AMOXICILLIN_500,Amoxicillin 500mg Capsules,27,177,106
2025-01-18,BR-GAYA-PHC-001,AMOXICILLIN_500,Amoxicillin 500mg Capsules,27,470,96
2025-01-19,BR-GAYA-PHC-001,AMOXICILLIN_500,Amoxicillin 500mg Capsules,22,448,102
2025-01-20,BR-GAYA-PHC-001,AMOXICILLIN_500,Amoxicillin 500mg Capsules,22,426,101
2025-01-21,BR-GAYA-PHC-001,AMOXICILLIN_500,Amoxicillin 500mg Capsules,25,401,111
2025-01-22,BR-GAYA-PHC-001,AMOXICILLIN_500,Amoxicillin 500mg Capsules,23,378,93
2025-01-23,BR-GAYA-PHC-001,AMOXICILLIN_500,Amoxicillin 500mg Capsules,28,350,99
2025-01-24,BR-GAYA-PHC-001,AMOXICILLIN_500,Amoxicillin 500mg Capsules,23,327,101
2025-01-25,BR-GAYA-PHC-001,AMOXICILLIN_500,Amoxicillin 500mg Capsules,22,305,95
2025-01-26,BR-GAYA-PHC-001,AMOXICILLIN_500,Amoxicillin 500mg Capsules,25,280,89
2025-01-27,BR-GAYA-PHC-001,AMOXICILLIN_500,Amoxicillin 500mg Capsules,25,255,99
2025-01-28,BR-GAYA-PHC-001,AMOXICILLIN_500,Amoxicillin 500mg Capsules,26,229,100
2025-01-29,BR-GAYA-PHC-001,AMOXICILLIN_500,Amoxicillin 500mg Capsules,23,206,103
2025-01-30,BR-GAYA-PHC-001,AMOXICILLIN_500,Amoxicillin 500mg Capsules,21,185,103
2025-01-31,BR-GAYA-PHC-001,AMOXICILLIN_500,Amoxicillin 500mg Capsules,27,158,102
2025-02-01,BR-GAYA-PHC-001,AMOXICILLIN_500,Amoxicillin 500mg Capsules,21,516,96
2025-02-02,BR-GAYA-PHC-001,AMOXICILLIN_500,Amoxicillin 500mg Capsules,27,489,103
2025-02-03,BR-GAYA-PHC-001,AMOXICILLIN_500,Amoxicillin 500mg Capsules,22,467,113
2025-02-04,BR-GAYA-PHC-001,AMOXICILLIN_500,Amoxicillin 500mg Capsules,27,440,104
2025-02-05,BR-GAYA-PHC-001,AMOXICILLIN_500,Amoxicillin 500mg Capsules,26,414,89
2025-02-06,BR-GAYA-PHC-001,AMOXICILLIN_500,Amoxicillin 500mg Capsules,28,386,93
2025-02-07,BR-GAYA-PHC-001,AMOXICILLIN_500,Amoxicillin 500mg Capsules,27,359,90
2025-02-08,BR-GAYA-PHC-001,AMOXICILLIN_500,Amoxicillin 500mg Capsules,24,335,111
2025-02-09,BR-GAYA-PHC-001,AMOXICILLIN_500,Amoxicillin 500mg Capsules,26,309,95
2025-02-10,BR-GAYA-PHC-001,AMOXICILLIN_500,Amoxicillin 500mg Capsules,26,283,95
2025-02-11,BR-GAYA-PHC-001,AMOXICILLIN_500,Amoxicillin 500mg Capsules,24,259,112
2025-02-12,BR-GAYA-PHC-001,AMOXICILLIN_500,Amoxicillin 500mg Capsules,21,238,90
2025-02-13,BR-GAYA-PHC-001,AMOXICILLIN_500,Amoxicillin 500mg Capsules,27,211,109
2025-02-14,BR-GAYA-PHC-001,AMOXICILLIN_500,Amoxicillin 500mg Capsules,22,189,96
2025-02-15,BR-GAYA-PHC-001,AMOXICILLIN_500,Amoxicillin 500mg Capsules,27,162,107
2024-11-18,BR-GAYA-PHC-001,AZITHROMYCIN_500,Azithromycin 500mg Tablets,17,249,90
2024-11-19,BR-GAYA-PHC-001,AZITHROMYCIN_500,Azithromycin 500mg Tablets,13,236,110
2024-11-20,BR-GAYA-PHC-001,AZITHROMYCIN_500,Azithromycin 500mg Tablets,11,225,111
2024-11-21,BR-GAYA-PHC-001,AZITHROMYCIN_500,Azithromycin 500mg Tablets,15,210,89
2024-11-22,BR-GAYA-PHC-001,AZITHROMYCIN_500,Azithromycin 500mg Tablets,17,193,95
2024-11-23,BR-GAYA-PHC-001,AZITHROMYCIN_500,Azithromycin 500mg Tablets,11,182,105
2024-11-24,BR-GAYA-PHC-001,AZITHROMYCIN_500,Azithromycin 500mg Tablets,14,168,104
2024-11-25,BR-GAYA-PHC-001,AZITHROMYCIN_500,Azithromycin 500mg Tablets,12,156,104
2024-11-26,BR-GAYA-PHC-001,AZITHROMYCIN_500,Azithromycin 500mg Tablets,15,141,94
2024-11-27,BR-GAYA-PHC-001,AZITHROMYCIN_500,Azithromycin 500mg Tablets,15,126,104
2024-11-28,BR-GAYA-PHC-001,AZITHROMYCIN_500,Azithromycin 500mg Tablets,14,112,101
2024-11-29,BR-GAYA-PHC-001,AZITHROMYCIN_500,Azithromycin 500mg Tablets,14,98,111
2024-11-30,BR-GAYA-PHC-001,AZITHROMYCIN_500,Azithromycin 500mg Tablets,13,85,109
2024-12-01,BR-GAYA-PHC-001,AZITHROMYCIN_500,Azithromycin 500mg Tablets,17,316,104
2024-12-02,BR-GAYA-PHC-001,AZITHROMYCIN_500,Azithromycin 500mg Tablets,17,299,91
2024-12-03,BR-GAYA-PHC-001,AZITHROMYCIN_500,Azithromycin 500mg Tablets,17,282,89
2024-12-04,BR-GAYA-PHC-001,AZITHROMYCIN_500,Azithromycin 500mg Tablets,17,265,101
2024-12-05,BR-GAYA-PHC-001,AZITHROMYCIN_500,Azithromycin 500mg Tablets,17,248,93
2024-12-06,BR-GAYA-PHC-001,AZITHROMYCIN_500,Azithromycin 500mg Tablets,18,230,95
2024-12-07,BR-GAYA-PHC-001,AZITHROMYCIN_500,Azithromycin 500mg Tablets,15,215,99
2024-12-08,BR-GAYA-PHC-001,AZITHROMYCIN_500,Azithromycin 500mg Tablets,15,200,89
2024-12-09,BR-GAYA-PHC-001,AZITHROMYCIN_500,Azithromycin 500mg Tablets,18,182,105
2024-12-10,BR-GAYA-PHC-001,AZITHROMYCIN_500,Azithromycin 500mg Tablets,14,168,102
2024-12-11,BR-GAYA-PHC-001,AZITHROMYCIN_500,Azithromycin 500mg Tablets,16,152,98
2024-12-12,BR-GAYA-PHC-001,AZITHROMYCIN_500,Azithromycin 500mg Tablets,16,136,97
2024-12-13,BR-GAYA-PHC-001,AZITHROMYCIN_500,Azithromycin 500mg Tablets,15,121,110
2024-12-14,BR-GAYA-PHC-001,AZITHROMYCIN_500,Azithromycin 500mg Tablets,13,108,111
2024-12-15,BR-GAYA-PHC-001,AZITHROMYCIN_500,Azithromycin 500mg Tablets,11,97,104
2024-12-16,BR-GAYA-PHC-001,AZITHROMYCIN_500,Azithromycin 500mg Tablets,12,85,105
2024-12-17,BR-GAYA-PHC-001,AZITHROMYCIN_500,Azithromycin 500mg Tablets,28,281,106
2024-12-18,BR-GAYA-PHC-001,AZITHROMYCIN_500,Azithromycin 500mg Tablets,37,244,115
2024-12-19,BR-GAYA-PHC-001,AZITHROMYCIN_500,Azithromycin 500mg Tablets,22,222,110
2024-12-20,BR-GAYA-PHC-001,AZITHROMYCIN_500,Azithromycin 500mg Tablets,32,190,120
2024-12-21,BR-GAYA-PHC-001,AZITHROMYCIN_500,Azithromycin 500mg Tablets,23,167,108
2024-12-22,BR-GAYA-PHC-001,AZITHROMYCIN_500,Azithromycin 500mg Tablets,21,146,124
2024-12-23,BR-GAYA-PHC-001,AZITHROMYCIN_500,Azithromycin 500mg Tablets,38,108,115
2024-12-24,BR-GAYA-PHC-001,AZITHROMYCIN_500,Azithromycin 500mg Tablets,24,84,118
2024-12-25,BR-GAYA-PHC-001,AZITHROMYCIN_500,Azithromycin 500mg Tablets,35,254,110
2024-12-26,BR-GAYA-PHC-001,AZITHROMYCIN_500,Azithromycin 500mg Tablets,25,229,123
2024-12-27,BR-GAYA-PHC-001,AZITHROMYCIN_500,Azithromycin 500mg Tablets,23,206,112
2024-12-28,BR-GAYA-PHC-001,AZITHROMYCIN_500,Azithromycin 500mg Tablets,30,176,128
2024-12-29,BR-GAYA-PHC-001,AZITHROMYCIN_500,Azithromycin 500mg Tablets,28,148,109
2024-12-30,BR-GAYA-PHC-001,AZITHROMYCIN_500,Azithromycin 500mg Tablets,27,121,128
2024-12-31,BR-GAYA-PHC-001,AZITHROMYCIN_500,Azithromycin 500mg Tablets,38,83,111
2025-01-01,BR-GAYA-PHC-001,AZITHROMYCIN_500,Azithromycin 500mg Tablets,35,302,113
2025-01-02,BR-GAYA-PHC-001,AZITHROMYCIN_500,Azithromycin 500mg Tablets,25,277,107
2025-01-03,BR-GAYA-PHC-001,AZITHROMYCIN_500,Azithromycin 500mg Tablets,28,249,123
2025-01-04,BR-GAYA-PHC-001,AZITHROMYCIN_500,Azithromycin 500mg Tablets,35,214,111
2025-01-05,BR-GAYA-PHC-001,AZITHROMYCIN_500,Azithromycin 500mg Tablets,30,184,111
2025-01-06,BR-GAYA-PHC-001,AZITHROMYCIN_500,Azithromycin 500mg Tablets,28,156,107
2025-01-07,BR-GAYA-PHC-001,AZITHROMYCIN_500,Azithromycin 500mg Tablets,33,123,121
2025-01-08,BR-GAYA-PHC-001,AZITHROMYCIN_500,Azithromycin 500mg Tablets,37,86,121
2025-01-09,BR-GAYA-PHC-001,AZITHROMYCIN_500,Azithromycin 500mg Tablets,28,298,108
2025-01-10,BR-GAYA-PHC-001,AZITHROMYCIN_500,Azithromycin 500mg Tablets,32,266,127
2025-01-11,BR-GAYA-PHC-001,AZITHROMYCIN_500,Azithromycin 500mg Tablets,26,240,122
2025-01-12,BR-GAYA-PHC-001,AZITHROMYCIN_500,Azithromycin 500mg Tablets,13,227,113
2025-01-13,BR-GAYA-PHC-001,AZITHROMYCIN_500,Azithromycin 500mg Tablets,14,213,96
2025-01-14,BR-GAYA-PHC-001,AZITHROMYCIN_500,Azithromycin 500mg Tablets,15,198,95
2025-01-15,BR-GAYA-PHC-001,AZITHROMYCIN_500,Azithromycin 500mg Tablets,18,180,111
2025-01-16,BR-GAYA-PHC-001,AZITHROMYCIN_500,Azithromycin 500mg Tablets,17,163,104
2025-01-17,BR-GAYA-PHC-001,AZITHROMYCIN_500,Azithromycin 500mg Tablets,18,145,112
2025-01-18,BR-GAYA-PHC-001,AZITHROMYCIN_500,Azithromycin 500mg Tablets,16,129,108
2025-01-19,BR-GAYA-PHC-001,AZITHROMYCIN_500,Azithromycin 500mg Tablets,13,116,101
2025-01-20,BR-GAYA-PHC-001,AZITHROMYCIN_500,Azithromycin 500mg Tablets,15,101,112
2025-01-21,BR-GAYA-PHC-001,AZITHROMYCIN_500,Azithromycin 500mg Tablets,17,84,96
2025-01-22,BR-GAYA-PHC-001,AZITHROMYCIN_500,Azithromycin 500mg Tablets,17,324,111
2025-01-23,BR-GAYA-PHC-001,AZITHROMYCIN_500,Azithromycin 500mg Tablets,11,313,98
2025-01-24,BR-GAYA-PHC-001,AZITHROMYCIN_500,Azithromycin 500mg Tablets,15,298,103
2025-01-25,BR-GAYA-PHC-001,AZITHROMYCIN_500,Azithromycin 500mg Tablets,14,284,89
2025-01-26,BR-GAYA-PHC-001,AZITHROMYCIN_500,Azithromycin 500mg Tablets,12,272,102
2025-01-27,BR-GAYA-PHC-001,AZITHROMYCIN_500,Azithromycin 500mg Tablets,12,260,100
2025-01-28,BR-GAYA-PHC-001,AZITHROMYCIN_500,Azithromycin 500mg Tablets,16,244,110
2025-01-29,BR-GAYA-PHC-001,AZITHROMYCIN_500,Azithromycin 500mg Tablets,17,227,112
2025-01-30,BR-GAYA-PHC-001,AZITHROMYCIN_500,Azithromycin 500mg Tablets,18,209,94
2025-01-31,BR-GAYA-PHC-001,AZITHROMYCIN_500,Azithromycin 500mg Tablets,17,192,102
2025-02-01,BR-GAYA-PHC-001,AZITHROMYCIN_500,Azithromycin 500mg Tablets,14,178,102
2025-02-02,BR-GAYA-PHC-001,AZITHROMYCIN_500,Azithromycin 500mg Tablets,18,160,93
2025-02-03,BR-GAYA-PHC-001,AZITHROMYCIN_500,Azithromycin 500mg Tablets,18,142,105
2025-02-04,BR-GAYA-PHC-001,AZITHROMYCIN_500,Azithromycin 500mg Tablets,16,126,104
2025-02-05,BR-GAYA-PHC-001,AZITHROMYCIN_500,Azithromycin 500mg Tablets,12,114,108
2025-02-06,BR-GAYA-PHC-001,AZITHROMYCIN_500,Azithromycin 500mg Tablets,14,100,97
2025-02-07,BR-GAYA-PHC-001,AZITHROMYCIN_500,Azithromycin 500mg Tablets,16,84,90
2025-02-08,BR-GAYA-PHC-001,AZITHROMYCIN_500,Azithromycin 500mg Tablets,17,242,109
2025-02-09,BR-GAYA-PHC-001,AZITHROMYCIN_500,Azithromycin 500mg Tablets,15,227,111
2025-02-10,BR-GAYA-PHC-001,AZITHROMYCIN_500,Azithromycin 500mg Tablets,13,214,101
2025-02-11,BR-GAYA-PHC-001,AZITHROMYCIN_500,Azithromycin 500mg Tablets,16,198,90
2025-02-12,BR-GAYA-PHC-001,AZITHROMYCIN_500,Azithromycin 500mg Tablets,16,182,107
2025-02-13,BR-GAYA-PHC-001,AZITHROMYCIN_500,Azithromycin 500mg Tablets,12,170,98
2025-02-14,BR-GAYA-PHC-001,AZITHROMYCIN_500,Azithromycin 500mg Tablets,13,157,99
2025-02-15,BR-GAYA-PHC-001,AZITHROMYCIN_500,Azithromycin 500mg Tablets,13,144,98
2024-11-18,BR-GAYA-PHC-001,METFORMIN_500,Metformin 500mg Tablets,22,392,97
2024-11-19,BR-GAYA-PHC-001,METFORMIN_500,Metformin 500mg Tablets,25,367,90
2024-11-20,BR-GAYA-PHC-001,METFORMIN_500,Metformin 500mg Tablets,23,344,92
2024-11-21,BR-GAYA-PHC-001,METFORMIN_500,Metformin 500mg Tablets,23,321,113
2024-11-22,BR-GAYA-PHC-001,METFORMIN_500,Metformin 500mg Tablets,22,299,100
2024-11-23,BR-GAYA-PHC-001,METFORMIN_500,Metformin 500mg Tablets,24,275,112
2024-11-24,BR-GAYA-PHC-001,METFORMIN_500,Metformin 500mg Tablets,25,250,96
2024-11-25,BR-GAYA-PHC-001,METFORMIN_500,Metformin 500mg Tablets,20,230,112
2024-11-26,BR-GAYA-PHC-001,METFORMIN_500,Metformin 500mg Tablets,18,212,95
2024-11-27,BR-GAYA-PHC-001,METFORMIN_500,Metformin 500mg Tablets,18,194,92
2024-11-28,BR-GAYA-PHC-001,METFORMIN_500,Metformin 500mg Tablets,25,169,97
2024-11-29,BR-GAYA-PHC-001,METFORMIN_500,Metformin 500mg Tablets,18,151,112
2024-11-30,BR-GAYA-PHC-001,METFORMIN_500,Metformin 500mg Tablets,25,126,90
2024-12-01,BR-GAYA-PHC-001,METFORMIN_500,Metformin 500mg Tablets,22,407,91
2024-12-02,BR-GAYA-PHC-001,METFORMIN_500,Metformin 500mg Tablets,23,384,90
2024-12-03,BR-GAYA-PHC-001,METFORMIN_500,Metformin 500mg Tablets,23,361,100
2024-12-04,BR-GAYA-PHC-001,METFORMIN_500,Metformin 500mg Tablets,18,343,109
2024-12-05,BR-GAYA-PHC-001,METFORMIN_500,Metformin 500mg Tablets,22,321,99
2024-12-06,BR-GAYA-PHC-001,METFORMIN_500,Metformin 500mg Tablets,25,296,101
2024-12-07,BR-GAYA-PHC-001,METFORMIN_500,Metformin 500mg Tablets,24,272,107
2024-12-08,BR-GAYA-PHC-001,METFORMIN_500,Metformin 500mg Tablets,18,254,97
2024-12-09,BR-GAYA-PHC-001,METFORMIN_500,Metformin 500mg Tablets,18,236,96
2024-12-10,BR-GAYA-PHC-001,METFORMIN_500,Metformin 500mg Tablets,19,217,110
2024-12-11,BR-GAYA-PHC-001,METFORMIN_500,Metformin 500mg Tablets,19,198,109
2024-12-12,BR-GAYA-PHC-001,METFORMIN_500,Metformin 500mg Tablets,24,174,90
2024-12-13,BR-GAYA-PHC-001,METFORMIN_500,Metformin 500mg Tablets,24,150,96
2024-12-14,BR-GAYA-PHC-001,METFORMIN_500,Metformin 500mg Tablets,20,130,104
2024-12-15,BR-GAYA-PHC-001,METFORMIN_500,Metformin 500mg Tablets,20,362,110
2024-12-16,BR-GAYA-PHC-001,METFORMIN_500,Metformin 500mg Tablets,24,338,93
2024-12-17,BR-GAYA-PHC-001,METFORMIN_500,Metformin 500mg Tablets,25,313,99
2024-12-18,BR-GAYA-PHC-001,METFORMIN_500,Metformin 500mg Tablets,22,291,97
2024-12-19,BR-GAYA-PHC-001,METFORMIN_500,Metformin 500mg Tablets,20,271,109
2024-12-20,BR-GAYA-PHC-001,METFORMIN_500,Metformin 500mg Tablets,21,250,103
2024-12-21,BR-GAYA-PHC-001,METFORMIN_500,Metformin 500mg Tablets,20,230,111
2024-12-22,BR-GAYA-PHC-001,METFORMIN_500,Metformin 500mg Tablets,23,207,96
2024-12-23,BR-GAYA-PHC-001,METFORMIN_500,Metformin 500mg Tablets,19,188,110
2024-12-24,BR-GAYA-PHC-001,METFORMIN_500,Metformin 500mg Tablets,18,170,110
2024-12-25,BR-GAYA-PHC-001,METFORMIN_500,Metformin 500mg Tablets,18,152,95
2024-12-26,BR-GAYA-PHC-001,METFORMIN_500,Metformin 500mg Tablets,19,133,101
2024-12-27,BR-GAYA-PHC-001,METFORMIN_500,Metformin 500mg Tablets,25,360,104
2024-12-28,BR-GAYA-PHC-001,METFORMIN_500,Metformin 500mg Tablets,22,338,94
2024-12-29,BR-GAYA-PHC-001,METFORMIN_500,Metformin 500mg Tablets,20,318,107
2024-12-30,BR-GAYA-PHC-001,METFORMIN_500,Metformin 500mg Tablets,20,298,91
2024-12-31,BR-GAYA-PHC-001,METFORMIN_500,Metformin 500mg Tablets,19,279,96
2025-01-01,BR-GAYA-PHC-001,METFORMIN_500,Metformin 500mg Tablets,20,259,104
2025-01-02,BR-GAYA-PHC-001,METFORMIN_500,Metformin 500mg Tablets,18,241,102
2025-01-03,BR-GAYA-PHC-001,METFORMIN_500,Metformin 500mg Tablets,19,222,92
2025-01-04,BR-GAYA-PHC-001,METFORMIN_500,Metformin 500mg Tablets,19,203,92
2025-01-05,BR-GAYA-PHC-001,METFORMIN_500,Metformin 500mg Tablets,21,182,101
2025-01-06,BR-GAYA-PHC-001,METFORMIN_500,Metformin 500mg Tablets,23,159,98
2025-01-07,BR-GAYA-PHC-001,METFORMIN_500,Metformin 500mg Tablets,20,139,110
2025-01-08,BR-GAYA-PHC-001,METFORMIN_500,Metformin 500mg Tablets,21,444,92
2025-01-09,BR-GAYA-PHC-001,METFORMIN_500,Metformin 500mg Tablets,21,423,108
2025-01-10,BR-GAYA-PHC-001,METFORMIN_500,Metformin 500mg Tablets,20,403,108
2025-01-11,BR-GAYA-PHC-001,METFORMIN_500,Metformin 500mg Tablets,23,380,113
2025-01-12,BR-GAYA-PHC-001,METFORMIN_500,Metformin 500mg Tablets,19,361,93
2025-01-13,BR-GAYA-PHC-001,METFORMIN_500,Metformin 500mg Tablets,24,337,103
2025-01-14,BR-GAYA-PHC-001,METFORMIN_500,Metformin 500mg Tablets,25,312,91
2025-01-15,BR-GAYA-PHC-001,METFORMIN_500,Metformin 500mg Tablets,21,291,95
2025-01-16,BR-GAYA-PHC-001,METFORMIN_500,Metformin 500mg Tablets,18,273,101
2025-01-17,BR-GAYA-PHC-001,METFORMIN_500,Metformin 500mg Tablets,20,253,101
2025-01-18,BR-GAYA-PHC-001,METFORMIN_500,Metformin 500mg Tablets,18,235,107
2025-01-19,BR-GAYA-PHC-001,METFORMIN_500,Metformin 500mg Tablets,23,212,90
2025-01-20,BR-GAYA-PHC-001,METFORMIN_500,Metformin 500mg Tablets,19,193,90
2025-01-21,BR-GAYA-PHC-001,METFORMIN_500,Metformin 500mg Tablets,19,174,93
2025-01-22,BR-GAYA-PHC-001,METFORMIN_500,Metformin 500mg Tablets,24,150,113
2025-01-23,BR-GAYA-PHC-001,METFORMIN_500,Metformin 500mg Tablets,20,130,92
2025-01-24,BR-GAYA-PHC-001,METFORMIN_500,Metformin 500mg Tablets,19,355,112
2025-01-25,BR-GAYA-PHC-001,METFORMIN_500,Metformin 500mg Tablets,23,332,96
2025-01-26,BR-GAYA-PHC-001,METFORMIN_500,Metformin 500mg Tablets,21,311,113
2025-01-27,BR-GAYA-PHC-001,METFORMIN_500,Metformin 500mg Tablets,22,289,98
2025-01-28,BR-GAYA-PHC-001,METFORMIN_500,Metformin 500mg Tablets,19,270,101
2025-01-29,BR-GAYA-PHC-001,METFORMIN_500,Metformin 500mg Tablets,22,248,113
2025-01-30,BR-GAYA-PHC-001,METFORMIN_500,Metformin 500mg Tablets,19,229,107
2025-01-31,BR-GAYA-PHC-001,METFORMIN_500,Metformin 500mg Tablets,18,211,110
2025-02-01,BR-GAYA-PHC-001,METFORMIN_500,Metformin 500mg Tablets,18,193,112
2025-02-02,BR-GAYA-PHC-001,METFORMIN_500,Metformin 500mg Tablets,24,169,101
2025-02-03,BR-GAYA-PHC-001,METFORMIN_500,Metformin 500mg Tablets,23,146,97
2025-02-04,BR-GAYA-PHC-001,METFORMIN_500,Metformin 500mg Tablets,22,124,112
2025-02-05,BR-GAYA-PHC-001,METFORMIN_500,Metformin 500mg Tablets,23,390,94
2025-02-06,BR-GAYA-PHC-001,METFORMIN_500,Metformin 500mg Tablets,20,370,99
2025-02-07,BR-GAYA-PHC-001,METFORMIN_500,Metformin 500mg Tablets,22,348,99
2025-02-08,BR-GAYA-PHC-001,METFORMIN_500,Metformin 500mg Tablets,25,323,98
2025-02-09,BR-GAYA-PHC-001,METFORMIN_500,Metformin 500mg Tablets,22,301,98
2025-02-10,BR-GAYA-PHC-001,METFORMIN_500,Metformin 500mg Tablets,24,277,107
2025-02-11,BR-GAYA-PHC-001,METFORMIN_500,Metformin 500mg Tablets,23,254,90
2025-02-12,BR-GAYA-PHC-001,METFORMIN_500,Metformin 500mg Tablets,19,235,97
2025-02-13,BR-GAYA-PHC-001,METFORMIN_500,Metformin 500mg Tablets,22,213,91
2025-02-14,BR-GAYA-PHC-001,METFORMIN_500,Metformin 500mg Tablets,18,195,102
2025-02-15,BR-GAYA-PHC-001,METFORMIN_500,Metformin 500mg Tablets,20,175,89
2024-11-18,BR-GAYA-PHC-001,INSULIN_REGULAR,Insulin Regular (100IU/ml),4,199,93
2024-11-19,BR-GAYA-PHC-001,INSULIN_REGULAR,Insulin Regular (100IU/ml),3,196,106
2024-11-20,BR-GAYA-PHC-001,INSULIN_REGULAR,Insulin Regular (100IU/ml),2,194,110
2024-11-21,BR-GAYA-PHC-001,INSULIN_REGULAR,Insulin Regular (100IU/ml),1,193,95
2024-11-22,BR-GAYA-PHC-001,INSULIN_REGULAR,Insulin Regular (100IU/ml),3,190,105
2024-11-23,BR-GAYA-PHC-001,INSULIN_REGULAR,Insulin Regular (100IU/ml),6,184,101
2024-11-24,BR-GAYA-PHC-001,INSULIN_REGULAR,Insulin Regular (100IU/ml),5,179,94
2024-11-25,BR-GAYA-PHC-001,INSULIN_REGULAR,Insulin Regular (100IU/ml),6,173,108
2024-11-26,BR-GAYA-PHC-001,INSULIN_REGULAR,Insulin Regular (100IU/ml),7,166,107
2024-11-27,BR-GAYA-PHC-001,INSULIN_REGULAR,Insulin Regular (100IU/ml),6,160,108
2024-11-28,BR-GAYA-PHC-001,INSULIN_REGULAR,Insulin Regular (100IU/ml),6,154,101
2024-11-29,BR-GAYA-PHC-001,INSULIN_REGULAR,Insulin Regular (100IU/ml),5,149,110
2024-11-30,BR-GAYA-PHC-001,INSULIN_REGULAR,Insulin Regular (100IU/ml),8,141,107
2024-12-01,BR-GAYA-PHC-001,INSULIN_REGULAR,Insulin Regular (100IU/ml),7,134,103
2024-12-02,BR-GAYA-PHC-001,INSULIN_REGULAR,Insulin Regular (100IU/ml),4,130,104
2024-12-03,BR-GAYA-PHC-001,INSULIN_REGULAR,Insulin Regular (100IU/ml),7,123,92
2024-12-04,BR-GAYA-PHC-001,INSULIN_REGULAR,Insulin Regular (100IU/ml),3,120,113
2024-12-05,BR-GAYA-PHC-001,INSULIN_REGULAR,Insulin Regular (100IU/ml),5,115,107
2024-12-06,BR-GAYA-PHC-001,INSULIN_REGULAR,Insulin Regular (100IU/ml),3,112,90
2024-12-07,BR-GAYA-PHC-001,INSULIN_REGULAR,Insulin Regular (100IU/ml),4,108,91
2024-12-08,BR-GAYA-PHC-001,INSULIN_REGULAR,Insulin Regular (100IU/ml),2,106,102
2024-12-09,BR-GAYA-PHC-001,INSULIN_REGULAR,Insulin Regular (100IU/ml),2,104,102
2024-12-10,BR-GAYA-PHC-001,INSULIN_REGULAR,Insulin Regular (100IU/ml),6,98,106
2024-12-11,BR-GAYA-PHC-001,INSULIN_REGULAR,Insulin Regular (100IU/ml),7,91,105
2024-12-12,BR-GAYA-PHC-001,INSULIN_REGULAR,Insulin Regular (100IU/ml),8,83,98
2024-12-13,BR-GAYA-PHC-001,INSULIN_REGULAR,Insulin Regular (100IU/ml),6,77,108
2024-12-14,BR-GAYA-PHC-001,INSULIN_REGULAR,Insulin Regular (100IU/ml),4,73,100
2024-12-15,BR-GAYA-PHC-001,INSULIN_REGULAR,Insulin Regular (100IU/ml),4,69,101
2024-12-16,BR-GAYA-PHC-001,INSULIN_REGULAR,Insulin Regular (100IU/ml),7,62,94
2024-12-17,BR-GAYA-PHC-001,INSULIN_REGULAR,Insulin Regular (100IU/ml),5,57,101
2024-12-18,BR-GAYA-PHC-001,INSULIN_REGULAR,Insulin Regular (100IU/ml),6,51,89
2024-12-19,BR-GAYA-PHC-001,INSULIN_REGULAR,Insulin Regular (100IU/ml),5,46,99
2024-12-20,BR-GAYA-PHC-001,INSULIN_REGULAR,Insulin Regular (100IU/ml),2,44,105
2024-12-21,BR-GAYA-PHC-001,INSULIN_REGULAR,Insulin Regular (100IU/ml),3,41,103
2024-12-22,BR-GAYA-PHC-001,INSULIN_REGULAR,Insulin Regular (100IU/ml),8,33,99
2024-12-23,BR-GAYA-PHC-001,INSULIN_REGULAR,Insulin Regular (100IU/ml),5,107,100
2024-12-24,BR-GAYA-PHC-001,INSULIN_REGULAR,Insulin Regular (100IU/ml),4,103,99
2024-12-25,BR-GAYA-PHC-001,INSULIN_REGULAR,Insulin Regular (100IU/ml),6,97,101
2024-12-26,BR-GAYA-PHC-001,INSULIN_REGULAR,Insulin Regular (100IU/ml),7,90,110
2024-12-27,BR-GAYA-PHC-001,INSULIN_REGULAR,Insulin Regular (100IU/ml),8,82,92
2024-12-28,BR-GAYA-PHC-001,INSULIN_REGULAR,Insulin Regular (100IU/ml),7,75,101
2024-12-29,BR-GAYA-PHC-001,INSULIN_REGULAR,Insulin Regular (100IU/ml),8,67,103
2024-12-30,BR-GAYA-PHC-001,INSULIN_REGULAR,Insulin Regular (100IU/ml),6,61,97
2024-12-31,BR-GAYA-PHC-001,INSULIN_REGULAR,Insulin Regular (100IU/ml),5,56,109
2025-01-01,BR-GAYA-PHC-001,INSULIN_REGULAR,Insulin Regular (100IU/ml),5,51,93
2025-01-02,BR-GAYA-PHC-001,INSULIN_REGULAR,Insulin Regular (100IU/ml),3,48,90
2025-01-03,BR-GAYA-PHC-001,INSULIN_REGULAR,Insulin Regular (100IU/ml),4,44,105
2025-01-04,BR-GAYA-PHC-001,INSULIN_REGULAR,Insulin Regular (100IU/ml),6,38,96
2025-01-05,BR-GAYA-PHC-001,INSULIN_REGULAR,Insulin Regular (100IU/ml),6,32,97
2025-01-06,BR-GAYA-PHC-001,INSULIN_REGULAR,Insulin Regular (100IU/ml),3,148,100
2025-01-07,BR-GAYA-PHC-001,INSULIN_REGULAR,Insulin Regular (100IU/ml),2,146,93
2025-01-08,BR-GAYA-PHC-001,INSULIN_REGULAR,Insulin Regular (100IU/ml),7,139,111
2025-01-09,BR-GAYA-PHC-001,INSULIN_REGULAR,Insulin Regular (100IU/ml),4,135,93
2025-01-10,BR-GAYA-PHC-001,INSULIN_REGULAR,Insulin Regular (100IU/ml),5,130,99
2025-01-11,BR-GAYA-PHC-001,INSULIN_REGULAR,Insulin Regular (100IU/ml),2,128,98
2025-01-12,BR-GAYA-PHC-001,INSULIN_REGULAR,Insulin Regular (100IU/ml),2,126,102
2025-01-13,BR-GAYA-PHC-001,INSULIN_REGULAR,Insulin Regular (100IU/ml),1,125,90
2025-01-14,BR-GAYA-PHC-001,INSULIN_REGULAR,Insulin Regular (100IU/ml),3,122,110
2025-01-15,BR-GAYA-PHC-001,INSULIN_REGULAR,Insulin Regular (100IU/ml),3,119,92
2025-01-16,BR-GAYA-PHC-001,INSULIN_REGULAR,Insulin Regular (100IU/ml),5,114,90
2025-01-17,BR-GAYA-PHC-001,INSULIN_REGULAR,Insulin Regular (100IU/ml),8,106,91
2025-01-18,BR-GAYA-PHC-001,INSULIN_REGULAR,Insulin Regular (100IU/ml),3,103,99
2025-01-19,BR-GAYA-PHC-001,INSULIN_REGULAR,Insulin Regular (100IU/ml),6,97,104
2025-01-20,BR-GAYA-PHC-001,INSULIN_REGULAR,Insulin Regular (100IU/ml),1,96,91
2025-01-21,BR-GAYA-PHC-001,INSULIN_REGULAR,Insulin Regular (100IU/ml),1,95,101
2025-01-22,BR-GAYA-PHC-001,INSULIN_REGULAR,Insulin Regular (100IU/ml),5,90,92
2025-01-23,BR-GAYA-PHC-001,INSULIN_REGULAR,Insulin Regular (100IU/ml),1,89,103
2025-01-24,BR-GAYA-PHC-001,INSULIN_REGULAR,Insulin Regular (100IU/ml),5,84,94
2025-01-25,BR-GAYA-PHC-001,INSULIN_REGULAR,Insulin Regular (100IU/ml),5,79,108
2025-01-26,BR-GAYA-PHC-001,INSULIN_REGULAR,Insulin Regular (100IU/ml),3,76,107
2025-01-27,BR-GAYA-PHC-001,INSULIN_REGULAR,Insulin Regular (100IU/ml),4,72,94
2025-01-28,BR-GAYA-PHC-001,INSULIN_REGULAR,Insulin Regular (100IU/ml),4,68,113
2025-01-29,BR-GAYA-PHC-001,INSULIN_REGULAR,Insulin Regular (100IU/ml),4,64,107
2025-01-30,BR-GAYA-PHC-001,INSULIN_REGULAR,Insulin Regular (100IU/ml),5,59,110
2025-01-31,BR-GAYA-PHC-001,INSULIN_REGULAR,Insulin Regular (100IU/ml),4,55,96
2025-02-01,BR-GAYA-PHC-001,INSULIN_REGULAR,Insulin Regular (100IU/ml),2,53,113
2025-02-02,BR-GAYA-PHC-001,INSULIN_REGULAR,Insulin Regular (100IU/ml),1,52,97
2025-02-03,BR-GAYA-PHC-001,INSULIN_REGULAR,Insulin Regular (100IU/ml),1,51,111
2025-02-04,BR-GAYA-PHC-001,INSULIN_REGULAR,Insulin Regular (100IU/ml),4,47,95
2025-02-05,BR-GAYA-PHC-001,INSULIN_REGULAR,Insulin Regular (100IU/ml),7,40,95
2025-02-06,BR-GAYA-PHC-001,INSULIN_REGULAR,Insulin Regular (100IU/ml),7,33,102
2025-02-07,BR-GAYA-PHC-001,INSULIN_REGULAR,Insulin Regular (100IU/ml),7,122,93
2025-02-08,BR-GAYA-PHC-001,INSULIN_REGULAR,Insulin Regular (100IU/ml),5,117,107
2025-02-09,BR-GAYA-PHC-001,INSULIN_REGULAR,Insulin Regular (100IU/ml),4,113,89
2025-02-10,BR-GAYA-PHC-001,INSULIN_REGULAR,Insulin Regular (100IU/ml),5,108,106
2025-02-11,BR-GAYA-PHC-001,INSULIN_REGULAR,Insulin Regular (100IU/ml),8,100,100
2025-02-12,BR-GAYA-PHC-001,INSULIN_REGULAR,Insulin Regular (100IU/ml),8,92,95
2025-02-13,BR-GAYA-PHC-001,INSULIN_REGULAR,Insulin Regular (100IU/ml),8,84,109
2025-02-14,BR-GAYA-PHC-001,INSULIN_REGULAR,Insulin Regular (100IU/ml),7,77,106
2025-02-15,BR-GAYA-PHC-001,INSULIN_REGULAR,Insulin Regular (100IU/ml),3,74,91
2024-11-18,BR-GAYA-PHC-001,RABIES_VACCINE,Anti-Rabies Vaccine (ARV),7,107,91
2024-11-19,BR-GAYA-PHC-001,RABIES_VACCINE,Anti-Rabies Vaccine (ARV),4,103,95
2024-11-20,BR-GAYA-PHC-001,RABIES_VACCINE,Anti-Rabies Vaccine (ARV),1,102,112
2024-11-21,BR-GAYA-PHC-001,RABIES_VACCINE,Anti-Rabies Vaccine (ARV),1,101,103
2024-11-22,BR-GAYA-PHC-001,RABIES_VACCINE,Anti-Rabies Vaccine (ARV),7,94,101
2024-11-23,BR-GAYA-PHC-001,RABIES_VACCINE,Anti-Rabies Vaccine (ARV),1,93,113
2024-11-24,BR-GAYA-PHC-001,RABIES_VACCINE,Anti-Rabies Vaccine (ARV),4,89,104
2024-11-25,BR-GAYA-PHC-001,RABIES_VACCINE,Anti-Rabies Vaccine (ARV),1,88,96
2024-11-26,BR-GAYA-PHC-001,RABIES_VACCINE,Anti-Rabies Vaccine (ARV),4,84,103
2024-11-27,BR-GAYA-PHC-001,RABIES_VACCINE,Anti-Rabies Vaccine (ARV),3,81,101
2024-11-28,BR-GAYA-PHC-001,RABIES_VACCINE,Anti-Rabies Vaccine (ARV),3,78,99
2024-11-29,BR-GAYA-PHC-001,RABIES_VACCINE,Anti-Rabies Vaccine (ARV),3,75,113
2024-11-30,BR-GAYA-PHC-001,RABIES_VACCINE,Anti-Rabies Vaccine (ARV),4,71,95
2024-12-01,BR-GAYA-PHC-001,RABIES_VACCINE,Anti-Rabies Vaccine (ARV),3,68,98
2024-12-02,BR-GAYA-PHC-001,RABIES_VACCINE,Anti-Rabies Vaccine (ARV),5,63,112
2024-12-03,BR-GAYA-PHC-001,RABIES_VACCINE,Anti-Rabies Vaccine (ARV),6,57,93
2024-12-04,BR-GAYA-PHC-001,RABIES_VACCINE,Anti-Rabies Vaccine (ARV),1,56,95
2024-12-05,BR-GAYA-PHC-001,RABIES_VACCINE,Anti-Rabies Vaccine (ARV),1,55,113
2024-12-06,BR-GAYA-PHC-001,RABIES_VACCINE,Anti-Rabies Vaccine (ARV),1,54,89
2024-12-07,BR-GAYA-PHC-001,RABIES_VACCINE,Anti-Rabies Vaccine (ARV),4,50,103
2024-12-08,BR-GAYA-PHC-001,RABIES_VACCINE,Anti-Rabies Vaccine (ARV),6,44,92
2024-12-09,BR-GAYA-PHC-001,RABIES_VACCINE,Anti-Rabies Vaccine (ARV),1,43,97
2024-12-10,BR-GAYA-PHC-001,RABIES_VACCINE,Anti-Rabies Vaccine (ARV),7,36,96
2024-12-11,BR-GAYA-PHC-001,RABIES_VACCINE,Anti-Rabies Vaccine (ARV),7,29,100
2024-12-12,BR-GAYA-PHC-001,RABIES_VACCINE,Anti-Rabies Vaccine (ARV),7,128,93
2024-12-13,BR-GAYA-PHC-001,RABIES_VACCINE,Anti-Rabies Vaccine (ARV),5,123,112
2024-12-14,BR-GAYA-PHC-001,RABIES_VACCINE,Anti-Rabies Vaccine (ARV),3,120,104
2024-12-15,BR-GAYA-PHC-001,RABIES_VACCINE,Anti-Rabies Vaccine (ARV),1,119,109
2024-12-16,BR-GAYA-PHC-001,RABIES_VACCINE,Anti-Rabies Vaccine (ARV),4,115,106
2024-12-17,BR-GAYA-PHC-001,RABIES_VACCINE,Anti-Rabies Vaccine (ARV),5,110,107
2024-12-18,BR-GAYA-PHC-001,RABIES_VACCINE,Anti-Rabies Vaccine (ARV),5,105,101
2024-12-19,BR-GAYA-PHC-001,RABIES_VACCINE,Anti-Rabies Vaccine (ARV),2,103,104
2024-12-20,BR-GAYA-PHC-001,RABIES_VACCINE,Anti-Rabies Vaccine (ARV),1,102,99
2024-12-21,BR-GAYA-PHC-001,RABIES_VACCINE,Anti-Rabies Vaccine (ARV),1,101,112
2024-12-22,BR-GAYA-PHC-001,RABIES_VACCINE,Anti-Rabies Vaccine (ARV),7,94,109
2024-12-23,BR-GAYA-PHC-001,RABIES_VACCINE,Anti-Rabies Vaccine (ARV),7,87,109
2024-12-24,BR-GAYA-PHC-001,RABIES_VACCINE,Anti-Rabies Vaccine (ARV),5,82,106
2024-12-25,BR-GAYA-PHC-001,RABIES_VACCINE,Anti-Rabies Vaccine (ARV),7,75,107
2024-12-26,BR-GAYA-PHC-001,RABIES_VACCINE,Anti-Rabies Vaccine (ARV),5,70,95
2024-12-27,BR-GAYA-PHC-001,RABIES_VACCINE,Anti-Rabies Vaccine (ARV),4,66,97
2024-12-28,BR-GAYA-PHC-001,RABIES_VACCINE,Anti-Rabies Vaccine (ARV),5,61,112
2024-12-29,BR-GAYA-PHC-001,RABIES_VACCINE,Anti-Rabies Vaccine (ARV),5,56,112
2024-12-30,BR-GAYA-PHC-001,RABIES_VACCINE,Anti-Rabies Vaccine (ARV),3,53,92
2024-12-31,BR-GAYA-PHC-001,RABIES_VACCINE,Anti-Rabies Vaccine (ARV),3,50,113
2025-01-01,BR-GAYA-PHC-001,RABIES_VACCINE,Anti-Rabies Vaccine (ARV),5,45,113
2025-01-02,BR-GAYA-PHC-001,RABIES_VACCINE,Anti-Rabies Vaccine (ARV),1,44,92
2025-01-03,BR-GAYA-PHC-001,RABIES_VACCINE,Anti-Rabies Vaccine (ARV),1,43,105
2025-01-04,BR-GAYA-PHC-001,RABIES_VACCINE,Anti-Rabies Vaccine (ARV),2,41,107
2025-01-05,BR-GAYA-PHC-001,RABIES_VACCINE,Anti-Rabies Vaccine (ARV),4,37,105
2025-01-06,BR-GAYA-PHC-001,RABIES_VACCINE,Anti-Rabies Vaccine (ARV),1,36,94
2025-01-07,BR-GAYA-PHC-001,RABIES_VACCINE,Anti-Rabies Vaccine (ARV),1,35,111
2025-01-08,BR-GAYA-PHC-001,RABIES_VACCINE,Anti-Rabies Vaccine (ARV),5,30,101
2025-01-09,BR-GAYA-PHC-001,RABIES_VACCINE,Anti-Rabies Vaccine (ARV),2,28,110
2025-01-10,BR-GAYA-PHC-001,RABIES_VACCINE,Anti-Rabies Vaccine (ARV),1,84,98
2025-01-11,BR-GAYA-PHC-001,RABIES_VACCINE,Anti-Rabies Vaccine (ARV),4,80,89
2025-01-12,BR-GAYA-PHC-001,RABIES_VACCINE,Anti-Rabies Vaccine (ARV),4,76,110
2025-01-13,BR-GAYA-PHC-001,RABIES_VACCINE,Anti-Rabies Vaccine (ARV),7,69,90
2025-01-14,BR-GAYA-PHC-001,RABIES_VACCINE,Anti-Rabies Vaccine (ARV),2,67,112
2025-01-15,BR-GAYA-PHC-001,RABIES_VACCINE,Anti-Rabies Vaccine (ARV),1,66,89
2025-01-16,BR-GAYA-PHC-001,RABIES_VACCINE,Anti-Rabies Vaccine (ARV),6,60,101
2025-01-17,BR-GAYA-PHC-001,RABIES_VACCINE,Anti-Rabies Vaccine (ARV),4,56,104
2025-01-18,BR-GAYA-PHC-001,RABIES_VACCINE,Anti-Rabies Vaccine (ARV),4,52,98
2025-01-19,BR-GAYA-PHC-001,RABIES_VACCINE,Anti-Rabies Vaccine (ARV),3,49,92
2025-01-20,BR-GAYA-PHC-001,RABIES_VACCINE,Anti-Rabies Vaccine (ARV),3,46,98
2025-01-21,BR-GAYA-PHC-001,RABIES_VACCINE,Anti-Rabies Vaccine (ARV),3,43,106
2025-01-22,BR-GAYA-PHC-001,RABIES_VACCINE,Anti-Rabies Vaccine (ARV),6,37,106
2025-01-23,BR-GAYA-PHC-001,RABIES_VACCINE,Anti-Rabies Vaccine (ARV),5,32,98
2025-01-24,BR-GAYA-PHC-001,RABIES_VACCINE,Anti-Rabies Vaccine (ARV),1,31,103
2025-01-25,BR-GAYA-PHC-001,RABIES_VACCINE,Anti-Rabies Vaccine (ARV),6,25,111
2025-01-26,BR-GAYA-PHC-001,RABIES_VACCINE,Anti-Rabies Vaccine (ARV),2,126,94
2025-01-27,BR-GAYA-PHC-001,RABIES_VACCINE,Anti-Rabies Vaccine (ARV),4,122,106
2025-01-28,BR-GAYA-PHC-001,RABIES_VACCINE,Anti-Rabies Vaccine (ARV),1,121,106
2025-01-29,BR-GAYA-PHC-001,RABIES_VACCINE,Anti-Rabies Vaccine (ARV),2,119,104
2025-01-30,BR-GAYA-PHC-001,RABIES_VACCINE,Anti-Rabies Vaccine (ARV),6,113,94
2025-01-31,BR-GAYA-PHC-001,RABIES_VACCINE,Anti-Rabies Vaccine (ARV),5,108,100
2025-02-01,BR-GAYA-PHC-001,RABIES_VACCINE,Anti-Rabies Vaccine (ARV),4,104,90
2025-02-02,BR-GAYA-PHC-001,RABIES_VACCINE,Anti-Rabies Vaccine (ARV),1,103,102
2025-02-03,BR-GAYA-PHC-001,RABIES_VACCINE,Anti-Rabies Vaccine (ARV),7,96,94
2025-02-04,BR-GAYA-PHC-001,RABIES_VACCINE,Anti-Rabies Vaccine (ARV),7,89,90
2025-02-05,BR-GAYA-PHC-001,RABIES_VACCINE,Anti-Rabies Vaccine (ARV),4,85,93
2025-02-06,BR-GAYA-PHC-001,RABIES_VACCINE,Anti-Rabies Vaccine (ARV),3,82,97
2025-02-07,BR-GAYA-PHC-001,RABIES_VACCINE,Anti-Rabies Vaccine (ARV),7,75,93
2025-02-08,BR-GAYA-PHC-001,RABIES_VACCINE,Anti-Rabies Vaccine (ARV),3,72,95
2025-02-09,BR-GAYA-PHC-001,RABIES_VACCINE,Anti-Rabies Vaccine (ARV),1,71,95
2025-02-10,BR-GAYA-PHC-001,RABIES_VACCINE,Anti-Rabies Vaccine (ARV),4,67,113
2025-02-11,BR-GAYA-PHC-001,RABIES_VACCINE,Anti-Rabies Vaccine (ARV),2,65,98
2025-02-12,BR-GAYA-PHC-001,RABIES_VACCINE,Anti-Rabies Vaccine (ARV),6,59,111
2025-02-13,BR-GAYA-PHC-001,RABIES_VACCINE,Anti-Rabies Vaccine (ARV),6,53,105
2025-02-14,BR-GAYA-PHC-001,RABIES_VACCINE,Anti-Rabies Vaccine (ARV),5,48,109
2025-02-15,BR-GAYA-PHC-001,RABIES_VACCINE,Anti-Rabies Vaccine (ARV),7,41,104
2024-11-18,BR-GAYA-PHC-001,OXYGEN_CYLINDER,Medical Oxygen D-Type,1,88,111
2024-11-19,BR-GAYA-PHC-001,OXYGEN_CYLINDER,Medical Oxygen D-Type,1,87,113
2024-11-20,BR-GAYA-PHC-001,OXYGEN_CYLINDER,Medical Oxygen D-Type,1,86,93
2024-11-21,BR-GAYA-PHC-001,OXYGEN_CYLINDER,Medical Oxygen D-Type,1,85,113
2024-11-22,BR-GAYA-PHC-001,OXYGEN_CYLINDER,Medical Oxygen D-Type,1,84,96
2024-11-23,BR-GAYA-PHC-001,OXYGEN_CYLINDER,Medical Oxygen D-Type,1,83,93
2024-11-24,BR-GAYA-PHC-001,OXYGEN_CYLINDER,Medical Oxygen D-Type,1,82,99
2024-11-25,BR-GAYA-PHC-001,OXYGEN_CYLINDER,Medical Oxygen D-Type,1,81,106
2024-11-26,BR-GAYA-PHC-001,OXYGEN_CYLINDER,Medical Oxygen D-Type,4,77,109
2024-11-27,BR-GAYA-PHC-001,OXYGEN_CYLINDER,Medical Oxygen D-Type,1,76,91
2024-11-28,BR-GAYA-PHC-001,OXYGEN_CYLINDER,Medical Oxygen D-Type,1,75,102
2024-11-29,BR-GAYA-PHC-001,OXYGEN_CYLINDER,Medical Oxygen D-Type,4,71,107
2024-11-30,BR-GAYA-PHC-001,OXYGEN_CYLINDER,Medical Oxygen D-Type,5,66,106
2024-12-01,BR-GAYA-PHC-001,OXYGEN_CYLINDER,Medical Oxygen D-Type,1,65,89
2024-12-02,BR-GAYA-PHC-001,OXYGEN_CYLINDER,Medical Oxygen D-Type,1,64,107
2024-12-03,BR-GAYA-PHC-001,OXYGEN_CYLINDER,Medical Oxygen D-Type,1,63,109
2024-12-04,BR-GAYA-PHC-001,OXYGEN_CYLINDER,Medical Oxygen D-Type,4,59,91
2024-12-05,BR-GAYA-PHC-001,OXYGEN_CYLINDER,Medical Oxygen D-Type,1,58,93
2024-12-06,BR-GAYA-PHC-001,OXYGEN_CYLINDER,Medical Oxygen D-Type,2,56,109
2024-12-07,BR-GAYA-PHC-001,OXYGEN_CYLINDER,Medical Oxygen D-Type,1,55,95
2024-12-08,BR-GAYA-PHC-001,OXYGEN_CYLINDER,Medical Oxygen D-Type,4,51,96
2024-12-09,BR-GAYA-PHC-001,OXYGEN_CYLINDER,Medical Oxygen D-Type,4,47,94
2024-12-10,BR-GAYA-PHC-001,OXYGEN_CYLINDER,Medical Oxygen D-Type,4,43,105
2024-12-11,BR-GAYA-PHC-001,OXYGEN_CYLINDER,Medical Oxygen D-Type,2,41,110
2024-12-12,BR-GAYA-PHC-001,OXYGEN_CYLINDER,Medical Oxygen D-Type,4,37,102
2024-12-13,BR-GAYA-PHC-001,OXYGEN_CYLINDER,Medical Oxygen D-Type,2,35,89
2024-12-14,BR-GAYA-PHC-001,OXYGEN_CYLINDER,Medical Oxygen D-Type,1,34,89
2024-12-15,BR-GAYA-PHC-001,OXYGEN_CYLINDER,Medical Oxygen D-Type,4,30,105
2024-12-16,BR-GAYA-PHC-001,OXYGEN_CYLINDER,Medical Oxygen D-Type,1,29,97
2024-12-17,BR-GAYA-PHC-001,OXYGEN_CYLINDER,Medical Oxygen D-Type,1,28,112
2024-12-18,BR-GAYA-PHC-001,OXYGEN_CYLINDER,Medical Oxygen D-Type,2,26,107
2024-12-19,BR-GAYA-PHC-001,OXYGEN_CYLINDER,Medical Oxygen D-Type,1,25,95
2024-12-20,BR-GAYA-PHC-001,OXYGEN_CYLINDER,Medical Oxygen D-Type,1,24,105
2024-12-21,BR-GAYA-PHC-001,OXYGEN_CYLINDER,Medical Oxygen D-Type,4,20,103
2024-12-22,BR-GAYA-PHC-001,OXYGEN_CYLINDER,Medical Oxygen D-Type,1,19,103
2024-12-23,BR-GAYA-PHC-001,OXYGEN_CYLINDER,Medical Oxygen D-Type,2,17,110
2024-12-24,BR-GAYA-PHC-001,OXYGEN_CYLINDER,Medical Oxygen D-Type,1,16,105
2024-12-25,BR-GAYA-PHC-001,OXYGEN_CYLINDER,Medical Oxygen D-Type,5,11,103
2024-12-26,BR-GAYA-PHC-001,OXYGEN_CYLINDER,Medical Oxygen D-Type,1,10,99
2024-12-27,BR-GAYA-PHC-001,OXYGEN_CYLINDER,Medical Oxygen D-Type,1,10,103
2024-12-28,BR-GAYA-PHC-001,OXYGEN_CYLINDER,Medical Oxygen D-Type,5,10,109
2024-12-29,BR-GAYA-PHC-001,OXYGEN_CYLINDER,Medical Oxygen D-Type,5,10,105
2024-12-30,BR-GAYA-PHC-001,OXYGEN_CYLINDER,Medical Oxygen D-Type,5,10,102
2024-12-31,BR-GAYA-PHC-001,OXYGEN_CYLINDER,Medical Oxygen D-Type,4,10,90
2025-01-01,BR-GAYA-PHC-001,OXYGEN_CYLINDER,Medical Oxygen D-Type,1,10,95
2025-01-02,BR-GAYA-PHC-001,OXYGEN_CYLINDER,Medical Oxygen D-Type,5,10,89
2025-01-03,BR-GAYA-PHC-001,OXYGEN_CYLINDER,Medical Oxygen D-Type,1,10,101
2025-01-04,BR-GAYA-PHC-001,OXYGEN_CYLINDER,Medical Oxygen D-Type,1,10,109
2025-01-05,BR-GAYA-PHC-001,OXYGEN_CYLINDER,Medical Oxygen D-Type,4,10,92
2025-01-06,BR-GAYA-PHC-001,OXYGEN_CYLINDER,Medical Oxygen D-Type,5,10,103
2025-01-07,BR-GAYA-PHC-001,OXYGEN_CYLINDER,Medical Oxygen D-Type,1,10,104
2025-01-08,BR-GAYA-PHC-001,OXYGEN_CYLINDER,Medical Oxygen D-Type,3,10,111
2025-01-09,BR-GAYA-PHC-001,OXYGEN_CYLINDER,Medical Oxygen D-Type,4,10,107
2025-01-10,BR-GAYA-PHC-001,OXYGEN_CYLINDER,Medical Oxygen D-Type,1,10,113
2025-01-11,BR-GAYA-PHC-001,OXYGEN_CYLINDER,Medical Oxygen D-Type,1,10,90
2025-01-12,BR-GAYA-PHC-001,OXYGEN_CYLINDER,Medical Oxygen D-Type,5,10,102
2025-01-13,BR-GAYA-PHC-001,OXYGEN_CYLINDER,Medical Oxygen D-Type,2,10,91
2025-01-14,BR-GAYA-PHC-001,OXYGEN_CYLINDER,Medical Oxygen D-Type,1,10,110
2025-01-15,BR-GAYA-PHC-001,OXYGEN_CYLINDER,Medical Oxygen D-Type,2,10,102
2025-01-16,BR-GAYA-PHC-001,OXYGEN_CYLINDER,Medical Oxygen D-Type,1,10,109
2025-01-17,BR-GAYA-PHC-001,OXYGEN_CYLINDER,Medical Oxygen D-Type,3,10,92
2025-01-18,BR-GAYA-PHC-001,OXYGEN_CYLINDER,Medical Oxygen D-Type,2,10,111
2025-01-19,BR-GAYA-PHC-001,OXYGEN_CYLINDER,Medical Oxygen D-Type,2,10,111
2025-01-20,BR-GAYA-PHC-001,OXYGEN_CYLINDER,Medical Oxygen D-Type,1,10,108
2025-01-21,BR-GAYA-PHC-001,OXYGEN_CYLINDER,Medical Oxygen D-Type,1,10,113
2025-01-22,BR-GAYA-PHC-001,OXYGEN_CYLINDER,Medical Oxygen D-Type,1,10,107
2025-01-23,BR-GAYA-PHC-001,OXYGEN_CYLINDER,Medical Oxygen D-Type,2,10,93
2025-01-24,BR-GAYA-PHC-001,OXYGEN_CYLINDER,Medical Oxygen D-Type,5,10,104
2025-01-25,BR-GAYA-PHC-001,OXYGEN_CYLINDER,Medical Oxygen D-Type,3,10,109
2025-01-26,BR-GAYA-PHC-001,OXYGEN_CYLINDER,Medical Oxygen D-Type,4,10,103
2025-01-27,BR-GAYA-PHC-001,OXYGEN_CYLINDER,Medical Oxygen D-Type,3,10,102
2025-01-28,BR-GAYA-PHC-001,OXYGEN_CYLINDER,Medical Oxygen D-Type,1,10,106
2025-01-29,BR-GAYA-PHC-001,OXYGEN_CYLINDER,Medical Oxygen D-Type,1,10,95
2025-01-30,BR-GAYA-PHC-001,OXYGEN_CYLINDER,Medical Oxygen D-Type,1,10,109
2025-01-31,BR-GAYA-PHC-001,OXYGEN_CYLINDER,Medical Oxygen D-Type,1,10,99
2025-02-01,BR-GAYA-PHC-001,OXYGEN_CYLINDER,Medical Oxygen D-Type,5,10,89
2025-02-02,BR-GAYA-PHC-001,OXYGEN_CYLINDER,Medical Oxygen D-Type,1,10,112
2025-02-03,BR-GAYA-PHC-001,OXYGEN_CYLINDER,Medical Oxygen D-Type,1,10,108
2025-02-04,BR-GAYA-PHC-001,OXYGEN_CYLINDER,Medical Oxygen D-Type,1,10,90
2025-02-05,BR-GAYA-PHC-001,OXYGEN_CYLINDER,Medical Oxygen D-Type,1,10,98
2025-02-06,BR-GAYA-PHC-001,OXYGEN_CYLINDER,Medical Oxygen D-Type,1,10,92
2025-02-07,BR-GAYA-PHC-001,OXYGEN_CYLINDER,Medical Oxygen D-Type,2,10,111
2025-02-08,BR-GAYA-PHC-001,OXYGEN_CYLINDER,Medical Oxygen D-Type,2,10,89
2025-02-09,BR-GAYA-PHC-001,OXYGEN_CYLINDER,Medical Oxygen D-Type,4,10,97
2025-02-10,BR-GAYA-PHC-001,OXYGEN_CYLINDER,Medical Oxygen D-Type,1,10,90
2025-02-11,BR-GAYA-PHC-001,OXYGEN_CYLINDER,Medical Oxygen D-Type,1,10,101
2025-02-12,BR-GAYA-PHC-001,OXYGEN_CYLINDER,Medical Oxygen D-Type,2,10,112
2025-02-13,BR-GAYA-PHC-001,OXYGEN_CYLINDER,Medical Oxygen D-Type,1,10,106
2025-02-14,BR-GAYA-PHC-001,OXYGEN_CYLINDER,Medical Oxygen D-Type,1,10,92
2025-02-15,BR-GAYA-PHC-001,OXYGEN_CYLINDER,Medical Oxygen D-Type,1,10,91
2024-11-18,TN-MDU-PHC-001,ORS,ORS Packets (Oral Rehydration),15,471,94
2024-11-19,TN-MDU-PHC-001,ORS,ORS Packets (Oral Rehydration),17,454,92
2024-11-20,TN-MDU-PHC-001,ORS,ORS Packets (Oral Rehydration),17,437,93
2024-11-21,TN-MDU-PHC-001,ORS,ORS Packets (Oral Rehydration),17,420,89
2024-11-22,TN-MDU-PHC-001,ORS,ORS Packets (Oral Rehydration),16,404,98
2024-11-23,TN-MDU-PHC-001,ORS,ORS Packets (Oral Rehydration),20,384,81
2024-11-24,TN-MDU-PHC-001,ORS,ORS Packets (Oral Rehydration),14,370,88
2024-11-25,TN-MDU-PHC-001,ORS,ORS Packets (Oral Rehydration),14,356,93
2024-11-26,TN-MDU-PHC-001,ORS,ORS Packets (Oral Rehydration),15,341,92
2024-11-27,TN-MDU-PHC-001,ORS,ORS Packets (Oral Rehydration),19,322,85
2024-11-28,TN-MDU-PHC-001,ORS,ORS Packets (Oral Rehydration),17,305,97
2024-11-29,TN-MDU-PHC-001,ORS,ORS Packets (Oral Rehydration),17,288,87
2024-11-30,TN-MDU-PHC-001,ORS,ORS Packets (Oral Rehydration),17,271,80
2024-12-01,TN-MDU-PHC-001,ORS,ORS Packets (Oral Rehydration),21,250,95
2024-12-02,TN-MDU-PHC-001,ORS,ORS Packets (Oral Rehydration),15,235,81
2024-12-03,TN-MDU-PHC-001,ORS,ORS Packets (Oral Rehydration),16,219,87
2024-12-04,TN-MDU-PHC-001,ORS,ORS Packets (Oral Rehydration),16,203,90
2024-12-05,TN-MDU-PHC-001,ORS,ORS Packets (Oral Rehydration),20,183,90
2024-12-06,TN-MDU-PHC-001,ORS,ORS Packets (Oral Rehydration),18,165,79
2024-12-07,TN-MDU-PHC-001,ORS,ORS Packets (Oral Rehydration),18,147,92
2024-12-08,TN-MDU-PHC-001,ORS,ORS Packets (Oral Rehydration),20,127,100
2024-12-09,TN-MDU-PHC-001,ORS,ORS Packets (Oral Rehydration),17,110,97
2024-12-10,TN-MDU-PHC-001,ORS,ORS Packets (Oral Rehydration),18,298,102
2024-12-11,TN-MDU-PHC-001,ORS,ORS Packets (Oral Rehydration),15,283,94
2024-12-12,TN-MDU-PHC-001,ORS,ORS Packets (Oral Rehydration),16,267,95
2024-12-13,TN-MDU-PHC-001,ORS,ORS Packets (Oral Rehydration),20,247,85
2024-12-14,TN-MDU-PHC-001,ORS,ORS Packets (Oral Rehydration),17,230,88
2024-12-15,TN-MDU-PHC-001,ORS,ORS Packets (Oral Rehydration),21,209,81
2024-12-16,TN-MDU-PHC-001,ORS,ORS Packets (Oral Rehydration),17,192,97
2024-12-17,TN-MDU-PHC-001,ORS,ORS Packets (Oral Rehydration),16,176,87
2024-12-18,TN-MDU-PHC-001,ORS,ORS Packets (Oral Rehydration),21,155,91
2024-12-19,TN-MDU-PHC-001,ORS,ORS Packets (Oral Rehydration),14,141,92
2024-12-20,TN-MDU-PHC-001,ORS,ORS Packets (Oral Rehydration),15,126,87
2024-12-21,TN-MDU-PHC-001,ORS,ORS Packets (Oral Rehydration),21,105,96
2024-12-22,TN-MDU-PHC-001,ORS,ORS Packets (Oral Rehydration),14,342,79
2024-12-23,TN-MDU-PHC-001,ORS,ORS Packets (Oral Rehydration),21,321,92
2024-12-24,TN-MDU-PHC-001,ORS,ORS Packets (Oral Rehydration),21,300,82
2024-12-25,TN-MDU-PHC-001,ORS,ORS Packets (Oral Rehydration),17,283,84
2024-12-26,TN-MDU-PHC-001,ORS,ORS Packets (Oral Rehydration),16,267,86
2024-12-27,TN-MDU-PHC-001,ORS,ORS Packets (Oral Rehydration),21,246,80
2024-12-28,TN-MDU-PHC-001,ORS,ORS Packets (Oral Rehydration),19,227,94
2024-12-29,TN-MDU-PHC-001,ORS,ORS Packets (Oral Rehydration),18,209,101
2024-12-30,TN-MDU-PHC-001,ORS,ORS Packets (Oral Rehydration),21,188,80
2024-12-31,TN-MDU-PHC-001,ORS,ORS Packets (Oral Rehydration),16,172,85
2025-01-01,TN-MDU-PHC-001,ORS,ORS Packets (Oral Rehydration),16,156,103
2025-01-02,TN-MDU-PHC-001,ORS,ORS Packets (Oral Rehydration),20,136,85
2025-01-03,TN-MDU-PHC-001,ORS,ORS Packets (Oral Rehydration),16,120,93
2025-01-04,TN-MDU-PHC-001,ORS,ORS Packets (Oral Rehydration),18,102,95
2025-01-05,TN-MDU-PHC-001,ORS,ORS Packets (Oral Rehydration),20,315,99
2025-01-06,TN-MDU-PHC-001,ORS,ORS Packets (Oral Rehydration),18,297,83
2025-01-07,TN-MDU-PHC-001,ORS,ORS Packets (Oral Rehydration),19,278,80
2025-01-08,TN-MDU-PHC-001,ORS,ORS Packets (Oral Rehydration),18,260,101
2025-01-09,TN-MDU-PHC-001,ORS,ORS Packets (Oral Rehydration),20,240,80
2025-01-10,TN-MDU-PHC-001,ORS,ORS Packets (Oral Rehydration),18,222,102
2025-01-11,TN-MDU-PHC-001,ORS,ORS Packets (Oral Rehydration),18,204,90
2025-01-12,TN-MDU-PHC-001,ORS,ORS Packets (Oral Rehydration),15,189,100
2025-01-13,TN-MDU-PHC-001,ORS,ORS Packets (Oral Rehydration),17,172,99
2025-01-14,TN-MDU-PHC-001,ORS,ORS Packets (Oral Rehydration),21,151,99
2025-01-15,TN-MDU-PHC-001,ORS,ORS Packets (Oral Rehydration),21,130,85
2025-01-16,TN-MDU-PHC-001,ORS,ORS Packets (Oral Rehydration),18,112,103
2025-01-17,TN-MDU-PHC-001,ORS,ORS Packets (Oral Rehydration),27,341,125
2025-01-18,TN-MDU-PHC-001,ORS,ORS Packets (Oral Rehydration),41,300,113
2025-01-19,TN-MDU-PHC-001,ORS,ORS Packets (Oral Rehydration),39,261,132
2025-01-20,TN-MDU-PHC-001,ORS,ORS Packets (Oral Rehydration),36,225,132
2025-01-21,TN-MDU-PHC-001,ORS,ORS Packets (Oral Rehydration),30,195,124
2025-01-22,TN-MDU-PHC-001,ORS,ORS Packets (Oral Rehydration),25,170,124
2025-01-23,TN-MDU-PHC-001,ORS,ORS Packets (Oral Rehydration),28,142,109
2025-01-24,TN-MDU-PHC-001,ORS,ORS Packets (Oral Rehydration),32,110,110
2025-01-25,TN-MDU-PHC-001,ORS,ORS Packets (Oral Rehydration),30,310,133
2025-01-26,TN-MDU-PHC-001,ORS,ORS Packets (Oral Rehydration),35,275,122
2025-01-27,TN-MDU-PHC-001,ORS,ORS Packets (Oral Rehydration),34,241,142
2025-01-28,TN-MDU-PHC-001,ORS,ORS Packets (Oral Rehydration),35,206,129
2025-01-29,TN-MDU-PHC-001,ORS,ORS Packets (Oral Rehydration),32,174,108
2025-01-30,TN-MDU-PHC-001,ORS,ORS Packets (Oral Rehydration),28,146,121
2025-01-31,TN-MDU-PHC-001,ORS,ORS Packets (Oral Rehydration),34,112,127
2025-02-01,TN-MDU-PHC-001,ORS,ORS Packets (Oral Rehydration),46,302,104
2025-02-02,TN-MDU-PHC-001,ORS,ORS Packets (Oral Rehydration),37,265,123
2025-02-03,TN-MDU-PHC-001,ORS,ORS Packets (Oral Rehydration),40,225,147
2025-02-04,TN-MDU-PHC-001,ORS,ORS Packets (Oral Rehydration),32,193,126
2025-02-05,TN-MDU-PHC-001,ORS,ORS Packets (Oral Rehydration),31,162,125
2025-02-06,TN-MDU-PHC-001,ORS,ORS Packets (Oral Rehydration),36,126,131
2025-02-07,TN-MDU-PHC-001,ORS,ORS Packets (Oral Rehydration),50,76,113
2025-02-08,TN-MDU-PHC-001,ORS,ORS Packets (Oral Rehydration),48,319,116
2025-02-09,TN-MDU-PHC-001,ORS,ORS Packets (Oral Rehydration),30,289,117
2025-02-10,TN-MDU-PHC-001,ORS,ORS Packets (Oral Rehydration),31,258,135
2025-02-11,TN-MDU-PHC-001,ORS,ORS Packets (Oral Rehydration),33,225,103
2025-02-12,TN-MDU-PHC-001,ORS,ORS Packets (Oral Rehydration),40,185,143
2025-02-13,TN-MDU-PHC-001,ORS,ORS Packets (Oral Rehydration),31,154,136
2025-02-14,TN-MDU-PHC-001,ORS,ORS Packets (Oral Rehydration),35,119,112
2025-02-15,TN-MDU-PHC-001,ORS,ORS Packets (Oral Rehydration),29,90,123
2024-11-18,TN-MDU-PHC-001,PARACETAMOL_500,Paracetamol 500mg Tablets,41,582,89
2024-11-19,TN-MDU-PHC-001,PARACETAMOL_500,Paracetamol 500mg Tablets,43,539,87
2024-11-20,TN-MDU-PHC-001,PARACETAMOL_500,Paracetamol 500mg Tablets,40,499,88
2024-11-21,TN-MDU-PHC-001,PARACETAMOL_500,Paracetamol 500mg Tablets,39,460,102
2024-11-22,TN-MDU-PHC-001,PARACETAMOL_500,Paracetamol 500mg Tablets,39,421,85
2024-11-23,TN-MDU-PHC-001,PARACETAMOL_500,Paracetamol 500mg Tablets,39,382,93
2024-11-24,TN-MDU-PHC-001,PARACETAMOL_500,Paracetamol 500mg Tablets,39,343,94
2024-11-25,TN-MDU-PHC-001,PARACETAMOL_500,Paracetamol 500mg Tablets,41,302,102
2024-11-26,TN-MDU-PHC-001,PARACETAMOL_500,Paracetamol 500mg Tablets,36,266,93
2024-11-27,TN-MDU-PHC-001,PARACETAMOL_500,Paracetamol 500mg Tablets,37,229,79
2024-11-28,TN-MDU-PHC-001,PARACETAMOL_500,Paracetamol 500mg Tablets,38,675,87
2024-11-29,TN-MDU-PHC-001,PARACETAMOL_500,Paracetamol 500mg Tablets,41,634,80
2024-11-30,TN-MDU-PHC-001,PARACETAMOL_500,Paracetamol 500mg Tablets,38,596,89
2024-12-01,TN-MDU-PHC-001,PARACETAMOL_500,Paracetamol 500mg Tablets,43,553,80
2024-12-02,TN-MDU-PHC-001,PARACETAMOL_500,Paracetamol 500mg Tablets,42,511,84
2024-12-03,TN-MDU-PHC-001,PARACETAMOL_500,Paracetamol 500mg Tablets,40,471,81
2024-12-04,TN-MDU-PHC-001,PARACETAMOL_500,Paracetamol 500mg Tablets,39,432,83
2024-12-05,TN-MDU-PHC-001,PARACETAMOL_500,Paracetamol 500mg Tablets,42,390,96
2024-12-06,TN-MDU-PHC-001,PARACETAMOL_500,Paracetamol 500mg Tablets,43,347,83
2024-12-07,TN-MDU-PHC-001,PARACETAMOL_500,Paracetamol 500mg Tablets,37,310,88
2024-12-08,TN-MDU-PHC-001,PARACETAMOL_500,Paracetamol 500mg Tablets,37,273,83
2024-12-09,TN-MDU-PHC-001,PARACETAMOL_500,Paracetamol 500mg Tablets,36,237,85
2024-12-10,TN-MDU-PHC-001,PARACETAMOL_500,Paracetamol 500mg Tablets,36,677,92
2024-12-11,TN-MDU-PHC-001,PARACETAMOL_500,Paracetamol 500mg Tablets,36,641,80
2024-12-12,TN-MDU-PHC-001,PARACETAMOL_500,Paracetamol 500mg Tablets,42,599,100
2024-12-13,TN-MDU-PHC-001,PARACETAMOL_500,Paracetamol 500mg Tablets,39,560,90
2024-12-14,TN-MDU-PHC-001,PARACETAMOL_500,Paracetamol 500mg Tablets,36,524,93
2024-12-15,TN-MDU-PHC-001,PARACETAMOL_500,Paracetamol 500mg Tablets,36,488,88
2024-12-16,TN-MDU-PHC-001,PARACETAMOL_500,Paracetamol 500mg Tablets,40,448,80
2024-12-17,TN-MDU-PHC-001,PARACETAMOL_500,Paracetamol 500mg Tablets,53,395,105
2024-12-18,TN-MDU-PHC-001,PARACETAMOL_500,Paracetamol 500mg Tablets,57,338,111
2024-12-19,TN-MDU-PHC-001,PARACETAMOL_500,Paracetamol 500mg Tablets,57,281,94
2024-12-20,TN-MDU-PHC-001,PARACETAMOL_500,Paracetamol 500mg Tablets,60,221,100
2024-12-21,TN-MDU-PHC-001,PARACETAMOL_500,Paracetamol 500mg Tablets,58,589,115
2024-12-22,TN-MDU-PHC-001,PARACETAMOL_500,Paracetamol 500mg Tablets,52,537,118
2024-12-23,TN-MDU-PHC-001,PARACETAMOL_500,Paracetamol 500mg Tablets,57,480,99
2024-12-24,TN-MDU-PHC-001,PARACETAMOL_500,Paracetamol 500mg Tablets,46,434,94
2024-12-25,TN-MDU-PHC-001,PARACETAMOL_500,Paracetamol 500mg Tablets,52,382,111
2024-12-26,TN-MDU-PHC-001,PARACETAMOL_500,Paracetamol 500mg Tablets,54,328,113
2024-12-27,TN-MDU-PHC-001,PARACETAMOL_500,Paracetamol 500mg Tablets,53,275,110
2024-12-28,TN-MDU-PHC-001,PARACETAMOL_500,Paracetamol 500mg Tablets,46,229,96
2024-12-29,TN-MDU-PHC-001,PARACETAMOL_500,Paracetamol 500mg Tablets,54,653,109
2024-12-30,TN-MDU-PHC-001,PARACETAMOL_500,Paracetamol 500mg Tablets,60,593,106
2024-12-31,TN-MDU-PHC-001,PARACETAMOL_500,Paracetamol 500mg Tablets,48,545,104
2025-01-01,TN-MDU-PHC-001,PARACETAMOL_500,Paracetamol 500mg Tablets,54,491,109
2025-01-02,TN-MDU-PHC-001,PARACETAMOL_500,Paracetamol 500mg Tablets,55,436,112
2025-01-03,TN-MDU-PHC-001,PARACETAMOL_500,Paracetamol 500mg Tablets,48,388,113
2025-01-04,TN-MDU-PHC-001,PARACETAMOL_500,Paracetamol 500mg Tablets,56,332,98
2025-01-05,TN-MDU-PHC-001,PARACETAMOL_500,Paracetamol 500mg Tablets,45,287,105
2025-01-06,TN-MDU-PHC-001,PARACETAMOL_500,Paracetamol 500mg Tablets,63,224,99
2025-01-07,TN-MDU-PHC-001,PARACETAMOL_500,Paracetamol 500mg Tablets,48,656,101
2025-01-08,TN-MDU-PHC-001,PARACETAMOL_500,Paracetamol 500mg Tablets,49,607,98
2025-01-09,TN-MDU-PHC-001,PARACETAMOL_500,Paracetamol 500mg Tablets,54,553,98
2025-01-10,TN-MDU-PHC-001,PARACETAMOL_500,Paracetamol 500mg Tablets,57,496,99
2025-01-11,TN-MDU-PHC-001,PARACETAMOL_500,Paracetamol 500mg Tablets,49,447,96
2025-01-12,TN-MDU-PHC-001,PARACETAMOL_500,Paracetamol 500mg Tablets,36,411,96
2025-01-13,TN-MDU-PHC-001,PARACETAMOL_500,Paracetamol 500mg Tablets,41,370,86
2025-01-14,TN-MDU-PHC-001,PARACETAMOL_500,Paracetamol 500mg Tablets,40,330,99
2025-01-15,TN-MDU-PHC-001,PARACETAMOL_500,Paracetamol 500mg Tablets,42,288,93
2025-01-16,TN-MDU-PHC-001,PARACETAMOL_500,Paracetamol 500mg Tablets,38,250,82
2025-01-17,TN-MDU-PHC-001,PARACETAMOL_500,Paracetamol 500mg Tablets,39,211,85
2025-01-18,TN-MDU-PHC-001,PARACETAMOL_500,Paracetamol 500mg Tablets,42,582,85
2025-01-19,TN-MDU-PHC-001,PARACETAMOL_500,Paracetamol 500mg Tablets,43,539,87
2025-01-20,TN-MDU-PHC-001,PARACETAMOL_500,Paracetamol 500mg Tablets,42,497,85
2025-01-21,TN-MDU-PHC-001,PARACETAMOL_500,Paracetamol 500mg Tablets,42,455,93
2025-01-22,TN-MDU-PHC-001,PARACETAMOL_500,Paracetamol 500mg Tablets,36,419,99
2025-01-23,TN-MDU-PHC-001,PARACETAMOL_500,Paracetamol 500mg Tablets,36,383,93
2025-01-24,TN-MDU-PHC-001,PARACETAMOL_500,Paracetamol 500mg Tablets,42,341,88
2025-01-25,TN-MDU-PHC-001,PARACETAMOL_500,Paracetamol 500mg Tablets,41,300,84
2025-01-26,TN-MDU-PHC-001,PARACETAMOL_500,Paracetamol 500mg Tablets,37,263,93
2025-01-27,TN-MDU-PHC-001,PARACETAMOL_500,Paracetamol 500mg Tablets,43,220,94
2025-01-28,TN-MDU-PHC-001,PARACETAMOL_500,Paracetamol 500mg Tablets,42,654,98
2025-01-29,TN-MDU-PHC-001,PARACETAMOL_500,Paracetamol 500mg Tablets,41,613,103
2025-01-30,TN-MDU-PHC-001,PARACETAMOL_500,Paracetamol 500mg Tablets,38,575,85
2025-01-31,TN-MDU-PHC-001,PARACETAMOL_500,Paracetamol 500mg Tablets,37,538,90
2025-02-01,TN-MDU-PHC-001,PARACETAMOL_500,Paracetamol 500mg Tablets,36,502,96
2025-02-02,TN-MDU-PHC-001,PARACETAMOL_500,Paracetamol 500mg Tablets,38,464,94
2025-02-03,TN-MDU-PHC-001,PARACETAMOL_500,Paracetamol 500mg Tablets,39,425,90
2025-02-04,TN-MDU-PHC-001,PARACETAMOL_500,Paracetamol 500mg Tablets,41,384,98
2025-02-05,TN-MDU-PHC-001,PARACETAMOL_500,Paracetamol 500mg Tablets,40,344,82
2025-02-06,TN-MDU-PHC-001,PARACETAMOL_500,Paracetamol 500mg Tablets,42,302,84
2025-02-07,TN-MDU-PHC-001,PARACETAMOL_500,Paracetamol 500mg Tablets,36,266,84
2025-02-08,TN-MDU-PHC-001,PARACETAMOL_500,Paracetamol 500mg Tablets,37,229,97
2025-02-09,TN-MDU-PHC-001,PARACETAMOL_500,Paracetamol 500mg Tablets,43,638,99
2025-02-10,TN-MDU-PHC-001,PARACETAMOL_500,Paracetamol 500mg Tablets,43,595,83
2025-02-11,TN-MDU-PHC-001,PARACETAMOL_500,Paracetamol 500mg Tablets,42,553,91
2025-02-12,TN-MDU-PHC-001,PARACETAMOL_500,Paracetamol 500mg Tablets,41,512,82
2025-02-13,TN-MDU-PHC-001,PARACETAMOL_500,Paracetamol 500mg Tablets,39,473,97
2025-02-14,TN-MDU-PHC-001,PARACETAMOL_500,Paracetamol 500mg Tablets,38,435,95
2025-02-15,TN-MDU-PHC-001,PARACETAMOL_500,Paracetamol 500mg Tablets,40,395,100
2024-11-18,TN-MDU-PHC-001,AMOXICILLIN_500,Amoxicillin 500mg Capsules,27,584,96
2024-11-19,TN-MDU-PHC-001,AMOXICILLIN_500,Amoxicillin 500mg Capsules,24,560,85
2024-11-20,TN-MDU-PHC-001,AMOXICILLIN_500,Amoxicillin 500mg Capsules,25,535,79
2024-11-21,TN-MDU-PHC-001,AMOXICILLIN_500,Amoxicillin 500mg Capsules,26,509,94
2024-11-22,TN-MDU-PHC-001,AMOXICILLIN_500,Amoxicillin 500mg Capsules,21,488,81
2024-11-23,TN-MDU-PHC-001,AMOXICILLIN_500,Amoxicillin 500mg Capsules,28,460,87
2024-11-24,TN-MDU-PHC-001,AMOXICILLIN_500,Amoxicillin 500mg Capsules,24,436,79
2024-11-25,TN-MDU-PHC-001,AMOXICILLIN_500,Amoxicillin 500mg Capsules,22,414,93
2024-11-26,TN-MDU-PHC-001,AMOXICILLIN_500,Amoxicillin 500mg Capsules,24,390,103
2024-11-27,TN-MDU-PHC-001,AMOXICILLIN_500,Amoxicillin 500mg Capsules,28,362,89
2024-11-28,TN-MDU-PHC-001,AMOXICILLIN_500,Amoxicillin 500mg Capsules,21,341,88
2024-11-29,TN-MDU-PHC-001,AMOXICILLIN_500,Amoxicillin 500mg Capsules,26,315,80
2024-11-30,TN-MDU-PHC-001,AMOXICILLIN_500,Amoxicillin 500mg Capsules,28,287,80
2024-12-01,TN-MDU-PHC-001,AMOXICILLIN_500,Amoxicillin 500mg Capsules,28,259,80
2024-12-02,TN-MDU-PHC-001,AMOXICILLIN_500,Amoxicillin 500mg Capsules,27,232,88
2024-12-03,TN-MDU-PHC-001,AMOXICILLIN_500,Amoxicillin 500mg Capsules,25,207,80
2024-12-04,TN-MDU-PHC-001,AMOXICILLIN_500,Amoxicillin 500mg Capsules,23,184,84
2024-12-05,TN-MDU-PHC-001,AMOXICILLIN_500,Amoxicillin 500mg Capsules,25,159,93
2024-12-06,TN-MDU-PHC-001,AMOXICILLIN_500,Amoxicillin 500mg Capsules,21,439,93
2024-12-07,TN-MDU-PHC-001,AMOXICILLIN_500,Amoxicillin 500mg Capsules,28,411,93
2024-12-08,TN-MDU-PHC-001,AMOXICILLIN_500,Amoxicillin 500mg Capsules,22,389,89
2024-12-09,TN-MDU-PHC-001,AMOXICILLIN_500,Amoxicillin 500mg Capsules,22,367,99
2024-12-10,TN-MDU-PHC-001,AMOXICILLIN_500,Amoxicillin 500mg Capsules,22,345,101
2024-12-11,TN-MDU-PHC-001,AMOXICILLIN_500,Amoxicillin 500mg Capsules,24,321,81
2024-12-12,TN-MDU-PHC-001,AMOXICILLIN_500,Amoxicillin 500mg Capsules,22,299,94
2024-12-13,TN-MDU-PHC-001,AMOXICILLIN_500,Amoxicillin 500mg Capsules,25,274,98
2024-12-14,TN-MDU-PHC-001,AMOXICILLIN_500,Amoxicillin 500mg Capsules,24,250,99
2024-12-15,TN-MDU-PHC-001,AMOXICILLIN_500,Amoxicillin 500mg Capsules,25,225,89
2024-12-16,TN-MDU-PHC-001,AMOXICILLIN_500,Amoxicillin 500mg Capsules,24,201,94
2024-12-17,TN-MDU-PHC-001,AMOXICILLIN_500,Amoxicillin 500mg Capsules,28,173,86
2024-12-18,TN-MDU-PHC-001,AMOXICILLIN_500,Amoxicillin 500mg Capsules,25,454,83
2024-12-19,TN-MDU-PHC-001,AMOXICILLIN_500,Amoxicillin 500mg Capsules,21,433,80
2024-12-20,TN-MDU-PHC-001,AMOXICILLIN_500,Amoxicillin 500mg Capsules,21,412,97
2024-12-21,TN-MDU-PHC-001,AMOXICILLIN_500,Amoxicillin 500mg Capsules,27,385,102
2024-12-22,TN-MDU-PHC-001,AMOXICILLIN_500,Amoxicillin 500mg Capsules,26,359,97
2024-12-23,TN-MDU-PHC-001,AMOXICILLIN_500,Amoxicillin 500mg Capsules,27,332,80
2024-12-24,TN-MDU-PHC-001,AMOXICILLIN_500,Amoxicillin 500mg Capsules,28,304,90
2024-12-25,TN-MDU-PHC-001,AMOXICILLIN_500,Amoxicillin 500mg Capsules,24,280,89
2024-12-26,TN-MDU-PHC-001,AMOXICILLIN_500,Amoxicillin 500mg Capsules,23,257,102
2024-12-27,TN-MDU-PHC-001,AMOXICILLIN_500,Amoxicillin 500mg Capsules,23,234,83
2024-12-28,TN-MDU-PHC-001,AMOXICILLIN_500,Amoxicillin 500mg Capsules,25,209,95
2024-12-29,TN-MDU-PHC-001,AMOXICILLIN_500,Amoxicillin 500mg Capsules,21,188,100
2024-12-30,TN-MDU-PHC-001,AMOXICILLIN_500,Amoxicillin 500mg Capsules,23,165,101
2024-12-31,TN-MDU-PHC-001,AMOXICILLIN_500,Amoxicillin 500mg Capsules,26,534,86
2025-01-01,TN-MDU-PHC-001,AMOXICILLIN_500,Amoxicillin 500mg Capsules,24,510,102
2025-01-02,TN-MDU-PHC-001,AMOXICILLIN_500,Amoxicillin 500mg Capsules,26,484,97
2025-01-03,TN-MDU-PHC-001,AMOXICILLIN_500,Amoxicillin 500mg Capsules,24,460,97
2025-01-04,TN-MDU-PHC-001,AMOXICILLIN_500,Amoxicillin 500mg Capsules,28,432,90
2025-01-05,TN-MDU-PHC-001,AMOXICILLIN_500,Amoxicillin 500mg Capsules,21,411,88
2025-01-06,TN-MDU-PHC-001,AMOXICILLIN_500,Amoxicillin 500mg Capsules,28,383,100
2025-01-07,TN-MDU-PHC-001,AMOXICILLIN_500,Amoxicillin 500mg Capsules,26,357,100
2025-01-08,TN-MDU-PHC-001,AMOXICILLIN_500,Amoxicillin 500mg Capsules,24,333,91
2025-01-09,TN-MDU-PHC-001,AMOXICILLIN_500,Amoxicillin 500mg Capsules,24,309,88
2025-01-10,TN-MDU-PHC-001,AMOXICILLIN_500,Amoxicillin 500mg Capsules,27,282,83
2025-01-11,TN-MDU-PHC-001,AMOXICILLIN_500,Amoxicillin 500mg Capsules,24,258,101
2025-01-12,TN-MDU-PHC-001,AMOXICILLIN_500,Amoxicillin 500mg Capsules,26,232,79
2025-01-13,TN-MDU-PHC-001,AMOXICILLIN_500,Amoxicillin 500mg Capsules,22,210,80
2025-01-14,TN-MDU-PHC-001,AMOXICILLIN_500,Amoxicillin 500mg Capsules,27,183,84
2025-01-15,TN-MDU-PHC-001,AMOXICILLIN_500,Amoxicillin 500mg Capsules,27,156,98
2025-01-16,TN-MDU-PHC-001,AMOXICILLIN_500,Amoxicillin 500mg Capsules,27,438,90
2025-01-17,TN-MDU-PHC-001,AMOXICILLIN_500,Amoxicillin 500mg Capsules,28,410,87
2025-01-18,TN-MDU-PHC-001,AMOXICILLIN_500,Amoxicillin 500mg Capsules,22,388,92
2025-01-19,TN-MDU-PHC-001,AMOXICILLIN_500,Amoxicillin 500mg Capsules,25,363,99
2025-01-20,TN-MDU-PHC-001,AMOXICILLIN_500,Amoxicillin 500mg Capsules,26,337,103
2025-01-21,TN-MDU-PHC-001,AMOXICILLIN_500,Amoxicillin 500mg Capsules,26,311,103
2025-01-22,TN-MDU-PHC-001,AMOXICILLIN_500,Amoxicillin 500mg Capsules,25,286,99
2025-01-23,TN-MDU-PHC-001,AMOXICILLIN_500,Amoxicillin 500mg Capsules,24,262,94
2025-01-24,TN-MDU-PHC-001,AMOXICILLIN_500,Amoxicillin 500mg Capsules,24,238,96
2025-01-25,TN-MDU-PHC-001,AMOXICILLIN_500,Amoxicillin 500mg Capsules,25,213,81
2025-01-26,TN-MDU-PHC-001,AMOXICILLIN_500,Amoxicillin 500mg Capsules,24,189,90
2025-01-27,TN-MDU-PHC-001,AMOXICILLIN_500,Amoxicillin 500mg Capsules,21,168,85
2025-01-28,TN-MDU-PHC-001,AMOXICILLIN_500,Amoxicillin 500mg Capsules,25,491,99
2025-01-29,TN-MDU-PHC-001,AMOXICILLIN_500,Amoxicillin 500mg Capsules,26,465,83
2025-01-30,TN-MDU-PHC-001,AMOXICILLIN_500,Amoxicillin 500mg Capsules,27,438,91
2025-01-31,TN-MDU-PHC-001,AMOXICILLIN_500,Amoxicillin 500mg Capsules,22,416,90
2025-02-01,TN-MDU-PHC-001,AMOXICILLIN_500,Amoxicillin 500mg Capsules,25,391,89
2025-02-02,TN-MDU-PHC-001,AMOXICILLIN_500,Amoxicillin 500mg Capsules,24,367,99
2025-02-03,TN-MDU-PHC-001,AMOXICILLIN_500,Amoxicillin 500mg Capsules,25,342,86
2025-02-04,TN-MDU-PHC-001,AMOXICILLIN_500,Amoxicillin 500mg Capsules,26,316,90
2025-02-05,TN-MDU-PHC-001,AMOXICILLIN_500,Amoxicillin 500mg Capsules,25,291,81
2025-02-06,TN-MDU-PHC-001,AMOXICILLIN_500,Amoxicillin 500mg Capsules,26,265,85
2025-02-07,TN-MDU-PHC-001,AMOXICILLIN_500,Amoxicillin 500mg Capsules,23,242,102
2025-02-08,TN-MDU-PHC-001,AMOXICILLIN_500,Amoxicillin 500mg Capsules,25,217,92
2025-02-09,TN-MDU-PHC-001,AMOXICILLIN_500,Amoxicillin 500mg Capsules,26,191,86
2025-02-10,TN-MDU-PHC-001,AMOXICILLIN_500,Amoxicillin 500mg Capsules,24,167,95
2025-02-11,TN-MDU-PHC-001,AMOXICILLIN_500,Amoxicillin 500mg Capsules,24,143,86
2025-02-12,TN-MDU-PHC-001,AMOXICILLIN_500,Amoxicillin 500mg Capsules,22,121,86
2025-02-13,TN-MDU-PHC-001,AMOXICILLIN_500,Amoxicillin 500mg Capsules,24,97,101
2025-02-14,TN-MDU-PHC-001,AMOXICILLIN_500,Amoxicillin 500mg Capsules,21,76,86
2025-02-15,TN-MDU-PHC-001,AMOXICILLIN_500,Amoxicillin 500mg Capsules,28,48,93
2024-11-18,TN-MDU-PHC-001,AZITHROMYCIN_500,Azithromycin 500mg Tablets,15,304,87
2024-11-19,TN-MDU-PHC-001,AZITHROMYCIN_500,Azithromycin 500mg Tablets,15,289,102
2024-11-20,TN-MDU-PHC-001,AZITHROMYCIN_500,Azithromycin 500mg Tablets,12,277,91
2024-11-21,TN-MDU-PHC-001,AZITHROMYCIN_500,Azithromycin 500mg Tablets,18,259,103
2024-11-22,TN-MDU-PHC-001,AZITHROMYCIN_500,Azithromycin 500mg Tablets,18,241,89
2024-11-23,TN-MDU-PHC-001,AZITHROMYCIN_500,Azithromycin 500mg Tablets,15,226,82
2024-11-24,TN-MDU-PHC-001,AZITHROMYCIN_500,Azithromycin 500mg Tablets,14,212,94
2024-11-25,TN-MDU-PHC-001,AZITHROMYCIN_500,Azithromycin 500mg Tablets,16,196,83
2024-11-26,TN-MDU-PHC-001,AZITHROMYCIN_500,Azithromycin 500mg Tablets,13,183,81
2024-11-27,TN-MDU-PHC-001,AZITHROMYCIN_500,Azithromycin 500mg Tablets,13,170,98
2024-11-28,TN-MDU-PHC-001,AZITHROMYCIN_500,Azithromycin 500mg Tablets,15,155,93
2024-11-29,TN-MDU-PHC-001,AZITHROMYCIN_500,Azithromycin 500mg Tablets,16,139,92
2024-11-30,TN-MDU-PHC-001,AZITHROMYCIN_500,Azithromycin 500mg Tablets,11,128,94
2024-12-01,TN-MDU-PHC-001,AZITHROMYCIN_500,Azithromycin 500mg Tablets,18,110,99
2024-12-02,TN-MDU-PHC-001,AZITHROMYCIN_500,Azithromycin 500mg Tablets,18,92,81
2024-12-03,TN-MDU-PHC-001,AZITHROMYCIN_500,Azithromycin 500mg Tablets,17,318,94
2024-12-04,TN-MDU-PHC-001,AZITHROMYCIN_500,Azithromycin 500mg Tablets,13,305,103
2024-12-05,TN-MDU-PHC-001,AZITHROMYCIN_500,Azithromycin 500mg Tablets,12,293,98
2024-12-06,TN-MDU-PHC-001,AZITHROMYCIN_500,Azithromycin 500mg Tablets,14,279,103
2024-12-07,TN-MDU-PHC-001,AZITHROMYCIN_500,Azithromycin 500mg Tablets,16,263,90
2024-12-08,TN-MDU-PHC-001,AZITHROMYCIN_500,Azithromycin 500mg Tablets,15,248,99
2024-12-09,TN-MDU-PHC-001,AZITHROMYCIN_500,Azithromycin 500mg Tablets,16,232,94
2024-12-10,TN-MDU-PHC-001,AZITHROMYCIN_500,Azithromycin 500mg Tablets,13,219,98
2024-12-11,TN-MDU-PHC-001,AZITHROMYCIN_500,Azithromycin 500mg Tablets,14,205,85
2024-12-12,TN-MDU-PHC-001,AZITHROMYCIN_500,Azithromycin 500mg Tablets,17,188,95
2024-12-13,TN-MDU-PHC-001,AZITHROMYCIN_500,Azithromycin 500mg Tablets,14,174,97
2024-12-14,TN-MDU-PHC-001,AZITHROMYCIN_500,Azithromycin 500mg Tablets,11,163,81
2024-12-15,TN-MDU-PHC-001,AZITHROMYCIN_500,Azithromycin 500mg Tablets,14,149,98
2024-12-16,TN-MDU-PHC-001,AZITHROMYCIN_500,Azithromycin 500mg Tablets,11,138,84
2024-12-17,TN-MDU-PHC-001,AZITHROMYCIN_500,Azithromycin 500mg Tablets,37,101,107
2024-12-18,TN-MDU-PHC-001,AZITHROMYCIN_500,Azithromycin 500mg Tablets,33,68,94
2024-12-19,TN-MDU-PHC-001,AZITHROMYCIN_500,Azithromycin 500mg Tablets,34,281,96
2024-12-20,TN-MDU-PHC-001,AZITHROMYCIN_500,Azithromycin 500mg Tablets,23,258,115
2024-12-21,TN-MDU-PHC-001,AZITHROMYCIN_500,Azithromycin 500mg Tablets,33,225,115
2024-12-22,TN-MDU-PHC-001,AZITHROMYCIN_500,Azithromycin 500mg Tablets,33,192,110
2024-12-23,TN-MDU-PHC-001,AZITHROMYCIN_500,Azithromycin 500mg Tablets,23,169,102
2024-12-24,TN-MDU-PHC-001,AZITHROMYCIN_500,Azithromycin 500mg Tablets,27,142,118
2024-12-25,TN-MDU-PHC-001,AZITHROMYCIN_500,Azithromycin 500mg Tablets,28,114,118
2024-12-26,TN-MDU-PHC-001,AZITHROMYCIN_500,Azithromycin 500mg Tablets,30,84,101
2024-12-27,TN-MDU-PHC-001,AZITHROMYCIN_500,Azithromycin 500mg Tablets,31,236,103
2024-12-28,TN-MDU-PHC-001,AZITHROMYCIN_500,Azithromycin 500mg Tablets,27,209,98
2024-12-29,TN-MDU-PHC-001,AZITHROMYCIN_500,Azithromycin 500mg Tablets,33,176,98
2024-12-30,TN-MDU-PHC-001,AZITHROMYCIN_500,Azithromycin 500mg Tablets,21,155,107
2024-12-31,TN-MDU-PHC-001,AZITHROMYCIN_500,Azithromycin 500mg Tablets,22,133,110
2025-01-01,TN-MDU-PHC-001,AZITHROMYCIN_500,Azithromycin 500mg Tablets,34,99,112
2025-01-02,TN-MDU-PHC-001,AZITHROMYCIN_500,Azithromycin 500mg Tablets,35,64,104
2025-01-03,TN-MDU-PHC-001,AZITHROMYCIN_500,Azithromycin 500mg Tablets,21,293,98
2025-01-04,TN-MDU-PHC-001,AZITHROMYCIN_500,Azithromycin 500mg Tablets,24,269,105
2025-01-05,TN-MDU-PHC-001,AZITHROMYCIN_500,Azithromycin 500mg Tablets,31,238,99
2025-01-06,TN-MDU-PHC-001,AZITHROMYCIN_500,Azithromycin 500mg Tablets,28,210,97
2025-01-07,TN-MDU-PHC-001,AZITHROMYCIN_500,Azithromycin 500mg Tablets,34,176,108
2025-01-08,TN-MDU-PHC-001,AZITHROMYCIN_500,Azithromycin 500mg Tablets,39,137,96
2025-01-09,TN-MDU-PHC-001,AZITHROMYCIN_500,Azithromycin 500mg Tablets,27,110,116
2025-01-10,TN-MDU-PHC-001,AZITHROMYCIN_500,Azithromycin 500mg Tablets,30,80,100
2025-01-11,TN-MDU-PHC-001,AZITHROMYCIN_500,Azithromycin 500mg Tablets,33,209,118
2025-01-12,TN-MDU-PHC-001,AZITHROMYCIN_500,Azithromycin 500mg Tablets,18,191,94
2025-01-13,TN-MDU-PHC-001,AZITHROMYCIN_500,Azithromycin 500mg Tablets,11,180,82
2025-01-14,TN-MDU-PHC-001,AZITHROMYCIN_500,Azithromycin 500mg Tablets,18,162,95
2025-01-15,TN-MDU-PHC-001,AZITHROMYCIN_500,Azithromycin 500mg Tablets,16,146,85
2025-01-16,TN-MDU-PHC-001,AZITHROMYCIN_500,Azithromycin 500mg Tablets,17,129,92
2025-01-17,TN-MDU-PHC-001,AZITHROMYCIN_500,Azithromycin 500mg Tablets,16,113,99
2025-01-18,TN-MDU-PHC-001,AZITHROMYCIN_500,Azithromycin 500mg Tablets,16,97,80
2025-01-19,TN-MDU-PHC-001,AZITHROMYCIN_500,Azithromycin 500mg Tablets,13,84,81
2025-01-20,TN-MDU-PHC-001,AZITHROMYCIN_500,Azithromycin 500mg Tablets,15,321,99
2025-01-21,TN-MDU-PHC-001,AZITHROMYCIN_500,Azithromycin 500mg Tablets,16,305,99
2025-01-22,TN-MDU-PHC-001,AZITHROMYCIN_500,Azithromycin 500mg Tablets,15,290,84
2025-01-23,TN-MDU-PHC-001,AZITHROMYCIN_500,Azithromycin 500mg Tablets,16,274,80
2025-01-24,TN-MDU-PHC-001,AZITHROMYCIN_500,Azithromycin 500mg Tablets,14,260,87
2025-01-25,TN-MDU-PHC-001,AZITHROMYCIN_500,Azithromycin 500mg Tablets,18,242,101
2025-01-26,TN-MDU-PHC-001,AZITHROMYCIN_500,Azithromycin 500mg Tablets,17,225,88
2025-01-27,TN-MDU-PHC-001,AZITHROMYCIN_500,Azithromycin 500mg Tablets,11,214,95
2025-01-28,TN-MDU-PHC-001,AZITHROMYCIN_500,Azithromycin 500mg Tablets,11,203,96
2025-01-29,TN-MDU-PHC-001,AZITHROMYCIN_500,Azithromycin 500mg Tablets,18,185,86
2025-01-30,TN-MDU-PHC-001,AZITHROMYCIN_500,Azithromycin 500mg Tablets,13,172,101
2025-01-31,TN-MDU-PHC-001,AZITHROMYCIN_500,Azithromycin 500mg Tablets,13,159,95
2025-02-01,TN-MDU-PHC-001,AZITHROMYCIN_500,Azithromycin 500mg Tablets,18,141,83
2025-02-02,TN-MDU-PHC-001,AZITHROMYCIN_500,Azithromycin 500mg Tablets,17,124,101
2025-02-03,TN-MDU-PHC-001,AZITHROMYCIN_500,Azithromycin 500mg Tablets,17,107,80
2025-02-04,TN-MDU-PHC-001,AZITHROMYCIN_500,Azithromycin 500mg Tablets,13,94,97
2025-02-05,TN-MDU-PHC-001,AZITHROMYCIN_500,Azithromycin 500mg Tablets,16,330,85
2025-02-06,TN-MDU-PHC-001,AZITHROMYCIN_500,Azithromycin 500mg Tablets,12,318,99
2025-02-07,TN-MDU-PHC-001,AZITHROMYCIN_500,Azithromycin 500mg Tablets,18,300,93
2025-02-08,TN-MDU-PHC-001,AZITHROMYCIN_500,Azithromycin 500mg Tablets,17,283,94
2025-02-09,TN-MDU-PHC-001,AZITHROMYCIN_500,Azithromycin 500mg Tablets,12,271,98
2025-02-10,TN-MDU-PHC-001,AZITHROMYCIN_500,Azithromycin 500mg Tablets,13,258,94
2025-02-11,TN-MDU-PHC-001,AZITHROMYCIN_500,Azithromycin 500mg Tablets,16,242,81
2025-02-12,TN-MDU-PHC-001,AZITHROMYCIN_500,Azithromycin 500mg Tablets,12,230,95
2025-02-13,TN-MDU-PHC-001,AZITHROMYCIN_500,Azithromycin 500mg Tablets,11,219,83
2025-02-14,TN-MDU-PHC-001,AZITHROMYCIN_500,Azithromycin 500mg Tablets,14,205,102
2025-02-15,TN-MDU-PHC-001,AZITHROMYCIN_500,Azithromycin 500mg Tablets,13,192,92
2024-11-18,TN-MDU-PHC-001,METFORMIN_500,Metformin 500mg Tablets,22,451,79
2024-11-19,TN-MDU-PHC-001,METFORMIN_500,Metformin 500mg Tablets,24,427,94
2024-11-20,TN-MDU-PHC-001,METFORMIN_500,Metformin 500mg Tablets,24,403,103
2024-11-21,TN-MDU-PHC-001,METFORMIN_500,Metformin 500mg Tablets,22,381,86
2024-11-22,TN-MDU-PHC-001,METFORMIN_500,Metformin 500mg Tablets,21,360,92
2024-11-23,TN-MDU-PHC-001,METFORMIN_500,Metformin 500mg Tablets,25,335,80
2024-11-24,TN-MDU-PHC-001,METFORMIN_500,Metformin 500mg Tablets,22,313,96
2024-11-25,TN-MDU-PHC-001,METFORMIN_500,Metformin 500mg Tablets,22,291,98
2024-11-26,TN-MDU-PHC-001,METFORMIN_500,Metformin 500mg Tablets,21,270,93
2024-11-27,TN-MDU-PHC-001,METFORMIN_500,Metformin 500mg Tablets,21,249,97
2024-11-28,TN-MDU-PHC-001,METFORMIN_500,Metformin 500mg Tablets,18,231,84
2024-11-29,TN-MDU-PHC-001,METFORMIN_500,Metformin 500mg Tablets,19,212,100
2024-11-30,TN-MDU-PHC-001,METFORMIN_500,Metformin 500mg Tablets,19,193,79
2024-12-01,TN-MDU-PHC-001,METFORMIN_500,Metformin 500mg Tablets,18,175,85
2024-12-02,TN-MDU-PHC-001,METFORMIN_500,Metformin 500mg Tablets,21,154,93
2024-12-03,TN-MDU-PHC-001,METFORMIN_500,Metformin 500mg Tablets,25,129,95
2024-12-04,TN-MDU-PHC-001,METFORMIN_500,Metformin 500mg Tablets,21,399,94
2024-12-05,TN-MDU-PHC-001,METFORMIN_500,Metformin 500mg Tablets,23,376,90
2024-12-06,TN-MDU-PHC-001,METFORMIN_500,Metformin 500mg Tablets,22,354,103
2024-12-07,TN-MDU-PHC-001,METFORMIN_500,Metformin 500mg Tablets,23,331,91
2024-12-08,TN-MDU-PHC-001,METFORMIN_500,Metformin 500mg Tablets,24,307,79
2024-12-09,TN-MDU-PHC-001,METFORMIN_500,Metformin 500mg Tablets,24,283,91
2024-12-10,TN-MDU-PHC-001,METFORMIN_500,Metformin 500mg Tablets,21,262,99
2024-12-11,TN-MDU-PHC-001,METFORMIN_500,Metformin 500mg Tablets,21,241,96
2024-12-12,TN-MDU-PHC-001,METFORMIN_500,Metformin 500mg Tablets,24,217,83
2024-12-13,TN-MDU-PHC-001,METFORMIN_500,Metformin 500mg Tablets,24,193,101
2024-12-14,TN-MDU-PHC-001,METFORMIN_500,Metformin 500mg Tablets,20,173,93
2024-12-15,TN-MDU-PHC-001,METFORMIN_500,Metformin 500mg Tablets,20,153,100
2024-12-16,TN-MDU-PHC-001,METFORMIN_500,Metformin 500mg Tablets,19,134,98
2024-12-17,TN-MDU-PHC-001,METFORMIN_500,Metformin 500mg Tablets,22,407,89
2024-12-18,TN-MDU-PHC-001,METFORMIN_500,Metformin 500mg Tablets,25,382,99
2024-12-19,TN-MDU-PHC-001,METFORMIN_500,Metformin 500mg Tablets,19,363,102
2024-12-20,TN-MDU-PHC-001,METFORMIN_500,Metformin 500mg Tablets,21,342,102
2024-12-21,TN-MDU-PHC-001,METFORMIN_500,Metformin 500mg Tablets,18,324,103
2024-12-22,TN-MDU-PHC-001,METFORMIN_500,Metformin 500mg Tablets,18,306,92
2024-12-23,TN-MDU-PHC-001,METFORMIN_500,Metformin 500mg Tablets,25,281,92
2024-12-24,TN-MDU-PHC-001,METFORMIN_500,Metformin 500mg Tablets,18,263,82
2024-12-25,TN-MDU-PHC-001,METFORMIN_500,Metformin 500mg Tablets,23,240,95
2024-12-26,TN-MDU-PHC-001,METFORMIN_500,Metformin 500mg Tablets,25,215,85
2024-12-27,TN-MDU-PHC-001,METFORMIN_500,Metformin 500mg Tablets,22,193,101
2024-12-28,TN-MDU-PHC-001,METFORMIN_500,Metformin 500mg Tablets,18,175,102
2024-12-29,TN-MDU-PHC-001,METFORMIN_500,Metformin 500mg Tablets,22,153,88
2024-12-30,TN-MDU-PHC-001,METFORMIN_500,Metformin 500mg Tablets,20,133,95
2024-12-31,TN-MDU-PHC-001,METFORMIN_500,Metformin 500mg Tablets,18,415,92
2025-01-01,TN-MDU-PHC-001,METFORMIN_500,Metformin 500mg Tablets,21,394,85
2025-01-02,TN-MDU-PHC-001,METFORMIN_500,Metformin 500mg Tablets,23,371,88
2025-01-03,TN-MDU-PHC-001,METFORMIN_500,Metformin 500mg Tablets,22,349,99
2025-01-04,TN-MDU-PHC-001,METFORMIN_500,Metformin 500mg Tablets,19,330,82
2025-01-05,TN-MDU-PHC-001,METFORMIN_500,Metformin 500mg Tablets,25,305,101
2025-01-06,TN-MDU-PHC-001,METFORMIN_500,Metformin 500mg Tablets,22,283,83
2025-01-07,TN-MDU-PHC-001,METFORMIN_500,Metformin 500mg Tablets,18,265,80
2025-01-08,TN-MDU-PHC-001,METFORMIN_500,Metformin 500mg Tablets,25,240,79
2025-01-09,TN-MDU-PHC-001,METFORMIN_500,Metformin 500mg Tablets,20,220,90
2025-01-10,TN-MDU-PHC-001,METFORMIN_500,Metformin 500mg Tablets,25,195,100
2025-01-11,TN-MDU-PHC-001,METFORMIN_500,Metformin 500mg Tablets,21,174,83
2025-01-12,TN-MDU-PHC-001,METFORMIN_500,Metformin 500mg Tablets,24,150,88
2025-01-13,TN-MDU-PHC-001,METFORMIN_500,Metformin 500mg Tablets,23,127,88
2025-01-14,TN-MDU-PHC-001,METFORMIN_500,Metformin 500mg Tablets,21,410,90
2025-01-15,TN-MDU-PHC-001,METFORMIN_500,Metformin 500mg Tablets,23,387,80
2025-01-16,TN-MDU-PHC-001,METFORMIN_500,Metformin 500mg Tablets,18,369,95
2025-01-17,TN-MDU-PHC-001,METFORMIN_500,Metformin 500mg Tablets,21,348,97
2025-01-18,TN-MDU-PHC-001,METFORMIN_500,Metformin 500mg Tablets,23,325,103
2025-01-19,TN-MDU-PHC-001,METFORMIN_500,Metformin 500mg Tablets,18,307,92
2025-01-20,TN-MDU-PHC-001,METFORMIN_500,Metformin 500mg Tablets,25,282,99
2025-01-21,TN-MDU-PHC-001,METFORMIN_500,Metformin 500mg Tablets,20,262,86
2025-01-22,TN-MDU-PHC-001,METFORMIN_500,Metformin 500mg Tablets,22,240,103
2025-01-23,TN-MDU-PHC-001,METFORMIN_500,Metformin 500mg Tablets,23,217,96
2025-01-24,TN-MDU-PHC-001,METFORMIN_500,Metformin 500mg Tablets,24,193,79
2025-01-25,TN-MDU-PHC-001,METFORMIN_500,Metformin 500mg Tablets,25,168,99
2025-01-26,TN-MDU-PHC-001,METFORMIN_500,Metformin 500mg Tablets,20,148,88
2025-01-27,TN-MDU-PHC-001,METFORMIN_500,Metformin 500mg Tablets,22,126,101
2025-01-28,TN-MDU-PHC-001,METFORMIN_500,Metformin 500mg Tablets,25,358,81
2025-01-29,TN-MDU-PHC-001,METFORMIN_500,Metformin 500mg Tablets,21,337,94
2025-01-30,TN-MDU-PHC-001,METFORMIN_500,Metformin 500mg Tablets,25,312,103
2025-01-31,TN-MDU-PHC-001,METFORMIN_500,Metformin 500mg Tablets,20,292,91
2025-02-01,TN-MDU-PHC-001,METFORMIN_500,Metformin 500mg Tablets,24,268,94
2025-02-02,TN-MDU-PHC-001,METFORMIN_500,Metformin 500mg Tablets,21,247,99
2025-02-03,TN-MDU-PHC-001,METFORMIN_500,Metformin 500mg Tablets,25,222,99
2025-02-04,TN-MDU-PHC-001,METFORMIN_500,Metformin 500mg Tablets,20,202,93
2025-02-05,TN-MDU-PHC-001,METFORMIN_500,Metformin 500mg Tablets,20,182,90
2025-02-06,TN-MDU-PHC-001,METFORMIN_500,Metformin 500mg Tablets,23,159,101
2025-02-07,TN-MDU-PHC-001,METFORMIN_500,Metformin 500mg Tablets,25,134,86
2025-02-08,TN-MDU-PHC-001,METFORMIN_500,Metformin 500mg Tablets,21,362,101
2025-02-09,TN-MDU-PHC-001,METFORMIN_500,Metformin 500mg Tablets,22,340,101
2025-02-10,TN-MDU-PHC-001,METFORMIN_500,Metformin 500mg Tablets,18,322,84
2025-02-11,TN-MDU-PHC-001,METFORMIN_500,Metformin 500mg Tablets,19,303,86
2025-02-12,TN-MDU-PHC-001,METFORMIN_500,Metformin 500mg Tablets,22,281,99
2025-02-13,TN-MDU-PHC-001,METFORMIN_500,Metformin 500mg Tablets,22,259,100
2025-02-14,TN-MDU-PHC-001,METFORMIN_500,Metformin 500mg Tablets,23,236,79
2025-02-15,TN-MDU-PHC-001,METFORMIN_500,Metformin 500mg Tablets,25,211,98
2024-11-18,TN-MDU-PHC-001,INSULIN_REGULAR,Insulin Regular (100IU/ml),5,201,89
2024-11-19,TN-MDU-PHC-001,INSULIN_REGULAR,Insulin Regular (100IU/ml),5,196,95
2024-11-20,TN-MDU-PHC-001,INSULIN_REGULAR,Insulin Regular (100IU/ml),2,194,103
2024-11-21,TN-MDU-PHC-001,INSULIN_REGULAR,Insulin Regular (100IU/ml),1,193,94
2024-11-22,TN-MDU-PHC-001,INSULIN_REGULAR,Insulin Regular (100IU/ml),4,189,83
2024-11-23,TN-MDU-PHC-001,INSULIN_REGULAR,Insulin Regular (100IU/ml),5,184,84
2024-11-24,TN-MDU-PHC-001,INSULIN_REGULAR,Insulin Regular (100IU/ml),2,182,101
2024-11-25,TN-MDU-PHC-001,INSULIN_REGULAR,Insulin Regular (100IU/ml),1,181,87
2024-11-26,TN-MDU-PHC-001,INSULIN_REGULAR,Insulin Regular (100IU/ml),3,178,103
2024-11-27,TN-MDU-PHC-001,INSULIN_REGULAR,Insulin Regular (100IU/ml),1,177,98
2024-11-28,TN-MDU-PHC-001,INSULIN_REGULAR,Insulin Regular (100IU/ml),6,171,103
2024-11-29,TN-MDU-PHC-001,INSULIN_REGULAR,Insulin Regular (100IU/ml),1,170,95
2024-11-30,TN-MDU-PHC-001,INSULIN_REGULAR,Insulin Regular (100IU/ml),8,162,94
2024-12-01,TN-MDU-PHC-001,INSULIN_REGULAR,Insulin Regular (100IU/ml),7,155,95
2024-12-02,TN-MDU-PHC-001,INSULIN_REGULAR,Insulin Regular (100IU/ml),8,147,79
2024-12-03,TN-MDU-PHC-001,INSULIN_REGULAR,Insulin Regular (100IU/ml),6,141,96
2024-12-04,TN-MDU-PHC-001,INSULIN_REGULAR,Insulin Regular (100IU/ml),1,140,79
2024-12-05,TN-MDU-PHC-001,INSULIN_REGULAR,Insulin Regular (100IU/ml),4,136,94
2024-12-06,TN-MDU-PHC-001,INSULIN_REGULAR,Insulin Regular (100IU/ml),6,130,80
2024-12-07,TN-MDU-PHC-001,INSULIN_REGULAR,Insulin Regular (100IU/ml),1,129,81
2024-12-08,TN-MDU-PHC-001,INSULIN_REGULAR,Insulin Regular (100IU/ml),6,123,92
2024-12-09,TN-MDU-PHC-001,INSULIN_REGULAR,Insulin Regular (100IU/ml),4,119,82
2024-12-10,TN-MDU-PHC-001,INSULIN_REGULAR,Insulin Regular (100IU/ml),1,118,83
2024-12-11,TN-MDU-PHC-001,INSULIN_REGULAR,Insulin Regular (100IU/ml),6,112,91
2024-12-12,TN-MDU-PHC-001,INSULIN_REGULAR,Insulin Regular (100IU/ml),1,111,84
2024-12-13,TN-MDU-PHC-001,INSULIN_REGULAR,Insulin Regular (100IU/ml),8,103,81
2024-12-14,TN-MDU-PHC-001,INSULIN_REGULAR,Insulin Regular (100IU/ml),4,99,96
2024-12-15,TN-MDU-PHC-001,INSULIN_REGULAR,Insulin Regular (100IU/ml),7,92,91
2024-12-16,TN-MDU-PHC-001,INSULIN_REGULAR,Insulin Regular (100IU/ml),4,88,79
2024-12-17,TN-MDU-PHC-001,INSULIN_REGULAR,Insulin Regular (100IU/ml),2,86,85
2024-12-18,TN-MDU-PHC-001,INSULIN_REGULAR,Insulin Regular (100IU/ml),2,84,79
2024-12-19,TN-MDU-PHC-001,INSULIN_REGULAR,Insulin Regular (100IU/ml),7,77,99
2024-12-20,TN-MDU-PHC-001,INSULIN_REGULAR,Insulin Regular (100IU/ml),4,73,93
2024-12-21,TN-MDU-PHC-001,INSULIN_REGULAR,Insulin Regular (100IU/ml),4,69,87
2024-12-22,TN-MDU-PHC-001,INSULIN_REGULAR,Insulin Regular (100IU/ml),7,62,96
2024-12-23,TN-MDU-PHC-001,INSULIN_REGULAR,Insulin Regular (100IU/ml),1,61,101
2024-12-24,TN-MDU-PHC-001,INSULIN_REGULAR,Insulin Regular (100IU/ml),5,56,94
2024-12-25,TN-MDU-PHC-001,INSULIN_REGULAR,Insulin Regular (100IU/ml),8,48,82
2024-12-26,TN-MDU-PHC-001,INSULIN_REGULAR,Insulin Regular (100IU/ml),5,43,82
2024-12-27,TN-MDU-PHC-001,INSULIN_REGULAR,Insulin Regular (100IU/ml),5,38,89
2024-12-28,TN-MDU-PHC-001,INSULIN_REGULAR,Insulin Regular (100IU/ml),5,33,98
2024-12-29,TN-MDU-PHC-001,INSULIN_REGULAR,Insulin Regular (100IU/ml),3,176,95
2024-12-30,TN-MDU-PHC-001,INSULIN_REGULAR,Insulin Regular (100IU/ml),1,175,98
2024-12-31,TN-MDU-PHC-001,INSULIN_REGULAR,Insulin Regular (100IU/ml),7,168,91
2025-01-01,TN-MDU-PHC-001,INSULIN_REGULAR,Insulin Regular (100IU/ml),6,162,91
2025-01-02,TN-MDU-PHC-001,INSULIN_REGULAR,Insulin Regular (100IU/ml),7,155,93
2025-01-03,TN-MDU-PHC-001,INSULIN_REGULAR,Insulin Regular (100IU/ml),3,152,88
2025-01-04,TN-MDU-PHC-001,INSULIN_REGULAR,Insulin Regular (100IU/ml),5,147,95
2025-01-05,TN-MDU-PHC-001,INSULIN_REGULAR,Insulin Regular (100IU/ml),4,143,86
2025-01-06,TN-MDU-PHC-001,INSULIN_REGULAR,Insulin Regular (100IU/ml),2,141,90
2025-01-07,TN-MDU-PHC-001,INSULIN_REGULAR,Insulin Regular (100IU/ml),3,138,95
2025-01-08,TN-MDU-PHC-001,INSULIN_REGULAR,Insulin Regular (100IU/ml),2,136,91
2025-01-09,TN-MDU-PHC-001,INSULIN_REGULAR,Insulin Regular (100IU/ml),7,129,96
2025-01-10,TN-MDU-PHC-001,INSULIN_REGULAR,Insulin Regular (100IU/ml),7,122,102
2025-01-11,TN-MDU-PHC-001,INSULIN_REGULAR,Insulin Regular (100IU/ml),3,119,90
2025-01-12,TN-MDU-PHC-001,INSULIN_REGULAR,Insulin Regular (100IU/ml),2,117,94
2025-01-13,TN-MDU-PHC-001,INSULIN_REGULAR,Insulin Regular (100IU/ml),4,113,81
2025-01-14,TN-MDU-PHC-001,INSULIN_REGULAR,Insulin Regular (100IU/ml),8,105,101
2025-01-15,TN-MDU-PHC-001,INSULIN_REGULAR,Insulin Regular (100IU/ml),3,102,101
2025-01-16,TN-MDU-PHC-001,INSULIN_REGULAR,Insulin Regular (100IU/ml),4,98,85
2025-01-17,TN-MDU-PHC-001,INSULIN_REGULAR,Insulin Regular (100IU/ml),1,97,80
2025-01-18,TN-MDU-PHC-001,INSULIN_REGULAR,Insulin Regular (100IU/ml),6,91,90
2025-01-19,TN-MDU-PHC-001,INSULIN_REGULAR,Insulin Regular (100IU/ml),2,89,93
2025-01-20,TN-MDU-PHC-001,INSULIN_REGULAR,Insulin Regular (100IU/ml),5,84,96
2025-01-21,TN-MDU-PHC-001,INSULIN_REGULAR,Insulin Regular (100IU/ml),8,76,86
2025-01-22,TN-MDU-PHC-001,INSULIN_REGULAR,Insulin Regular (100IU/ml),4,72,81
2025-01-23,TN-MDU-PHC-001,INSULIN_REGULAR,Insulin Regular (100IU/ml),7,65,83
2025-01-24,TN-MDU-PHC-001,INSULIN_REGULAR,Insulin Regular (100IU/ml),8,57,81
2025-01-25,TN-MDU-PHC-001,INSULIN_REGULAR,Insulin Regular (100IU/ml),6,51,91
2025-01-26,TN-MDU-PHC-001,INSULIN_REGULAR,Insulin Regular (100IU/ml),1,50,82
2025-01-27,TN-MDU-PHC-001,INSULIN_REGULAR,Insulin Regular (100IU/ml),8,42,83
2025-01-28,TN-MDU-PHC-001,INSULIN_REGULAR,Insulin Regular (100IU/ml),5,37,100
2025-01-29,TN-MDU-PHC-001,INSULIN_REGULAR,Insulin Regular (100IU/ml),4,33,86
2025-01-30,TN-MDU-PHC-001,INSULIN_REGULAR,Insulin Regular (100IU/ml),4,139,103
2025-01-31,TN-MDU-PHC-001,INSULIN_REGULAR,Insulin Regular (100IU/ml),5,134,80
2025-02-01,TN-MDU-PHC-001,INSULIN_REGULAR,Insulin Regular (100IU/ml),6,128,82
2025-02-02,TN-MDU-PHC-001,INSULIN_REGULAR,Insulin Regular (100IU/ml),8,120,97
2025-02-03,TN-MDU-PHC-001,INSULIN_REGULAR,Insulin Regular (100IU/ml),2,118,89
2025-02-04,TN-MDU-PHC-001,INSULIN_REGULAR,Insulin Regular (100IU/ml),4,114,90
2025-02-05,TN-MDU-PHC-001,INSULIN_REGULAR,Insulin Regular (100IU/ml),6,108,85
2025-02-06,TN-MDU-PHC-001,INSULIN_REGULAR,Insulin Regular (100IU/ml),1,107,89
2025-02-07,TN-MDU-PHC-001,INSULIN_REGULAR,Insulin Regular (100IU/ml),3,104,91
2025-02-08,TN-MDU-PHC-001,INSULIN_REGULAR,Insulin Regular (100IU/ml),1,103,81
2025-02-09,TN-MDU-PHC-001,INSULIN_REGULAR,Insulin Regular (100IU/ml),5,98,93
2025-02-10,TN-MDU-PHC-001,INSULIN_REGULAR,Insulin Regular (100IU/ml),1,97,100
2025-02-11,TN-MDU-PHC-001,INSULIN_REGULAR,Insulin Regular (100IU/ml),1,96,84
2025-02-12,TN-MDU-PHC-001,INSULIN_REGULAR,Insulin Regular (100IU/ml),6,90,87
2025-02-13,TN-MDU-PHC-001,INSULIN_REGULAR,Insulin Regular (100IU/ml),8,82,101
2025-02-14,TN-MDU-PHC-001,INSULIN_REGULAR,Insulin Regular (100IU/ml),4,78,82
2025-02-15,TN-MDU-PHC-001,INSULIN_REGULAR,Insulin Regular (100IU/ml),1,77,90
2024-11-18,TN-MDU-PHC-001,RABIES_VACCINE,Anti-Rabies Vaccine (ARV),1,232,81
2024-11-19,TN-MDU-PHC-001,RABIES_VACCINE,Anti-Rabies Vaccine (ARV),1,231,97
2024-11-20,TN-MDU-PHC-001,RABIES_VACCINE,Anti-Rabies Vaccine (ARV),1,230,86
2024-11-21,TN-MDU-PHC-001,RABIES_VACCINE,Anti-Rabies Vaccine (ARV),5,225,98
2024-11-22,TN-MDU-PHC-001,RABIES_VACCINE,Anti-Rabies Vaccine (ARV),3,222,81
2024-11-23,TN-MDU-PHC-001,RABIES_VACCINE,Anti-Rabies Vaccine (ARV),5,217,87
2024-11-24,TN-MDU-PHC-001,RABIES_VACCINE,Anti-Rabies Vaccine (ARV),3,214,79
2024-11-25,TN-MDU-PHC-001,RABIES_VACCINE,Anti-Rabies Vaccine (ARV),3,211,84
2024-11-26,TN-MDU-PHC-001,RABIES_VACCINE,Anti-Rabies Vaccine (ARV),6,205,99
2024-11-27,TN-MDU-PHC-001,RABIES_VACCINE,Anti-Rabies Vaccine (ARV),4,201,90
2024-11-28,TN-MDU-PHC-001,RABIES_VACCINE,Anti-Rabies Vaccine (ARV),4,197,99
2024-11-29,TN-MDU-PHC-001,RABIES_VACCINE,Anti-Rabies Vaccine (ARV),1,196,86
2024-11-30,TN-MDU-PHC-001,RABIES_VACCINE,Anti-Rabies Vaccine (ARV),1,195,83
2024-12-01,TN-MDU-PHC-001,RABIES_VACCINE,Anti-Rabies Vaccine (ARV),1,194,89
2024-12-02,TN-MDU-PHC-001,RABIES_VACCINE,Anti-Rabies Vaccine (ARV),1,193,90
2024-12-03,TN-MDU-PHC-001,RABIES_VACCINE,Anti-Rabies Vaccine (ARV),4,189,85
2024-12-04,TN-MDU-PHC-001,RABIES_VACCINE,Anti-Rabies Vaccine (ARV),3,186,79
2024-12-05,TN-MDU-PHC-001,RABIES_VACCINE,Anti-Rabies Vaccine (ARV),1,185,80
2024-12-06,TN-MDU-PHC-001,RABIES_VACCINE,Anti-Rabies Vaccine (ARV),3,182,88
2024-12-07,TN-MDU-PHC-001,RABIES_VACCINE,Anti-Rabies Vaccine (ARV),1,181,103
2024-12-08,TN-MDU-PHC-001,RABIES_VACCINE,Anti-Rabies Vaccine (ARV),4,177,99
2024-12-09,TN-MDU-PHC-001,RABIES_VACCINE,Anti-Rabies Vaccine (ARV),1,176,81
2024-12-10,TN-MDU-PHC-001,RABIES_VACCINE,Anti-Rabies Vaccine (ARV),1,175,87
2024-12-11,TN-MDU-PHC-001,RABIES_VACCINE,Anti-Rabies Vaccine (ARV),1,174,94
2024-12-12,TN-MDU-PHC-001,RABIES_VACCINE,Anti-Rabies Vaccine (ARV),3,171,102
2024-12-13,TN-MDU-PHC-001,RABIES_VACCINE,Anti-Rabies Vaccine (ARV),7,164,101
2024-12-14,TN-MDU-PHC-001,RABIES_VACCINE,Anti-Rabies Vaccine (ARV),1,163,79
2024-12-15,TN-MDU-PHC-001,RABIES_VACCINE,Anti-Rabies Vaccine (ARV),2,161,98
2024-12-16,TN-MDU-PHC-001,RABIES_VACCINE,Anti-Rabies Vaccine (ARV),7,154,95
2024-12-17,TN-MDU-PHC-001,RABIES_VACCINE,Anti-Rabies Vaccine (ARV),1,153,103
2024-12-18,TN-MDU-PHC-001,RABIES_VACCINE,Anti-Rabies Vaccine (ARV),2,151,82
2024-12-19,TN-MDU-PHC-001,RABIES_VACCINE,Anti-Rabies Vaccine (ARV),1,150,86
2024-12-20,TN-MDU-PHC-001,RABIES_VACCINE,Anti-Rabies Vaccine (ARV),1,149,99
2024-12-21,TN-MDU-PHC-001,RABIES_VACCINE,Anti-Rabies Vaccine (ARV),4,145,95
2024-12-22,TN-MDU-PHC-001,RABIES_VACCINE,Anti-Rabies Vaccine (ARV),4,141,81
2024-12-23,TN-MDU-PHC-001,RABIES_VACCINE,Anti-Rabies Vaccine (ARV),4,137,80
2024-12-24,TN-MDU-PHC-001,RABIES_VACCINE,Anti-Rabies Vaccine (ARV),3,134,87
2024-12-25,TN-MDU-PHC-001,RABIES_VACCINE,Anti-Rabies Vaccine (ARV),2,132,103
2024-12-26,TN-MDU-PHC-001,RABIES_VACCINE,Anti-Rabies Vaccine (ARV),6,126,89
2024-12-27,TN-MDU-PHC-001,RABIES_VACCINE,Anti-Rabies Vaccine (ARV),3,123,99
2024-12-28,TN-MDU-PHC-001,RABIES_VACCINE,Anti-Rabies Vaccine (ARV),2,121,103
2024-12-29,TN-MDU-PHC-001,RABIES_VACCINE,Anti-Rabies Vaccine (ARV),3,118,92
2024-12-30,TN-MDU-PHC-001,RABIES_VACCINE,Anti-Rabies Vaccine (ARV),3,115,87
2024-12-31,TN-MDU-PHC-001,RABIES_VACCINE,Anti-Rabies Vaccine (ARV),4,111,93
2025-01-01,TN-MDU-PHC-001,RABIES_VACCINE,Anti-Rabies Vaccine (ARV),4,107,91
2025-01-02,TN-MDU-PHC-001,RABIES_VACCINE,Anti-Rabies Vaccine (ARV),3,104,85
2025-01-03,TN-MDU-PHC-001,RABIES_VACCINE,Anti-Rabies Vaccine (ARV),3,101,99
2025-01-04,TN-MDU-PHC-001,RABIES_VACCINE,Anti-Rabies Vaccine (ARV),4,97,94
2025-01-05,TN-MDU-PHC-001,RABIES_VACCINE,Anti-Rabies Vaccine (ARV),4,93,94
2025-01-06,TN-MDU-PHC-001,RABIES_VACCINE,Anti-Rabies Vaccine (ARV),6,87,96
2025-01-07,TN-MDU-PHC-001,RABIES_VACCINE,Anti-Rabies Vaccine (ARV),2,85,84
2025-01-08,TN-MDU-PHC-001,RABIES_VACCINE,Anti-Rabies Vaccine (ARV),6,79,93
2025-01-09,TN-MDU-PHC-001,RABIES_VACCINE,Anti-Rabies Vaccine (ARV),7,72,88
2025-01-10,TN-MDU-PHC-001,RABIES_VACCINE,Anti-Rabies Vaccine (ARV),5,67,96
2025-01-11,TN-MDU-PHC-001,RABIES_VACCINE,Anti-Rabies Vaccine (ARV),6,61,101
2025-01-12,TN-MDU-PHC-001,RABIES_VACCINE,Anti-Rabies Vaccine (ARV),6,55,90
2025-01-13,TN-MDU-PHC-001,RABIES_VACCINE,Anti-Rabies Vaccine (ARV),1,54,84
2025-01-14,TN-MDU-PHC-001,RABIES_VACCINE,Anti-Rabies Vaccine (ARV),5,49,80
2025-01-15,TN-MDU-PHC-001,RABIES_VACCINE,Anti-Rabies Vaccine (ARV),5,44,83
2025-01-16,TN-MDU-PHC-001,RABIES_VACCINE,Anti-Rabies Vaccine (ARV),6,38,97
2025-01-17,TN-MDU-PHC-001,RABIES_VACCINE,Anti-Rabies Vaccine (ARV),5,33,103
2025-01-18,TN-MDU-PHC-001,RABIES_VACCINE,Anti-Rabies Vaccine (ARV),2,31,100
2025-01-19,TN-MDU-PHC-001,RABIES_VACCINE,Anti-Rabies Vaccine (ARV),1,30,80
2025-01-20,TN-MDU-PHC-001,RABIES_VACCINE,Anti-Rabies Vaccine (ARV),1,29,90
2025-01-21,TN-MDU-PHC-001,RABIES_VACCINE,Anti-Rabies Vaccine (ARV),4,107,90
2025-01-22,TN-MDU-PHC-001,RABIES_VACCINE,Anti-Rabies Vaccine (ARV),1,106,101
2025-01-23,TN-MDU-PHC-001,RABIES_VACCINE,Anti-Rabies Vaccine (ARV),1,105,83
2025-01-24,TN-MDU-PHC-001,RABIES_VACCINE,Anti-Rabies Vaccine (ARV),2,103,96
2025-01-25,TN-MDU-PHC-001,RABIES_VACCINE,Anti-Rabies Vaccine (ARV),3,100,83
2025-01-26,TN-MDU-PHC-001,RABIES_VACCINE,Anti-Rabies Vaccine (ARV),3,97,100
2025-01-27,TN-MDU-PHC-001,RABIES_VACCINE,Anti-Rabies Vaccine (ARV),3,94,85
2025-01-28,TN-MDU-PHC-001,RABIES_VACCINE,Anti-Rabies Vaccine (ARV),1,93,92
2025-01-29,TN-MDU-PHC-001,RABIES_VACCINE,Anti-Rabies Vaccine (ARV),3,90,97
2025-01-30,TN-MDU-PHC-001,RABIES_VACCINE,Anti-Rabies Vaccine (ARV),6,84,81
2025-01-31,TN-MDU-PHC-001,RABIES_VACCINE,Anti-Rabies Vaccine (ARV),2,82,89
2025-02-01,TN-MDU-PHC-001,RABIES_VACCINE,Anti-Rabies Vaccine (ARV),6,76,103
2025-02-02,TN-MDU-PHC-001,RABIES_VACCINE,Anti-Rabies Vaccine (ARV),1,75,82
2025-02-03,TN-MDU-PHC-001,RABIES_VACCINE,Anti-Rabies Vaccine (ARV),1,74,93
2025-02-04,TN-MDU-PHC-001,RABIES_VACCINE,Anti-Rabies Vaccine (ARV),3,71,101
2025-02-05,TN-MDU-PHC-001,RABIES_VACCINE,Anti-Rabies Vaccine (ARV),2,69,90
2025-02-06,TN-MDU-PHC-001,RABIES_VACCINE,Anti-Rabies Vaccine (ARV),7,62,88
2025-02-07,TN-MDU-PHC-001,RABIES_VACCINE,Anti-Rabies Vaccine (ARV),4,58,97
2025-02-08,TN-MDU-PHC-001,RABIES_VACCINE,Anti-Rabies Vaccine (ARV),5,53,87
2025-02-09,TN-MDU-PHC-001,RABIES_VACCINE,Anti-Rabies Vaccine (ARV),1,52,84
2025-02-10,TN-MDU-PHC-001,RABIES_VACCINE,Anti-Rabies Vaccine (ARV),2,50,83
2025-02-11,TN-MDU-PHC-001,RABIES_VACCINE,Anti-Rabies Vaccine (ARV),2,48,83
2025-02-12,TN-MDU-PHC-001,RABIES_VACCINE,Anti-Rabies Vaccine (ARV),5,43,93
2025-02-13,TN-MDU-PHC-001,RABIES_VACCINE,Anti-Rabies Vaccine (ARV),2,41,86
2025-02-14,TN-MDU-PHC-001,RABIES_VACCINE,Anti-Rabies Vaccine (ARV),5,36,97
2025-02-15,TN-MDU-PHC-001,RABIES_VACCINE,Anti-Rabies Vaccine (ARV),2,34,87
2024-11-18,TN-MDU-PHC-001,OXYGEN_CYLINDER,Medical Oxygen D-Type,5,57,89
2024-11-19,TN-MDU-PHC-001,OXYGEN_CYLINDER,Medical Oxygen D-Type,1,56,87
2024-11-20,TN-MDU-PHC-001,OXYGEN_CYLINDER,Medical Oxygen D-Type,2,54,102
2024-11-21,TN-MDU-PHC-001,OXYGEN_CYLINDER,Medical Oxygen D-Type,2,52,94
2024-11-22,TN-MDU-PHC-001,OXYGEN_CYLINDER,Medical Oxygen D-Type,4,48,98
2024-11-23,TN-MDU-PHC-001,OXYGEN_CYLINDER,Medical Oxygen D-Type,2,46,90
2024-11-24,TN-MDU-PHC-001,OXYGEN_CYLINDER,Medical Oxygen D-Type,2,44,80
2024-11-25,TN-MDU-PHC-001,OXYGEN_CYLINDER,Medical Oxygen D-Type,4,40,96
2024-11-26,TN-MDU-PHC-001,OXYGEN_CYLINDER,Medical Oxygen D-Type,2,38,92
2024-11-27,TN-MDU-PHC-001,OXYGEN_CYLINDER,Medical Oxygen D-Type,1,37,86
2024-11-28,TN-MDU-PHC-001,OXYGEN_CYLINDER,Medical Oxygen D-Type,1,36,92
2024-11-29,TN-MDU-PHC-001,OXYGEN_CYLINDER,Medical Oxygen D-Type,1,35,92
2024-11-30,TN-MDU-PHC-001,OXYGEN_CYLINDER,Medical Oxygen D-Type,1,34,87
2024-12-01,TN-MDU-PHC-001,OXYGEN_CYLINDER,Medical Oxygen D-Type,1,33,95
2024-12-02,TN-MDU-PHC-001,OXYGEN_CYLINDER,Medical Oxygen D-Type,3,30,88
2024-12-03,TN-MDU-PHC-001,OXYGEN_CYLINDER,Medical Oxygen D-Type,1,29,102
2024-12-04,TN-MDU-PHC-001,OXYGEN_CYLINDER,Medical Oxygen D-Type,2,27,102
2024-12-05,TN-MDU-PHC-001,OXYGEN_CYLINDER,Medical Oxygen D-Type,2,25,95
2024-12-06,TN-MDU-PHC-001,OXYGEN_CYLINDER,Medical Oxygen D-Type,3,22,103
2024-12-07,TN-MDU-PHC-001,OXYGEN_CYLINDER,Medical Oxygen D-Type,1,21,98
2024-12-08,TN-MDU-PHC-001,OXYGEN_CYLINDER,Medical Oxygen D-Type,5,16,100
2024-12-09,TN-MDU-PHC-001,OXYGEN_CYLINDER,Medical Oxygen D-Type,1,15,97
2024-12-10,TN-MDU-PHC-001,OXYGEN_CYLINDER,Medical Oxygen D-Type,2,13,90
2024-12-11,TN-MDU-PHC-001,OXYGEN_CYLINDER,Medical Oxygen D-Type,4,10,100
2024-12-12,TN-MDU-PHC-001,OXYGEN_CYLINDER,Medical Oxygen D-Type,5,10,101
2024-12-13,TN-MDU-PHC-001,OXYGEN_CYLINDER,Medical Oxygen D-Type,1,10,97
2024-12-14,TN-MDU-PHC-001,OXYGEN_CYLINDER,Medical Oxygen D-Type,5,10,88
2024-12-15,TN-MDU-PHC-001,OXYGEN_CYLINDER,Medical Oxygen D-Type,1,10,100
2024-12-16,TN-MDU-PHC-001,OXYGEN_CYLINDER,Medical Oxygen D-Type,5,10,93
2024-12-17,TN-MDU-PHC-001,OXYGEN_CYLINDER,Medical Oxygen D-Type,1,10,102
2024-12-18,TN-MDU-PHC-001,OXYGEN_CYLINDER,Medical Oxygen D-Type,4,10,100
2024-12-19,TN-MDU-PHC-001,OXYGEN_CYLINDER,Medical Oxygen D-Type,1,10,100
2024-12-20,TN-MDU-PHC-001,OXYGEN_CYLINDER,Medical Oxygen D-Type,4,10,80
2024-12-21,TN-MDU-PHC-001,OXYGEN_CYLINDER,Medical Oxygen D-Type,1,10,94
2024-12-22,TN-MDU-PHC-001,OXYGEN_CYLINDER,Medical Oxygen D-Type,4,10,100
2024-12-23,TN-MDU-PHC-001,OXYGEN_CYLINDER,Medical Oxygen D-Type,3,10,80
2024-12-24,TN-MDU-PHC-001,OXYGEN_CYLINDER,Medical Oxygen D-Type,2,10,100
2024-12-25,TN-MDU-PHC-001,OXYGEN_CYLINDER,Medical Oxygen D-Type,1,10,82
2024-12-26,TN-MDU-PHC-001,OXYGEN_CYLINDER,Medical Oxygen D-Type,4,10,99
2024-12-27,TN-MDU-PHC-001,OXYGEN_CYLINDER,Medical Oxygen D-Type,1,10,93
2024-12-28,TN-MDU-PHC-001,OXYGEN_CYLINDER,Medical Oxygen D-Type,1,10,88
2024-12-29,TN-MDU-PHC-001,OXYGEN_CYLINDER,Medical Oxygen D-Type,2,10,87
2024-12-30,TN-MDU-PHC-001,OXYGEN_CYLINDER,Medical Oxygen D-Type,1,10,85
2024-12-31,TN-MDU-PHC-001,OXYGEN_CYLINDER,Medical Oxygen D-Type,1,10,87
2025-01-01,TN-MDU-PHC-001,OXYGEN_CYLINDER,Medical Oxygen D-Type,4,10,89
2025-01-02,TN-MDU-PHC-001,OXYGEN_CYLINDER,Medical Oxygen D-Type,5,10,102
2025-01-03,TN-MDU-PHC-001,OXYGEN_CYLINDER,Medical Oxygen D-Type,1,10,101
2025-01-04,TN-MDU-PHC-001,OXYGEN_CYLINDER,Medical Oxygen D-Type,1,10,90
2025-01-05,TN-MDU-PHC-001,OXYGEN_CYLINDER,Medical Oxygen D-Type,4,10,80
2025-01-06,TN-MDU-PHC-001,OXYGEN_CYLINDER,Medical Oxygen D-Type,2,10,84
2025-01-07,TN-MDU-PHC-001,OXYGEN_CYLINDER,Medical Oxygen D-Type,2,10,93
2025-01-08,TN-MDU-PHC-001,OXYGEN_CYLINDER,Medical Oxygen D-Type,1,10,98
2025-01-09,TN-MDU-PHC-001,OXYGEN_CYLINDER,Medical Oxygen D-Type,4,10,89
2025-01-10,TN-MDU-PHC-001,OXYGEN_CYLINDER,Medical Oxygen D-Type,5,10,87
2025-01-11,TN-MDU-PHC-001,OXYGEN_CYLINDER,Medical Oxygen D-Type,1,10,95
2025-01-12,TN-MDU-PHC-001,OXYGEN_CYLINDER,Medical Oxygen D-Type,1,10,98
2025-01-13,TN-MDU-PHC-001,OXYGEN_CYLINDER,Medical Oxygen D-Type,3,10,88
2025-01-14,TN-MDU-PHC-001,OXYGEN_CYLINDER,Medical Oxygen D-Type,4,10,95
2025-01-15,TN-MDU-PHC-001,OXYGEN_CYLINDER,Medical Oxygen D-Type,1,10,103
2025-01-16,TN-MDU-PHC-001,OXYGEN_CYLINDER,Medical Oxygen D-Type,1,10,99
2025-01-17,TN-MDU-PHC-001,OXYGEN_CYLINDER,Medical Oxygen D-Type,5,10,89
2025-01-18,TN-MDU-PHC-001,OXYGEN_CYLINDER,Medical Oxygen D-Type,5,10,103
2025-01-19,TN-MDU-PHC-001,OXYGEN_CYLINDER,Medical Oxygen D-Type,3,10,92
2025-01-20,TN-MDU-PHC-001,OXYGEN_CYLINDER,Medical Oxygen D-Type,4,10,101
2025-01-21,TN-MDU-PHC-001,OXYGEN_CYLINDER,Medical Oxygen D-Type,4,10,87
2025-01-22,TN-MDU-PHC-001,OXYGEN_CYLINDER,Medical Oxygen D-Type,3,10,88
2025-01-23,TN-MDU-PHC-001,OXYGEN_CYLINDER,Medical Oxygen D-Type,4,10,87
2025-01-24,TN-MDU-PHC-001,OXYGEN_CYLINDER,Medical Oxygen D-Type,1,10,80
2025-01-25,TN-MDU-PHC-001,OXYGEN_CYLINDER,Medical Oxygen D-Type,1,10,81
2025-01-26,TN-MDU-PHC-001,OXYGEN_CYLINDER,Medical Oxygen D-Type,1,10,91
2025-01-27,TN-MDU-PHC-001,OXYGEN_CYLINDER,Medical Oxygen D-Type,5,10,79
2025-01-28,TN-MDU-PHC-001,OXYGEN_CYLINDER,Medical Oxygen D-Type,3,10,102
2025-01-29,TN-MDU-PHC-001,OXYGEN_CYLINDER,Medical Oxygen D-Type,1,10,103
2025-01-30,TN-MDU-PHC-001,OXYGEN_CYLINDER,Medical Oxygen D-Type,1,10,90
2025-01-31,TN-MDU-PHC-001,OXYGEN_CYLINDER,Medical Oxygen D-Type,2,10,87
2025-02-01,TN-MDU-PHC-001,OXYGEN_CYLINDER,Medical Oxygen D-Type,2,10,101
2025-02-02,TN-MDU-PHC-001,OXYGEN_CYLINDER,Medical Oxygen D-Type,1,10,87
2025-02-03,TN-MDU-PHC-001,OXYGEN_CYLINDER,Medical Oxygen D-Type,1,10,86
2025-02-04,TN-MDU-PHC-001,OXYGEN_CYLINDER,Medical Oxygen D-Type,1,10,97
2025-02-05,TN-MDU-PHC-001,OXYGEN_CYLINDER,Medical Oxygen D-Type,2,10,99
2025-02-06,TN-MDU-PHC-001,OXYGEN_CYLINDER,Medical Oxygen D-Type,4,10,90
2025-02-07,TN-MDU-PHC-001,OXYGEN_CYLINDER,Medical Oxygen D-Type,1,10,100
2025-02-08,TN-MDU-PHC-001,OXYGEN_CYLINDER,Medical Oxygen D-Type,1,10,96
2025-02-09,TN-MDU-PHC-001,OXYGEN_CYLINDER,Medical Oxygen D-Type,3,10,103
2025-02-10,TN-MDU-PHC-001,OXYGEN_CYLINDER,Medical Oxygen D-Type,1,10,99
2025-02-11,TN-MDU-PHC-001,OXYGEN_CYLINDER,Medical Oxygen D-Type,1,10,86
2025-02-12,TN-MDU-PHC-001,OXYGEN_CYLINDER,Medical Oxygen D-Type,1,10,100
2025-02-13,TN-MDU-PHC-001,OXYGEN_CYLINDER,Medical Oxygen D-Type,4,10,101
2025-02-14,TN-MDU-PHC-001,OXYGEN_CYLINDER,Medical Oxygen D-Type,5,10,99
2025-02-15,TN-MDU-PHC-001,OXYGEN_CYLINDER,Medical Oxygen D-Type,1,10,82
2024-11-18,TN-MDU-PHC-002,ORS,ORS Packets (Oral Rehydration),21,282,82
2024-11-19,TN-MDU-PHC-002,ORS,ORS Packets (Oral Rehydration),17,265,84
2024-11-20,TN-MDU-PHC-002,ORS,ORS Packets (Oral Rehydration),20,245,86
2024-11-21,TN-MDU-PHC-002,ORS,ORS Packets (Oral Rehydration),14,231,91
2024-11-22,TN-MDU-PHC-002,ORS,ORS Packets (Oral Rehydration),15,216,79
2024-11-23,TN-MDU-PHC-002,ORS,ORS Packets (Oral Rehydration),14,202,89
2024-11-24,TN-MDU-PHC-002,ORS,ORS Packets (Oral Rehydration),19,183,85
2024-11-25,TN-MDU-PHC-002,ORS,ORS Packets (Oral Rehydration),16,167,78
2024-11-26,TN-MDU-PHC-002,ORS,ORS Packets (Oral Rehydration),21,146,80
2024-11-27,TN-MDU-PHC-002,ORS,ORS Packets (Oral Rehydration),17,129,86
2024-11-28,TN-MDU-PHC-002,ORS,ORS Packets (Oral Rehydration),18,111,85
2024-11-29,TN-MDU-PHC-002,ORS,ORS Packets (Oral Rehydration),19,306,83
2024-11-30,TN-MDU-PHC-002,ORS,ORS Packets (Oral Rehydration),15,291,79
2024-12-01,TN-MDU-PHC-002,ORS,ORS Packets (Oral Rehydration),19,272,77
2024-12-02,TN-MDU-PHC-002,ORS,ORS Packets (Oral Rehydration),16,256,74
2024-12-03,TN-MDU-PHC-002,ORS,ORS Packets (Oral Rehydration),17,239,78
2024-12-04,TN-MDU-PHC-002,ORS,ORS Packets (Oral Rehydration),20,219,91
2024-12-05,TN-MDU-PHC-002,ORS,ORS Packets (Oral Rehydration),19,200,88
2024-12-06,TN-MDU-PHC-002,ORS,ORS Packets (Oral Rehydration),17,183,77
2024-12-07,TN-MDU-PHC-002,ORS,ORS Packets (Oral Rehydration),21,162,90
2024-12-08,TN-MDU-PHC-002,ORS,ORS Packets (Oral Rehydration),18,144,85
2024-12-09,TN-MDU-PHC-002,ORS,ORS Packets (Oral Rehydration),15,129,94
2024-12-10,TN-MDU-PHC-002,ORS,ORS Packets (Oral Rehydration),15,114,74
2024-12-11,TN-MDU-PHC-002,ORS,ORS Packets (Oral Rehydration),20,328,87
2024-12-12,TN-MDU-PHC-002,ORS,ORS Packets (Oral Rehydration),18,310,75
2024-12-13,TN-MDU-PHC-002,ORS,ORS Packets (Oral Rehydration),16,294,93
2024-12-14,TN-MDU-PHC-002,ORS,ORS Packets (Oral Rehydration),21,273,70
2024-12-15,TN-MDU-PHC-002,ORS,ORS Packets (Oral Rehydration),18,255,92
2024-12-16,TN-MDU-PHC-002,ORS,ORS Packets (Oral Rehydration),21,234,91
2024-12-17,TN-MDU-PHC-002,ORS,ORS Packets (Oral Rehydration),21,213,86
2024-12-18,TN-MDU-PHC-002,ORS,ORS Packets (Oral Rehydration),21,192,72
2024-12-19,TN-MDU-PHC-002,ORS,ORS Packets (Oral Rehydration),19,173,80
2024-12-20,TN-MDU-PHC-002,ORS,ORS Packets (Oral Rehydration),18,155,85
2024-12-21,TN-MDU-PHC-002,ORS,ORS Packets (Oral Rehydration),20,135,74
2024-12-22,TN-MDU-PHC-002,ORS,ORS Packets (Oral Rehydration),19,116,83
2024-12-23,TN-MDU-PHC-002,ORS,ORS Packets (Oral Rehydration),18,348,87
2024-12-24,TN-MDU-PHC-002,ORS,ORS Packets (Oral Rehydration),21,327,75
2024-12-25,TN-MDU-PHC-002,ORS,ORS Packets (Oral Rehydration),19,308,86
2024-12-26,TN-MDU-PHC-002,ORS,ORS Packets (Oral Rehydration),17,291,72
2024-12-27,TN-MDU-PHC-002,ORS,ORS Packets (Oral Rehydration),20,271,72
2024-12-28,TN-MDU-PHC-002,ORS,ORS Packets (Oral Rehydration),14,257,71
2024-12-29,TN-MDU-PHC-002,ORS,ORS Packets (Oral Rehydration),16,241,90
2024-12-30,TN-MDU-PHC-002,ORS,ORS Packets (Oral Rehydration),15,226,82
2024-12-31,TN-MDU-PHC-002,ORS,ORS Packets (Oral Rehydration),15,211,87
2025-01-01,TN-MDU-PHC-002,ORS,ORS Packets (Oral Rehydration),15,196,70
2025-01-02,TN-MDU-PHC-002,ORS,ORS Packets (Oral Rehydration),20,176,72
2025-01-03,TN-MDU-PHC-002,ORS,ORS Packets (Oral Rehydration),14,162,77
2025-01-04,TN-MDU-PHC-002,ORS,ORS Packets (Oral Rehydration),18,144,93
2025-01-05,TN-MDU-PHC-002,ORS,ORS Packets (Oral Rehydration),15,129,86
2025-01-06,TN-MDU-PHC-002,ORS,ORS Packets (Oral Rehydration),18,111,82
2025-01-07,TN-MDU-PHC-002,ORS,ORS Packets (Oral Rehydration),18,367,86
2025-01-08,TN-MDU-PHC-002,ORS,ORS Packets (Oral Rehydration),16,351,77
2025-01-09,TN-MDU-PHC-002,ORS,ORS Packets (Oral Rehydration),15,336,91
2025-01-10,TN-MDU-PHC-002,ORS,ORS Packets (Oral Rehydration),15,321,77
2025-01-11,TN-MDU-PHC-002,ORS,ORS Packets (Oral Rehydration),21,300,89
2025-01-12,TN-MDU-PHC-002,ORS,ORS Packets (Oral Rehydration),17,283,80
2025-01-13,TN-MDU-PHC-002,ORS,ORS Packets (Oral Rehydration),18,265,75
2025-01-14,TN-MDU-PHC-002,ORS,ORS Packets (Oral Rehydration),16,249,89
2025-01-15,TN-MDU-PHC-002,ORS,ORS Packets (Oral Rehydration),20,229,88
2025-01-16,TN-MDU-PHC-002,ORS,ORS Packets (Oral Rehydration),17,212,77
2025-01-17,TN-MDU-PHC-002,ORS,ORS Packets (Oral Rehydration),43,169,114
2025-01-18,TN-MDU-PHC-002,ORS,ORS Packets (Oral Rehydration),29,140,124
2025-01-19,TN-MDU-PHC-002,ORS,ORS Packets (Oral Rehydration),30,110,104
2025-01-20,TN-MDU-PHC-002,ORS,ORS Packets (Oral Rehydration),35,343,107
2025-01-21,TN-MDU-PHC-002,ORS,ORS Packets (Oral Rehydration),45,298,99
2025-01-22,TN-MDU-PHC-002,ORS,ORS Packets (Oral Rehydration),31,267,119
2025-01-23,TN-MDU-PHC-002,ORS,ORS Packets (Oral Rehydration),37,230,127
2025-01-24,TN-MDU-PHC-002,ORS,ORS Packets (Oral Rehydration),38,192,117
2025-01-25,TN-MDU-PHC-002,ORS,ORS Packets (Oral Rehydration),43,149,138
2025-01-26,TN-MDU-PHC-002,ORS,ORS Packets (Oral Rehydration),30,119,118
2025-01-27,TN-MDU-PHC-002,ORS,ORS Packets (Oral Rehydration),49,312,128
2025-01-28,TN-MDU-PHC-002,ORS,ORS Packets (Oral Rehydration),28,284,122
2025-01-29,TN-MDU-PHC-002,ORS,ORS Packets (Oral Rehydration),28,256,121
2025-01-30,TN-MDU-PHC-002,ORS,ORS Packets (Oral Rehydration),26,230,109
2025-01-31,TN-MDU-PHC-002,ORS,ORS Packets (Oral Rehydration),32,198,109
2025-02-01,TN-MDU-PHC-002,ORS,ORS Packets (Oral Rehydration),43,155,98
2025-02-02,TN-MDU-PHC-002,ORS,ORS Packets (Oral Rehydration),26,129,124
2025-02-03,TN-MDU-PHC-002,ORS,ORS Packets (Oral Rehydration),27,102,112
2025-02-04,TN-MDU-PHC-002,ORS,ORS Packets (Oral Rehydration),31,347,125
2025-02-05,TN-MDU-PHC-002,ORS,ORS Packets (Oral Rehydration),43,304,125
2025-02-06,TN-MDU-PHC-002,ORS,ORS Packets (Oral Rehydration),41,263,102
2025-02-07,TN-MDU-PHC-002,ORS,ORS Packets (Oral Rehydration),39,224,112
2025-02-08,TN-MDU-PHC-002,ORS,ORS Packets (Oral Rehydration),37,187,104
2025-02-09,TN-MDU-PHC-002,ORS,ORS Packets (Oral Rehydration),32,155,119
2025-02-10,TN-MDU-PHC-002,ORS,ORS Packets (Oral Rehydration),37,118,102
2025-02-11,TN-MDU-PHC-002,ORS,ORS Packets (Oral Rehydration),42,76,93
2025-02-12,TN-MDU-PHC-002,ORS,ORS Packets (Oral Rehydration),37,39,119
2025-02-13,TN-MDU-PHC-002,ORS,ORS Packets (Oral Rehydration),46,10,130
2025-02-14,TN-MDU-PHC-002,ORS,ORS Packets (Oral Rehydration),27,10,125
2025-02-15,TN-MDU-PHC-002,ORS,ORS Packets (Oral Rehydration),32,10,123
2024-11-18,TN-MDU-PHC-002,PARACETAMOL_500,Paracetamol 500mg Tablets,41,693,80
2024-11-19,TN-MDU-PHC-002,PARACETAMOL_500,Paracetamol 500mg Tablets,36,657,89
2024-11-20,TN-MDU-PHC-002,PARACETAMOL_500,Paracetamol 500mg Tablets,38,619,86
2024-11-21,TN-MDU-PHC-002,PARACETAMOL_500,Paracetamol 500mg Tablets,38,581,81
2024-11-22,TN-MDU-PHC-002,PARACETAMOL_500,Paracetamol 500mg Tablets,42,539,94
2024-11-23,TN-MDU-PHC-002,PARACETAMOL_500,Paracetamol 500mg Tablets,41,498,83
2024-11-24,TN-MDU-PHC-002,PARACETAMOL_500,Paracetamol 500mg Tablets,36,462,82
2024-11-25,TN-MDU-PHC-002,PARACETAMOL_500,Paracetamol 500mg Tablets,42,420,92
2024-11-26,TN-MDU-PHC-002,PARACETAMOL_500,Paracetamol 500mg Tablets,41,379,83
2024-11-27,TN-MDU-PHC-002,PARACETAMOL_500,Paracetamol 500mg Tablets,42,337,84
2024-11-28,TN-MDU-PHC-002,PARACETAMOL_500,Paracetamol 500mg Tablets,36,301,93
2024-11-29,TN-MDU-PHC-002,PARACETAMOL_500,Paracetamol 500mg Tablets,39,262,70
2024-11-30,TN-MDU-PHC-002,PARACETAMOL_500,Paracetamol 500mg Tablets,38,224,76
2024-12-01,TN-MDU-PHC-002,PARACETAMOL_500,Paracetamol 500mg Tablets,39,621,88
2024-12-02,TN-MDU-PHC-002,PARACETAMOL_500,Paracetamol 500mg Tablets,36,585,74
2024-12-03,TN-MDU-PHC-002,PARACETAMOL_500,Paracetamol 500mg Tablets,38,547,88
2024-12-04,TN-MDU-PHC-002,PARACETAMOL_500,Paracetamol 500mg Tablets,37,510,89
2024-12-05,TN-MDU-PHC-002,PARACETAMOL_500,Paracetamol 500mg Tablets,41,469,94
2024-12-06,TN-MDU-PHC-002,PARACETAMOL_500,Paracetamol 500mg Tablets,36,433,91
2024-12-07,TN-MDU-PHC-002,PARACETAMOL_500,Paracetamol 500mg Tablets,42,391,92
2024-12-08,TN-MDU-PHC-002,PARACETAMOL_500,Paracetamol 500mg Tablets,41,350,86
2024-12-09,TN-MDU-PHC-002,PARACETAMOL_500,Paracetamol 500mg Tablets,42,308,75
2024-12-10,TN-MDU-PHC-002,PARACETAMOL_500,Paracetamol 500mg Tablets,36,272,79
2024-12-11,TN-MDU-PHC-002,PARACETAMOL_500,Paracetamol 500mg Tablets,36,236,72
2024-12-12,TN-MDU-PHC-002,PARACETAMOL_500,Paracetamol 500mg Tablets,41,627,92
2024-12-13,TN-MDU-PHC-002,PARACETAMOL_500,Paracetamol 500mg Tablets,36,591,87
2024-12-14,TN-MDU-PHC-002,PARACETAMOL_500,Paracetamol 500mg Tablets,37,554,88
2024-12-15,TN-MDU-PHC-002,PARACETAMOL_500,Paracetamol 500mg Tablets,42,512,94
2024-12-16,TN-MDU-PHC-002,PARACETAMOL_500,Paracetamol 500mg Tablets,36,476,72
2024-12-17,TN-MDU-PHC-002,PARACETAMOL_500,Paracetamol 500mg Tablets,53,423,102
2024-12-18,TN-MDU-PHC-002,PARACETAMOL_500,Paracetamol 500mg Tablets,53,370,90
2024-12-19,TN-MDU-PHC-002,PARACETAMOL_500,Paracetamol 500mg Tablets,49,321,95
2024-12-20,TN-MDU-PHC-002,PARACETAMOL_500,Paracetamol 500mg Tablets,58,263,101
2024-12-21,TN-MDU-PHC-002,PARACETAMOL_500,Paracetamol 500mg Tablets,57,206,102
2024-12-22,TN-MDU-PHC-002,PARACETAMOL_500,Paracetamol 500mg Tablets,63,578,105
2024-12-23,TN-MDU-PHC-002,PARACETAMOL_500,Paracetamol 500mg Tablets,55,523,100
2024-12-24,TN-MDU-PHC-002,PARACETAMOL_500,Paracetamol 500mg Tablets,51,472,91
2024-12-25,TN-MDU-PHC-002,PARACETAMOL_500,Paracetamol 500mg Tablets,58,414,104
2024-12-26,TN-MDU-PHC-002,PARACETAMOL_500,Paracetamol 500mg Tablets,51,363,92
2024-12-27,TN-MDU-PHC-002,PARACETAMOL_500,Paracetamol 500mg Tablets,55,308,95
2024-12-28,TN-MDU-PHC-002,PARACETAMOL_500,Paracetamol 500mg Tablets,62,246,100
2024-12-29,TN-MDU-PHC-002,PARACETAMOL_500,Paracetamol 500mg Tablets,51,195,87
2024-12-30,TN-MDU-PHC-002,PARACETAMOL_500,Paracetamol 500mg Tablets,59,596,105
2024-12-31,TN-MDU-PHC-002,PARACETAMOL_500,Paracetamol 500mg Tablets,52,544,102
2025-01-01,TN-MDU-PHC-002,PARACETAMOL_500,Paracetamol 500mg Tablets,49,495,86
2025-01-02,TN-MDU-PHC-002,PARACETAMOL_500,Paracetamol 500mg Tablets,52,443,99
2025-01-03,TN-MDU-PHC-002,PARACETAMOL_500,Paracetamol 500mg Tablets,46,397,109
2025-01-04,TN-MDU-PHC-002,PARACETAMOL_500,Paracetamol 500mg Tablets,51,346,106
2025-01-05,TN-MDU-PHC-002,PARACETAMOL_500,Paracetamol 500mg Tablets,51,295,101
2025-01-06,TN-MDU-PHC-002,PARACETAMOL_500,Paracetamol 500mg Tablets,57,238,101
2025-01-07,TN-MDU-PHC-002,PARACETAMOL_500,Paracetamol 500mg Tablets,55,626,105
2025-01-08,TN-MDU-PHC-002,PARACETAMOL_500,Paracetamol 500mg Tablets,53,573,108
2025-01-09,TN-MDU-PHC-002,PARACETAMOL_500,Paracetamol 500mg Tablets,49,524,104
2025-01-10,TN-MDU-PHC-002,PARACETAMOL_500,Paracetamol 500mg Tablets,53,471,105
2025-01-11,TN-MDU-PHC-002,PARACETAMOL_500,Paracetamol 500mg Tablets,60,411,94
2025-01-12,TN-MDU-PHC-002,PARACETAMOL_500,Paracetamol 500mg Tablets,39,372,74
2025-01-13,TN-MDU-PHC-002,PARACETAMOL_500,Paracetamol 500mg Tablets,36,336,91
2025-01-14,TN-MDU-PHC-002,PARACETAMOL_500,Paracetamol 500mg Tablets,42,294,76
2025-01-15,TN-MDU-PHC-002,PARACETAMOL_500,Paracetamol 500mg Tablets,42,252,92
2025-01-16,TN-MDU-PHC-002,PARACETAMOL_500,Paracetamol 500mg Tablets,41,211,87
2025-01-17,TN-MDU-PHC-002,PARACETAMOL_500,Paracetamol 500mg Tablets,36,577,73
2025-01-18,TN-MDU-PHC-002,PARACETAMOL_500,Paracetamol 500mg Tablets,38,539,91
2025-01-19,TN-MDU-PHC-002,PARACETAMOL_500,Paracetamol 500mg Tablets,43,496,93
2025-01-20,TN-MDU-PHC-002,PARACETAMOL_500,Paracetamol 500mg Tablets,41,455,77
2025-01-21,TN-MDU-PHC-002,PARACETAMOL_500,Paracetamol 500mg Tablets,36,419,72
2025-01-22,TN-MDU-PHC-002,PARACETAMOL_500,Paracetamol 500mg Tablets,38,381,72
2025-01-23,TN-MDU-PHC-002,PARACETAMOL_500,Paracetamol 500mg Tablets,36,345,87
2025-01-24,TN-MDU-PHC-002,PARACETAMOL_500,Paracetamol 500mg Tablets,42,303,76
2025-01-25,TN-MDU-PHC-002,PARACETAMOL_500,Paracetamol 500mg Tablets,40,263,78
2025-01-26,TN-MDU-PHC-002,PARACETAMOL_500,Paracetamol 500mg Tablets,38,225,74
2025-01-27,TN-MDU-PHC-002,PARACETAMOL_500,Paracetamol 500mg Tablets,42,607,71
2025-01-28,TN-MDU-PHC-002,PARACETAMOL_500,Paracetamol 500mg Tablets,42,565,76
2025-01-29,TN-MDU-PHC-002,PARACETAMOL_500,Paracetamol 500mg Tablets,37,528,92
2025-01-30,TN-MDU-PHC-002,PARACETAMOL_500,Paracetamol 500mg Tablets,43,485,93
2025-01-31,TN-MDU-PHC-002,PARACETAMOL_500,Paracetamol 500mg Tablets,40,445,76
2025-02-01,TN-MDU-PHC-002,PARACETAMOL_500,Paracetamol 500mg Tablets,38,407,75
2025-02-02,TN-MDU-PHC-002,PARACETAMOL_500,Paracetamol 500mg Tablets,38,369,77
2025-02-03,TN-MDU-PHC-002,PARACETAMOL_500,Paracetamol 500mg Tablets,37,332,85
2025-02-04,TN-MDU-PHC-002,PARACETAMOL_500,Paracetamol 500mg Tablets,39,293,90
2025-02-05,TN-MDU-PHC-002,PARACETAMOL_500,Paracetamol 500mg Tablets,37,256,81
2025-02-06,TN-MDU-PHC-002,PARACETAMOL_500,Paracetamol 500mg Tablets,40,216,75
2025-02-07,TN-MDU-PHC-002,PARACETAMOL_500,Paracetamol 500mg Tablets,43,606,89
2025-02-08,TN-MDU-PHC-002,PARACETAMOL_500,Paracetamol 500mg Tablets,36,570,93
2025-02-09,TN-MDU-PHC-002,PARACETAMOL_500,Paracetamol 500mg Tablets,42,528,82
2025-02-10,TN-MDU-PHC-002,PARACETAMOL_500,Paracetamol 500mg Tablets,39,489,93
2025-02-11,TN-MDU-PHC-002,PARACETAMOL_500,Paracetamol 500mg Tablets,38,451,84
2025-02-12,TN-MDU-PHC-002,PARACETAMOL_500,Paracetamol 500mg Tablets,37,414,93
2025-02-13,TN-MDU-PHC-002,PARACETAMOL_500,Paracetamol 500mg Tablets,36,378,80
2025-02-14,TN-MDU-PHC-002,PARACETAMOL_500,Paracetamol 500mg Tablets,43,335,89
2025-02-15,TN-MDU-PHC-002,PARACETAMOL_500,Paracetamol 500mg Tablets,39,296,77
2024-11-18,TN-MDU-PHC-002,AMOXICILLIN_500,Amoxicillin 500mg Capsules,26,438,93
2024-11-19,TN-MDU-PHC-002,AMOXICILLIN_500,Amoxicillin 500mg Capsules,24,414,75
2024-11-20,TN-MDU-PHC-002,AMOXICILLIN_500,Amoxicillin 500mg Capsules,27,387,76
2024-11-21,TN-MDU-PHC-002,AMOXICILLIN_500,Amoxicillin 500mg Capsules,21,366,70
2024-11-22,TN-MDU-PHC-002,AMOXICILLIN_500,Amoxicillin 500mg Capsules,22,344,70
2024-11-23,TN-MDU-PHC-002,AMOXICILLIN_500,Amoxicillin 500mg Capsules,23,321,79
2024-11-24,TN-MDU-PHC-002,AMOXICILLIN_500,Amoxicillin 500mg Capsules,22,299,78
2024-11-25,TN-MDU-PHC-002,AMOXICILLIN_500,Amoxicillin 500mg Capsules,21,278,70
2024-11-26,TN-MDU-PHC-002,AMOXICILLIN_500,Amoxicillin 500mg Capsules,24,254,89
2024-11-27,TN-MDU-PHC-002,AMOXICILLIN_500,Amoxicillin 500mg Capsules,26,228,76
2024-11-28,TN-MDU-PHC-002,AMOXICILLIN_500,Amoxicillin 500mg Capsules,28,200,88
2024-11-29,TN-MDU-PHC-002,AMOXICILLIN_500,Amoxicillin 500mg Capsules,26,174,89
2024-11-30,TN-MDU-PHC-002,AMOXICILLIN_500,Amoxicillin 500mg Capsules,23,451,88
2024-12-01,TN-MDU-PHC-002,AMOXICILLIN_500,Amoxicillin 500mg Capsules,27,424,79
2024-12-02,TN-MDU-PHC-002,AMOXICILLIN_500,Amoxicillin 500mg Capsules,23,401,82
2024-12-03,TN-MDU-PHC-002,AMOXICILLIN_500,Amoxicillin 500mg Capsules,23,378,90
2024-12-04,TN-MDU-PHC-002,AMOXICILLIN_500,Amoxicillin 500mg Capsules,21,357,77
2024-12-05,TN-MDU-PHC-002,AMOXICILLIN_500,Amoxicillin 500mg Capsules,25,332,87
2024-12-06,TN-MDU-PHC-002,AMOXICILLIN_500,Amoxicillin 500mg Capsules,23,309,82
2024-12-07,TN-MDU-PHC-002,AMOXICILLIN_500,Amoxicillin 500mg Capsules,23,286,86
2024-12-08,TN-MDU-PHC-002,AMOXICILLIN_500,Amoxicillin 500mg Capsules,27,259,92
2024-12-09,TN-MDU-PHC-002,AMOXICILLIN_500,Amoxicillin 500mg Capsules,23,236,83
2024-12-10,TN-MDU-PHC-002,AMOXICILLIN_500,Amoxicillin 500mg Capsules,26,210,92
2024-12-11,TN-MDU-PHC-002,AMOXICILLIN_500,Amoxicillin 500mg Capsules,21,189,73
2024-12-12,TN-MDU-PHC-002,AMOXICILLIN_500,Amoxicillin 500mg Capsules,26,163,84
2024-12-13,TN-MDU-PHC-002,AMOXICILLIN_500,Amoxicillin 500mg Capsules,25,489,92
2024-12-14,TN-MDU-PHC-002,AMOXICILLIN_500,Amoxicillin 500mg Capsules,28,461,91
2024-12-15,TN-MDU-PHC-002,AMOXICILLIN_500,Amoxicillin 500mg Capsules,27,434,70
2024-12-16,TN-MDU-PHC-002,AMOXICILLIN_500,Amoxicillin 500mg Capsules,24,410,87
2024-12-17,TN-MDU-PHC-002,AMOXICILLIN_500,Amoxicillin 500mg Capsules,22,388,81
2024-12-18,TN-MDU-PHC-002,AMOXICILLIN_500,Amoxicillin 500mg Capsules,28,360,87
2024-12-19,TN-MDU-PHC-002,AMOXICILLIN_500,Amoxicillin 500mg Capsules,23,337,76
2024-12-20,TN-MDU-PHC-002,AMOXICILLIN_500,Amoxicillin 500mg Capsules,24,313,94
2024-12-21,TN-MDU-PHC-002,AMOXICILLIN_500,Amoxicillin 500mg Capsules,24,289,85
2024-12-22,TN-MDU-PHC-002,AMOXICILLIN_500,Amoxicillin 500mg Capsules,27,262,73
2024-12-23,TN-MDU-PHC-002,AMOXICILLIN_500,Amoxicillin 500mg Capsules,28,234,81
2024-12-24,TN-MDU-PHC-002,AMOXICILLIN_500,Amoxicillin 500mg Capsules,21,213,87
2024-12-25,TN-MDU-PHC-002,AMOXICILLIN_500,Amoxicillin 500mg Capsules,26,187,73
2024-12-26,TN-MDU-PHC-002,AMOXICILLIN_500,Amoxicillin 500mg Capsules,22,165,82
2024-12-27,TN-MDU-PHC-002,AMOXICILLIN_500,Amoxicillin 500mg Capsules,22,506,79
2024-12-28,TN-MDU-PHC-002,AMOXICILLIN_500,Amoxicillin 500mg Capsules,22,484,93
2024-12-29,TN-MDU-PHC-002,AMOXICILLIN_500,Amoxicillin 500mg Capsules,28,456,86
2024-12-30,TN-MDU-PHC-002,AMOXICILLIN_500,Amoxicillin 500mg Capsules,22,434,76
2024-12-31,TN-MDU-PHC-002,AMOXICILLIN_500,Amoxicillin 500mg Capsules,27,407,77
2025-01-01,TN-MDU-PHC-002,AMOXICILLIN_500,Amoxicillin 500mg Capsules,26,381,76
2025-01-02,TN-MDU-PHC-002,AMOXICILLIN_500,Amoxicillin 500mg Capsules,22,359,77
2025-01-03,TN-MDU-PHC-002,AMOXICILLIN_500,Amoxicillin 500mg Capsules,22,337,90
2025-01-04,TN-MDU-PHC-002,AMOXICILLIN_500,Amoxicillin 500mg Capsules,22,315,74
2025-01-05,TN-MDU-PHC-002,AMOXICILLIN_500,Amoxicillin 500mg Capsules,22,293,77
2025-01-06,TN-MDU-PHC-002,AMOXICILLIN_500,Amoxicillin 500mg Capsules,22,271,72
2025-01-07,TN-MDU-PHC-002,AMOXICILLIN_500,Amoxicillin 500mg Capsules,22,249,80
2025-01-08,TN-MDU-PHC-002,AMOXICILLIN_500,Amoxicillin 500mg Capsules,22,227,75
2025-01-09,TN-MDU-PHC-002,AMOXICILLIN_500,Amoxicillin 500mg Capsules,26,201,83
2025-01-10,TN-MDU-PHC-002,AMOXICILLIN_500,Amoxicillin 500mg Capsules,27,174,84
2025-01-11,TN-MDU-PHC-002,AMOXICILLIN_500,Amoxicillin 500mg Capsules,28,492,93
2025-01-12,TN-MDU-PHC-002,AMOXICILLIN_500,Amoxicillin 500mg Capsules,26,466,76
2025-01-13,TN-MDU-PHC-002,AMOXICILLIN_500,Amoxicillin 500mg Capsules,22,444,77
2025-01-14,TN-MDU-PHC-002,AMOXICILLIN_500,Amoxicillin 500mg Capsules,24,420,72
2025-01-15,TN-MDU-PHC-002,AMOXICILLIN_500,Amoxicillin 500mg Capsules,21,399,93
2025-01-16,TN-MDU-PHC-002,AMOXICILLIN_500,Amoxicillin 500mg Capsules,26,373,77
2025-01-17,TN-MDU-PHC-002,AMOXICILLIN_500,Amoxicillin 500mg Capsules,22,351,78
2025-01-18,TN-MDU-PHC-002,AMOXICILLIN_500,Amoxicillin 500mg Capsules,21,330,91
2025-01-19,TN-MDU-PHC-002,AMOXICILLIN_500,Amoxicillin 500mg Capsules,22,308,84
2025-01-20,TN-MDU-PHC-002,AMOXICILLIN_500,Amoxicillin 500mg Capsules,22,286,81
2025-01-21,TN-MDU-PHC-002,AMOXICILLIN_500,Amoxicillin 500mg Capsules,23,263,84
2025-01-22,TN-MDU-PHC-002,AMOXICILLIN_500,Amoxicillin 500mg Capsules,22,241,91
2025-01-23,TN-MDU-PHC-002,AMOXICILLIN_500,Amoxicillin 500mg Capsules,21,220,84
2025-01-24,TN-MDU-PHC-002,AMOXICILLIN_500,Amoxicillin 500mg Capsules,24,196,89
2025-01-25,TN-MDU-PHC-002,AMOXICILLIN_500,Amoxicillin 500mg Capsules,21,175,83
2025-01-26,TN-MDU-PHC-002,AMOXICILLIN_500,Amoxicillin 500mg Capsules,21,516,76
2025-01-27,TN-MDU-PHC-002,AMOXICILLIN_500,Amoxicillin 500mg Capsules,24,492,71
2025-01-28,TN-MDU-PHC-002,AMOXICILLIN_500,Amoxicillin 500mg Capsules,25,467,90
2025-01-29,TN-MDU-PHC-002,AMOXICILLIN_500,Amoxicillin 500mg Capsules,28,439,90
2025-01-30,TN-MDU-PHC-002,AMOXICILLIN_500,Amoxicillin 500mg Capsules,28,411,82
2025-01-31,TN-MDU-PHC-002,AMOXICILLIN_500,Amoxicillin 500mg Capsules,28,383,85
2025-02-01,TN-MDU-PHC-002,AMOXICILLIN_500,Amoxicillin 500mg Capsules,22,361,80
2025-02-02,TN-MDU-PHC-002,AMOXICILLIN_500,Amoxicillin 500mg Capsules,25,336,77
2025-02-03,TN-MDU-PHC-002,AMOXICILLIN_500,Amoxicillin 500mg Capsules,24,312,84
2025-02-04,TN-MDU-PHC-002,AMOXICILLIN_500,Amoxicillin 500mg Capsules,24,288,76
2025-02-05,TN-MDU-PHC-002,AMOXICILLIN_500,Amoxicillin 500mg Capsules,24,264,85
2025-02-06,TN-MDU-PHC-002,AMOXICILLIN_500,Amoxicillin 500mg Capsules,28,236,82
2025-02-07,TN-MDU-PHC-002,AMOXICILLIN_500,Amoxicillin 500mg Capsules,26,210,88
2025-02-08,TN-MDU-PHC-002,AMOXICILLIN_500,Amoxicillin 500mg Capsules,24,186,71
2025-02-09,TN-MDU-PHC-002,AMOXICILLIN_500,Amoxicillin 500mg Capsules,26,160,92
2025-02-10,TN-MDU-PHC-002,AMOXICILLIN_500,Amoxicillin 500mg Capsules,25,135,85
2025-02-11,TN-MDU-PHC-002,AMOXICILLIN_500,Amoxicillin 500mg Capsules,25,110,89
2025-02-12,TN-MDU-PHC-002,AMOXICILLIN_500,Amoxicillin 500mg Capsules,26,84,93
2025-02-13,TN-MDU-PHC-002,AMOXICILLIN_500,Amoxicillin 500mg Capsules,21,63,90
2025-02-14,TN-MDU-PHC-002,AMOXICILLIN_500,Amoxicillin 500mg Capsules,22,41,72
2025-02-15,TN-MDU-PHC-002,AMOXICILLIN_500,Amoxicillin 500mg Capsules,24,17,77
2024-11-18,TN-MDU-PHC-002,AZITHROMYCIN_500,Azithromycin 500mg Tablets,14,380,73
2024-11-19,TN-MDU-PHC-002,AZITHROMYCIN_500,Azithromycin 500mg Tablets,13,367,81
2024-11-20,TN-MDU-PHC-002,AZITHROMYCIN_500,Azithromycin 500mg Tablets,14,353,74
2024-11-21,TN-MDU-PHC-002,AZITHROMYCIN_500,Azithromycin 500mg Tablets,11,342,76
2024-11-22,TN-MDU-PHC-002,AZITHROMYCIN_500,Azithromycin 500mg Tablets,16,326,92
2024-11-23,TN-MDU-PHC-002,AZITHROMYCIN_500,Azithromycin 500mg Tablets,17,309,72
2024-11-24,TN-MDU-PHC-002,AZITHROMYCIN_500,Azithromycin 500mg Tablets,12,297,78
2024-11-25,TN-MDU-PHC-002,AZITHROMYCIN_500,Azithromycin 500mg Tablets,15,282,72
2024-11-26,TN-MDU-PHC-002,AZITHROMYCIN_500,Azithromycin 500mg Tablets,12,270,79
2024-11-27,TN-MDU-PHC-002,AZITHROMYCIN_500,Azithromycin 500mg Tablets,17,253,74
2024-11-28,TN-MDU-PHC-002,AZITHROMYCIN_500,Azithromycin 500mg Tablets,17,236,82
2024-11-29,TN-MDU-PHC-002,AZITHROMYCIN_500,Azithromycin 500mg Tablets,14,222,92
2024-11-30,TN-MDU-PHC-002,AZITHROMYCIN_500,Azithromycin 500mg Tablets,17,205,92
2024-12-01,TN-MDU-PHC-002,AZITHROMYCIN_500,Azithromycin 500mg Tablets,15,190,70
2024-12-02,TN-MDU-PHC-002,AZITHROMYCIN_500,Azithromycin 500mg Tablets,18,172,70
2024-12-03,TN-MDU-PHC-002,AZITHROMYCIN_500,Azithromycin 500mg Tablets,15,157,89
2024-12-04,TN-MDU-PHC-002,AZITHROMYCIN_500,Azithromycin 500mg Tablets,17,140,88
2024-12-05,TN-MDU-PHC-002,AZITHROMYCIN_500,Azithromycin 500mg Tablets,11,129,74
2024-12-06,TN-MDU-PHC-002,AZITHROMYCIN_500,Azithromycin 500mg Tablets,17,112,85
2024-12-07,TN-MDU-PHC-002,AZITHROMYCIN_500,Azithromycin 500mg Tablets,13,99,93
2024-12-08,TN-MDU-PHC-002,AZITHROMYCIN_500,Azithromycin 500mg Tablets,16,83,84
2024-12-09,TN-MDU-PHC-002,AZITHROMYCIN_500,Azithromycin 500mg Tablets,11,326,78
2024-12-10,TN-MDU-PHC-002,AZITHROMYCIN_500,Azithromycin 500mg Tablets,12,314,91
2024-12-11,TN-MDU-PHC-002,AZITHROMYCIN_500,Azithromycin 500mg Tablets,11,303,81
2024-12-12,TN-MDU-PHC-002,AZITHROMYCIN_500,Azithromycin 500mg Tablets,13,290,80
2024-12-13,TN-MDU-PHC-002,AZITHROMYCIN_500,Azithromycin 500mg Tablets,17,273,76
2024-12-14,TN-MDU-PHC-002,AZITHROMYCIN_500,Azithromycin 500mg Tablets,11,262,73
2024-12-15,TN-MDU-PHC-002,AZITHROMYCIN_500,Azithromycin 500mg Tablets,17,245,92
2024-12-16,TN-MDU-PHC-002,AZITHROMYCIN_500,Azithromycin 500mg Tablets,13,232,94
2024-12-17,TN-MDU-PHC-002,AZITHROMYCIN_500,Azithromycin 500mg Tablets,27,205,105
2024-12-18,TN-MDU-PHC-002,AZITHROMYCIN_500,Azithromycin 500mg Tablets,33,172,98
2024-12-19,TN-MDU-PHC-002,AZITHROMYCIN_500,Azithromycin 500mg Tablets,26,146,86
2024-12-20,TN-MDU-PHC-002,AZITHROMYCIN_500,Azithromycin 500mg Tablets,24,122,99
2024-12-21,TN-MDU-PHC-002,AZITHROMYCIN_500,Azithromycin 500mg Tablets,24,98,100
2024-12-22,TN-MDU-PHC-002,AZITHROMYCIN_500,Azithromycin 500mg Tablets,32,66,88
2024-12-23,TN-MDU-PHC-002,AZITHROMYCIN_500,Azithromycin 500mg Tablets,32,272,96
2024-12-24,TN-MDU-PHC-002,AZITHROMYCIN_500,Azithromycin 500mg Tablets,21,251,106
2024-12-25,TN-MDU-PHC-002,AZITHROMYCIN_500,Azithromycin 500mg Tablets,26,225,85
2024-12-26,TN-MDU-PHC-002,AZITHROMYCIN_500,Azithromycin 500mg Tablets,30,195,96
2024-12-27,TN-MDU-PHC-002,AZITHROMYCIN_500,Azithromycin 500mg Tablets,23,172,101
2024-12-28,TN-MDU-PHC-002,AZITHROMYCIN_500,Azithromycin 500mg Tablets,28,144,103
2024-12-29,TN-MDU-PHC-002,AZITHROMYCIN_500,Azithromycin 500mg Tablets,37,107,102
2024-12-30,TN-MDU-PHC-002,AZITHROMYCIN_500,Azithromycin 500mg Tablets,31,76,108
2024-12-31,TN-MDU-PHC-002,AZITHROMYCIN_500,Azithromycin 500mg Tablets,26,216,95
2025-01-01,TN-MDU-PHC-002,AZITHROMYCIN_500,Azithromycin 500mg Tablets,35,181,90
2025-01-02,TN-MDU-PHC-002,AZITHROMYCIN_500,Azithromycin 500mg Tablets,34,147,104
2025-01-03,TN-MDU-PHC-002,AZITHROMYCIN_500,Azithromycin 500mg Tablets,32,115,109
2025-01-04,TN-MDU-PHC-002,AZITHROMYCIN_500,Azithromycin 500mg Tablets,26,89,89
2025-01-05,TN-MDU-PHC-002,AZITHROMYCIN_500,Azithromycin 500mg Tablets,37,250,104
2025-01-06,TN-MDU-PHC-002,AZITHROMYCIN_500,Azithromycin 500mg Tablets,39,211,96
2025-01-07,TN-MDU-PHC-002,AZITHROMYCIN_500,Azithromycin 500mg Tablets,32,179,92
2025-01-08,TN-MDU-PHC-002,AZITHROMYCIN_500,Azithromycin 500mg Tablets,30,149,90
2025-01-09,TN-MDU-PHC-002,AZITHROMYCIN_500,Azithromycin 500mg Tablets,35,114,98
2025-01-10,TN-MDU-PHC-002,AZITHROMYCIN_500,Azithromycin 500mg Tablets,36,78,95
2025-01-11,TN-MDU-PHC-002,AZITHROMYCIN_500,Azithromycin 500mg Tablets,29,272,94
2025-01-12,TN-MDU-PHC-002,AZITHROMYCIN_500,Azithromycin 500mg Tablets,17,255,82
2025-01-13,TN-MDU-PHC-002,AZITHROMYCIN_500,Azithromycin 500mg Tablets,14,241,80
2025-01-14,TN-MDU-PHC-002,AZITHROMYCIN_500,Azithromycin 500mg Tablets,12,229,93
2025-01-15,TN-MDU-PHC-002,AZITHROMYCIN_500,Azithromycin 500mg Tablets,15,214,85
2025-01-16,TN-MDU-PHC-002,AZITHROMYCIN_500,Azithromycin 500mg Tablets,14,200,75
2025-01-17,TN-MDU-PHC-002,AZITHROMYCIN_500,Azithromycin 500mg Tablets,17,183,73
2025-01-18,TN-MDU-PHC-002,AZITHROMYCIN_500,Azithromycin 500mg Tablets,13,170,88
2025-01-19,TN-MDU-PHC-002,AZITHROMYCIN_500,Azithromycin 500mg Tablets,17,153,70
2025-01-20,TN-MDU-PHC-002,AZITHROMYCIN_500,Azithromycin 500mg Tablets,11,142,76
2025-01-21,TN-MDU-PHC-002,AZITHROMYCIN_500,Azithromycin 500mg Tablets,12,130,70
2025-01-22,TN-MDU-PHC-002,AZITHROMYCIN_500,Azithromycin 500mg Tablets,13,117,80
2025-01-23,TN-MDU-PHC-002,AZITHROMYCIN_500,Azithromycin 500mg Tablets,11,106,78
2025-01-24,TN-MDU-PHC-002,AZITHROMYCIN_500,Azithromycin 500mg Tablets,13,93,79
2025-01-25,TN-MDU-PHC-002,AZITHROMYCIN_500,Azithromycin 500mg Tablets,15,242,86
2025-01-26,TN-MDU-PHC-002,AZITHROMYCIN_500,Azithromycin 500mg Tablets,15,227,90
2025-01-27,TN-MDU-PHC-002,AZITHROMYCIN_500,Azithromycin 500mg Tablets,15,212,86
2025-01-28,TN-MDU-PHC-002,AZITHROMYCIN_500,Azithromycin 500mg Tablets,14,198,76
2025-01-29,TN-MDU-PHC-002,AZITHROMYCIN_500,Azithromycin 500mg Tablets,16,182,75
2025-01-30,TN-MDU-PHC-002,AZITHROMYCIN_500,Azithromycin 500mg Tablets,18,164,82
2025-01-31,TN-MDU-PHC-002,AZITHROMYCIN_500,Azithromycin 500mg Tablets,14,150,83
2025-02-01,TN-MDU-PHC-002,AZITHROMYCIN_500,Azithromycin 500mg Tablets,14,136,71
2025-02-02,TN-MDU-PHC-002,AZITHROMYCIN_500,Azithromycin 500mg Tablets,13,123,85
2025-02-03,TN-MDU-PHC-002,AZITHROMYCIN_500,Azithromycin 500mg Tablets,12,111,72
2025-02-04,TN-MDU-PHC-002,AZITHROMYCIN_500,Azithromycin 500mg Tablets,13,98,90
2025-02-05,TN-MDU-PHC-002,AZITHROMYCIN_500,Azithromycin 500mg Tablets,13,85,81
2025-02-06,TN-MDU-PHC-002,AZITHROMYCIN_500,Azithromycin 500mg Tablets,14,330,82
2025-02-07,TN-MDU-PHC-002,AZITHROMYCIN_500,Azithromycin 500mg Tablets,14,316,83
2025-02-08,TN-MDU-PHC-002,AZITHROMYCIN_500,Azithromycin 500mg Tablets,15,301,80
2025-02-09,TN-MDU-PHC-002,AZITHROMYCIN_500,Azithromycin 500mg Tablets,14,287,82
2025-02-10,TN-MDU-PHC-002,AZITHROMYCIN_500,Azithromycin 500mg Tablets,13,274,75
2025-02-11,TN-MDU-PHC-002,AZITHROMYCIN_500,Azithromycin 500mg Tablets,14,260,82
2025-02-12,TN-MDU-PHC-002,AZITHROMYCIN_500,Azithromycin 500mg Tablets,14,246,93
2025-02-13,TN-MDU-PHC-002,AZITHROMYCIN_500,Azithromycin 500mg Tablets,11,235,72
2025-02-14,TN-MDU-PHC-002,AZITHROMYCIN_500,Azithromycin 500mg Tablets,14,221,90
2025-02-15,TN-MDU-PHC-002,AZITHROMYCIN_500,Azithromycin 500mg Tablets,13,208,78
2024-11-18,TN-MDU-PHC-002,METFORMIN_500,Metformin 500mg Tablets,19,387,77
2024-11-19,TN-MDU-PHC-002,METFORMIN_500,Metformin 500mg Tablets,21,366,76
2024-11-20,TN-MDU-PHC-002,METFORMIN_500,Metformin 500mg Tablets,21,345,85
2024-11-21,TN-MDU-PHC-002,METFORMIN_500,Metformin 500mg Tablets,25,320,82
2024-11-22,TN-MDU-PHC-002,METFORMIN_500,Metformin 500mg Tablets,18,302,88
2024-11-23,TN-MDU-PHC-002,METFORMIN_500,Metformin 500mg Tablets,19,283,84
2024-11-24,TN-MDU-PHC-002,METFORMIN_500,Metformin 500mg Tablets,24,259,82
2024-11-25,TN-MDU-PHC-002,METFORMIN_500,Metformin 500mg Tablets,21,238,72
2024-11-26,TN-MDU-PHC-002,METFORMIN_500,Metformin 500mg Tablets,24,214,94
2024-11-27,TN-MDU-PHC-002,METFORMIN_500,Metformin 500mg Tablets,22,192,73
2024-11-28,TN-MDU-PHC-002,METFORMIN_500,Metformin 500mg Tablets,18,174,82
2024-11-29,TN-MDU-PHC-002,METFORMIN_500,Metformin 500mg Tablets,19,155,82
2024-11-30,TN-MDU-PHC-002,METFORMIN_500,Metformin 500mg Tablets,22,133,71
2024-12-01,TN-MDU-PHC-002,METFORMIN_500,Metformin 500mg Tablets,25,357,76
2024-12-02,TN-MDU-PHC-002,METFORMIN_500,Metformin 500mg Tablets,23,334,70
2024-12-03,TN-MDU-PHC-002,METFORMIN_500,Metformin 500mg Tablets,20,314,89
2024-12-04,TN-MDU-PHC-002,METFORMIN_500,Metformin 500mg Tablets,21,293,91
2024-12-05,TN-MDU-PHC-002,METFORMIN_500,Metformin 500mg Tablets,22,271,94
2024-12-06,TN-MDU-PHC-002,METFORMIN_500,Metformin 500mg Tablets,20,251,87
2024-12-07,TN-MDU-PHC-002,METFORMIN_500,Metformin 500mg Tablets,18,233,70
2024-12-08,TN-MDU-PHC-002,METFORMIN_500,Metformin 500mg Tablets,25,208,70
2024-12-09,TN-MDU-PHC-002,METFORMIN_500,Metformin 500mg Tablets,18,190,92
2024-12-10,TN-MDU-PHC-002,METFORMIN_500,Metformin 500mg Tablets,24,166,87
2024-12-11,TN-MDU-PHC-002,METFORMIN_500,Metformin 500mg Tablets,18,148,89
2024-12-12,TN-MDU-PHC-002,METFORMIN_500,Metformin 500mg Tablets,25,123,82
2024-12-13,TN-MDU-PHC-002,METFORMIN_500,Metformin 500mg Tablets,24,371,76
2024-12-14,TN-MDU-PHC-002,METFORMIN_500,Metformin 500mg Tablets,22,349,92
2024-12-15,TN-MDU-PHC-002,METFORMIN_500,Metformin 500mg Tablets,21,328,83
2024-12-16,TN-MDU-PHC-002,METFORMIN_500,Metformin 500mg Tablets,18,310,77
2024-12-17,TN-MDU-PHC-002,METFORMIN_500,Metformin 500mg Tablets,20,290,86
2024-12-18,TN-MDU-PHC-002,METFORMIN_500,Metformin 500mg Tablets,21,269,83
2024-12-19,TN-MDU-PHC-002,METFORMIN_500,Metformin 500mg Tablets,25,244,89
2024-12-20,TN-MDU-PHC-002,METFORMIN_500,Metformin 500mg Tablets,19,225,83
2024-12-21,TN-MDU-PHC-002,METFORMIN_500,Metformin 500mg Tablets,21,204,73
2024-12-22,TN-MDU-PHC-002,METFORMIN_500,Metformin 500mg Tablets,23,181,75
2024-12-23,TN-MDU-PHC-002,METFORMIN_500,Metformin 500mg Tablets,19,162,76
2024-12-24,TN-MDU-PHC-002,METFORMIN_500,Metformin 500mg Tablets,24,138,74
2024-12-25,TN-MDU-PHC-002,METFORMIN_500,Metformin 500mg Tablets,21,400,87
2024-12-26,TN-MDU-PHC-002,METFORMIN_500,Metformin 500mg Tablets,19,381,85
2024-12-27,TN-MDU-PHC-002,METFORMIN_500,Metformin 500mg Tablets,24,357,78
2024-12-28,TN-MDU-PHC-002,METFORMIN_500,Metformin 500mg Tablets,23,334,72
2024-12-29,TN-MDU-PHC-002,METFORMIN_500,Metformin 500mg Tablets,20,314,88
2024-12-30,TN-MDU-PHC-002,METFORMIN_500,Metformin 500mg Tablets,23,291,90
2024-12-31,TN-MDU-PHC-002,METFORMIN_500,Metformin 500mg Tablets,20,271,85
2025-01-01,TN-MDU-PHC-002,METFORMIN_500,Metformin 500mg Tablets,23,248,70
2025-01-02,TN-MDU-PHC-002,METFORMIN_500,Metformin 500mg Tablets,24,224,93
2025-01-03,TN-MDU-PHC-002,METFORMIN_500,Metformin 500mg Tablets,25,199,70
2025-01-04,TN-MDU-PHC-002,METFORMIN_500,Metformin 500mg Tablets,21,178,90
2025-01-05,TN-MDU-PHC-002,METFORMIN_500,Metformin 500mg Tablets,23,155,76
2025-01-06,TN-MDU-PHC-002,METFORMIN_500,Metformin 500mg Tablets,21,134,71
2025-01-07,TN-MDU-PHC-002,METFORMIN_500,Metformin 500mg Tablets,24,442,74
2025-01-08,TN-MDU-PHC-002,METFORMIN_500,Metformin 500mg Tablets,22,420,90
2025-01-09,TN-MDU-PHC-002,METFORMIN_500,Metformin 500mg Tablets,24,396,83
2025-01-10,TN-MDU-PHC-002,METFORMIN_500,Metformin 500mg Tablets,22,374,88
2025-01-11,TN-MDU-PHC-002,METFORMIN_500,Metformin 500mg Tablets,19,355,93
2025-01-12,TN-MDU-PHC-002,METFORMIN_500,Metformin 500mg Tablets,24,331,74
2025-01-13,TN-MDU-PHC-002,METFORMIN_500,Metformin 500mg Tablets,20,311,87
2025-01-14,TN-MDU-PHC-002,METFORMIN_500,Metformin 500mg Tablets,18,293,91
2025-01-15,TN-MDU-PHC-002,METFORMIN_500,Metformin 500mg Tablets,23,270,86
2025-01-16,TN-MDU-PHC-002,METFORMIN_500,Metformin 500mg Tablets,25,245,75
2025-01-17,TN-MDU-PHC-002,METFORMIN_500,Metformin 500mg Tablets,22,223,87
2025-01-18,TN-MDU-PHC-002,METFORMIN_500,Metformin 500mg Tablets,25,198,70
2025-01-19,TN-MDU-PHC-002,METFORMIN_500,Metformin 500mg Tablets,22,176,77
2025-01-20,TN-MDU-PHC-002,METFORMIN_500,Metformin 500mg Tablets,18,158,73
2025-01-21,TN-MDU-PHC-002,METFORMIN_500,Metformin 500mg Tablets,24,134,91
2025-01-22,TN-MDU-PHC-002,METFORMIN_500,Metformin 500mg Tablets,21,378,73
2025-01-23,TN-MDU-PHC-002,METFORMIN_500,Metformin 500mg Tablets,20,358,77
2025-01-24,TN-MDU-PHC-002,METFORMIN_500,Metformin 500mg Tablets,20,338,91
2025-01-25,TN-MDU-PHC-002,METFORMIN_500,Metformin 500mg Tablets,20,318,79
2025-01-26,TN-MDU-PHC-002,METFORMIN_500,Metformin 500mg Tablets,25,293,83
2025-01-27,TN-MDU-PHC-002,METFORMIN_500,Metformin 500mg Tablets,20,273,74
2025-01-28,TN-MDU-PHC-002,METFORMIN_500,Metformin 500mg Tablets,19,254,94
2025-01-29,TN-MDU-PHC-002,METFORMIN_500,Metformin 500mg Tablets,18,236,88
2025-01-30,TN-MDU-PHC-002,METFORMIN_500,Metformin 500mg Tablets,19,217,91
2025-01-31,TN-MDU-PHC-002,METFORMIN_500,Metformin 500mg Tablets,20,197,86
2025-02-01,TN-MDU-PHC-002,METFORMIN_500,Metformin 500mg Tablets,21,176,79
2025-02-02,TN-MDU-PHC-002,METFORMIN_500,Metformin 500mg Tablets,19,157,91
2025-02-03,TN-MDU-PHC-002,METFORMIN_500,Metformin 500mg Tablets,18,139,71
2025-02-04,TN-MDU-PHC-002,METFORMIN_500,Metformin 500mg Tablets,19,412,82
2025-02-05,TN-MDU-PHC-002,METFORMIN_500,Metformin 500mg Tablets,20,392,73
2025-02-06,TN-MDU-PHC-002,METFORMIN_500,Metformin 500mg Tablets,22,370,74
2025-02-07,TN-MDU-PHC-002,METFORMIN_500,Metformin 500mg Tablets,19,351,75
2025-02-08,TN-MDU-PHC-002,METFORMIN_500,Metformin 500mg Tablets,22,329,81
2025-02-09,TN-MDU-PHC-002,METFORMIN_500,Metformin 500mg Tablets,21,308,85
2025-02-10,TN-MDU-PHC-002,METFORMIN_500,Metformin 500mg Tablets,20,288,90
2025-02-11,TN-MDU-PHC-002,METFORMIN_500,Metformin 500mg Tablets,19,269,80
2025-02-12,TN-MDU-PHC-002,METFORMIN_500,Metformin 500mg Tablets,20,249,94
2025-02-13,TN-MDU-PHC-002,METFORMIN_500,Metformin 500mg Tablets,25,224,82
2025-02-14,TN-MDU-PHC-002,METFORMIN_500,Metformin 500mg Tablets,24,200,74
2025-02-15,TN-MDU-PHC-002,METFORMIN_500,Metformin 500mg Tablets,23,177,80
2024-11-18,TN-MDU-PHC-002,INSULIN_REGULAR,Insulin Regular (100IU/ml),3,248,74
2024-11-19,TN-MDU-PHC-002,INSULIN_REGULAR,Insulin Regular (100IU/ml),1,247,76
2024-11-20,TN-MDU-PHC-002,INSULIN_REGULAR,Insulin Regular (100IU/ml),3,244,72
2024-11-21,TN-MDU-PHC-002,INSULIN_REGULAR,Insulin Regular (100IU/ml),1,243,83
2024-11-22,TN-MDU-PHC-002,INSULIN_REGULAR,Insulin Regular (100IU/ml),4,239,74
2024-11-23,TN-MDU-PHC-002,INSULIN_REGULAR,Insulin Regular (100IU/ml),1,238,90
2024-11-24,TN-MDU-PHC-002,INSULIN_REGULAR,Insulin Regular (100IU/ml),1,237,83
2024-11-25,TN-MDU-PHC-002,INSULIN_REGULAR,Insulin Regular (100IU/ml),3,234,94
2024-11-26,TN-MDU-PHC-002,INSULIN_REGULAR,Insulin Regular (100IU/ml),2,232,81
2024-11-27,TN-MDU-PHC-002,INSULIN_REGULAR,Insulin Regular (100IU/ml),8,224,75
2024-11-28,TN-MDU-PHC-002,INSULIN_REGULAR,Insulin Regular (100IU/ml),8,216,90
2024-11-29,TN-MDU-PHC-002,INSULIN_REGULAR,Insulin Regular (100IU/ml),3,213,91
2024-11-30,TN-MDU-PHC-002,INSULIN_REGULAR,Insulin Regular (100IU/ml),1,212,91
2024-12-01,TN-MDU-PHC-002,INSULIN_REGULAR,Insulin Regular (100IU/ml),1,211,85
2024-12-02,TN-MDU-PHC-002,INSULIN_REGULAR,Insulin Regular (100IU/ml),6,205,81
2024-12-03,TN-MDU-PHC-002,INSULIN_REGULAR,Insulin Regular (100IU/ml),8,197,90
2024-12-04,TN-MDU-PHC-002,INSULIN_REGULAR,Insulin Regular (100IU/ml),8,189,75
2024-12-05,TN-MDU-PHC-002,INSULIN_REGULAR,Insulin Regular (100IU/ml),2,187,84
2024-12-06,TN-MDU-PHC-002,INSULIN_REGULAR,Insulin Regular (100IU/ml),1,186,79
2024-12-07,TN-MDU-PHC-002,INSULIN_REGULAR,Insulin Regular (100IU/ml),8,178,74
2024-12-08,TN-MDU-PHC-002,INSULIN_REGULAR,Insulin Regular (100IU/ml),4,174,91
2024-12-09,TN-MDU-PHC-002,INSULIN_REGULAR,Insulin Regular (100IU/ml),7,167,80
2024-12-10,TN-MDU-PHC-002,INSULIN_REGULAR,Insulin Regular (100IU/ml),6,161,80
2024-12-11,TN-MDU-PHC-002,INSULIN_REGULAR,Insulin Regular (100IU/ml),1,160,70
2024-12-12,TN-MDU-PHC-002,INSULIN_REGULAR,Insulin Regular (100IU/ml),4,156,94
2024-12-13,TN-MDU-PHC-002,INSULIN_REGULAR,Insulin Regular (100IU/ml),7,149,83
2024-12-14,TN-MDU-PHC-002,INSULIN_REGULAR,Insulin Regular (100IU/ml),5,144,84
2024-12-15,TN-MDU-PHC-002,INSULIN_REGULAR,Insulin Regular (100IU/ml),6,138,94
2024-12-16,TN-MDU-PHC-002,INSULIN_REGULAR,Insulin Regular (100IU/ml),1,137,89
2024-12-17,TN-MDU-PHC-002,INSULIN_REGULAR,Insulin Regular (100IU/ml),5,132,93
2024-12-18,TN-MDU-PHC-002,INSULIN_REGULAR,Insulin Regular (100IU/ml),4,128,76
2024-12-19,TN-MDU-PHC-002,INSULIN_REGULAR,Insulin Regular (100IU/ml),4,124,75
2024-12-20,TN-MDU-PHC-002,INSULIN_REGULAR,Insulin Regular (100IU/ml),7,117,92
2024-12-21,TN-MDU-PHC-002,INSULIN_REGULAR,Insulin Regular (100IU/ml),6,111,82
2024-12-22,TN-MDU-PHC-002,INSULIN_REGULAR,Insulin Regular (100IU/ml),3,108,72
2024-12-23,TN-MDU-PHC-002,INSULIN_REGULAR,Insulin Regular (100IU/ml),6,102,70
2024-12-24,TN-MDU-PHC-002,INSULIN_REGULAR,Insulin Regular (100IU/ml),5,97,76
2024-12-25,TN-MDU-PHC-002,INSULIN_REGULAR,Insulin Regular (100IU/ml),4,93,90
2024-12-26,TN-MDU-PHC-002,INSULIN_REGULAR,Insulin Regular (100IU/ml),7,86,71
2024-12-27,TN-MDU-PHC-002,INSULIN_REGULAR,Insulin Regular (100IU/ml),8,78,91
2024-12-28,TN-MDU-PHC-002,INSULIN_REGULAR,Insulin Regular (100IU/ml),1,77,91
2024-12-29,TN-MDU-PHC-002,INSULIN_REGULAR,Insulin Regular (100IU/ml),1,76,76
2024-12-30,TN-MDU-PHC-002,INSULIN_REGULAR,Insulin Regular (100IU/ml),7,69,88
2024-12-31,TN-MDU-PHC-002,INSULIN_REGULAR,Insulin Regular (100IU/ml),4,65,81
2025-01-01,TN-MDU-PHC-002,INSULIN_REGULAR,Insulin Regular (100IU/ml),7,58,70
2025-01-02,TN-MDU-PHC-002,INSULIN_REGULAR,Insulin Regular (100IU/ml),5,53,94
2025-01-03,TN-MDU-PHC-002,INSULIN_REGULAR,Insulin Regular (100IU/ml),4,49,77
2025-01-04,TN-MDU-PHC-002,INSULIN_REGULAR,Insulin Regular (100IU/ml),2,47,82
2025-01-05,TN-MDU-PHC-002,INSULIN_REGULAR,Insulin Regular (100IU/ml),4,43,90
2025-01-06,TN-MDU-PHC-002,INSULIN_REGULAR,Insulin Regular (100IU/ml),2,41,90
2025-01-07,TN-MDU-PHC-002,INSULIN_REGULAR,Insulin Regular (100IU/ml),1,40,84
2025-01-08,TN-MDU-PHC-002,INSULIN_REGULAR,Insulin Regular (100IU/ml),8,32,76
2025-01-09,TN-MDU-PHC-002,INSULIN_REGULAR,Insulin Regular (100IU/ml),2,105,91
2025-01-10,TN-MDU-PHC-002,INSULIN_REGULAR,Insulin Regular (100IU/ml),6,99,93
2025-01-11,TN-MDU-PHC-002,INSULIN_REGULAR,Insulin Regular (100IU/ml),6,93,80
2025-01-12,TN-MDU-PHC-002,INSULIN_REGULAR,Insulin Regular (100IU/ml),6,87,94
2025-01-13,TN-MDU-PHC-002,INSULIN_REGULAR,Insulin Regular (100IU/ml),5,82,91
2025-01-14,TN-MDU-PHC-002,INSULIN_REGULAR,Insulin Regular (100IU/ml),4,78,70
2025-01-15,TN-MDU-PHC-002,INSULIN_REGULAR,Insulin Regular (100IU/ml),1,77,78
2025-01-16,TN-MDU-PHC-002,INSULIN_REGULAR,Insulin Regular (100IU/ml),1,76,72
2025-01-17,TN-MDU-PHC-002,INSULIN_REGULAR,Insulin Regular (100IU/ml),6,70,74
2025-01-18,TN-MDU-PHC-002,INSULIN_REGULAR,Insulin Regular (100IU/ml),6,64,72
2025-01-19,TN-MDU-PHC-002,INSULIN_REGULAR,Insulin Regular (100IU/ml),4,60,73
2025-01-20,TN-MDU-PHC-002,INSULIN_REGULAR,Insulin Regular (100IU/ml),1,59,76
2025-01-21,TN-MDU-PHC-002,INSULIN_REGULAR,Insulin Regular (100IU/ml),8,51,81
2025-01-22,TN-MDU-PHC-002,INSULIN_REGULAR,Insulin Regular (100IU/ml),3,48,76
2025-01-23,TN-MDU-PHC-002,INSULIN_REGULAR,Insulin Regular (100IU/ml),2,46,88
2025-01-24,TN-MDU-PHC-002,INSULIN_REGULAR,Insulin Regular (100IU/ml),1,45,80
2025-01-25,TN-MDU-PHC-002,INSULIN_REGULAR,Insulin Regular (100IU/ml),1,44,94
2025-01-26,TN-MDU-PHC-002,INSULIN_REGULAR,Insulin Regular (100IU/ml),4,40,71
2025-01-27,TN-MDU-PHC-002,INSULIN_REGULAR,Insulin Regular (100IU/ml),7,33,79
2025-01-28,TN-MDU-PHC-002,INSULIN_REGULAR,Insulin Regular (100IU/ml),3,122,71
2025-01-29,TN-MDU-PHC-002,INSULIN_REGULAR,Insulin Regular (100IU/ml),7,115,78
2025-01-30,TN-MDU-PHC-002,INSULIN_REGULAR,Insulin Regular (100IU/ml),7,108,81
2025-01-31,TN-MDU-PHC-002,INSULIN_REGULAR,Insulin Regular (100IU/ml),7,101,93
2025-02-01,TN-MDU-PHC-002,INSULIN_REGULAR,Insulin Regular (100IU/ml),6,95,83
2025-02-02,TN-MDU-PHC-002,INSULIN_REGULAR,Insulin Regular (100IU/ml),3,92,82
2025-02-03,TN-MDU-PHC-002,INSULIN_REGULAR,Insulin Regular (100IU/ml),3,89,75
2025-02-04,TN-MDU-PHC-002,INSULIN_REGULAR,Insulin Regular (100IU/ml),2,87,74
2025-02-05,TN-MDU-PHC-002,INSULIN_REGULAR,Insulin Regular (100IU/ml),3,84,70
2025-02-06,TN-MDU-PHC-002,INSULIN_REGULAR,Insulin Regular (100IU/ml),1,83,86
2025-02-07,TN-MDU-PHC-002,INSULIN_REGULAR,Insulin Regular (100IU/ml),6,77,91
2025-02-08,TN-MDU-PHC-002,INSULIN_REGULAR,Insulin Regular (100IU/ml),5,72,78
2025-02-09,TN-MDU-PHC-002,INSULIN_REGULAR,Insulin Regular (100IU/ml),8,64,74
2025-02-10,TN-MDU-PHC-002,INSULIN_REGULAR,Insulin Regular (100IU/ml),8,56,78
2025-02-11,TN-MDU-PHC-002,INSULIN_REGULAR,Insulin Regular (100IU/ml),7,49,70
2025-02-12,TN-MDU-PHC-002,INSULIN_REGULAR,Insulin Regular (100IU/ml),2,47,80
2025-02-13,TN-MDU-PHC-002,INSULIN_REGULAR,Insulin Regular (100IU/ml),6,41,83
2025-02-14,TN-MDU-PHC-002,INSULIN_REGULAR,Insulin Regular (100IU/ml),6,35,74
2025-02-15,TN-MDU-PHC-002,INSULIN_REGULAR,Insulin Regular (100IU/ml),4,31,83
2024-11-18,TN-MDU-PHC-002,RABIES_VACCINE,Anti-Rabies Vaccine (ARV),6,242,91
2024-11-19,TN-MDU-PHC-002,RABIES_VACCINE,Anti-Rabies Vaccine (ARV),1,241,88
2024-11-20,TN-MDU-PHC-002,RABIES_VACCINE,Anti-Rabies Vaccine (ARV),4,237,72
2024-11-21,TN-MDU-PHC-002,RABIES_VACCINE,Anti-Rabies Vaccine (ARV),1,236,80
2024-11-22,TN-MDU-PHC-002,RABIES_VACCINE,Anti-Rabies Vaccine (ARV),4,232,83
2024-11-23,TN-MDU-PHC-002,RABIES_VACCINE,Anti-Rabies Vaccine (ARV),2,230,70
2024-11-24,TN-MDU-PHC-002,RABIES_VACCINE,Anti-Rabies Vaccine (ARV),4,226,84
2024-11-25,TN-MDU-PHC-002,RABIES_VACCINE,Anti-Rabies Vaccine (ARV),3,223,85
2024-11-26,TN-MDU-PHC-002,RABIES_VACCINE,Anti-Rabies Vaccine (ARV),4,219,86
2024-11-27,TN-MDU-PHC-002,RABIES_VACCINE,Anti-Rabies Vaccine (ARV),7,212,88
2024-11-28,TN-MDU-PHC-002,RABIES_VACCINE,Anti-Rabies Vaccine (ARV),7,205,75
2024-11-29,TN-MDU-PHC-002,RABIES_VACCINE,Anti-Rabies Vaccine (ARV),1,204,88
2024-11-30,TN-MDU-PHC-002,RABIES_VACCINE,Anti-Rabies Vaccine (ARV),7,197,80
2024-12-01,TN-MDU-PHC-002,RABIES_VACCINE,Anti-Rabies Vaccine (ARV),3,194,86
2024-12-02,TN-MDU-PHC-002,RABIES_VACCINE,Anti-Rabies Vaccine (ARV),4,190,91
2024-12-03,TN-MDU-PHC-002,RABIES_VACCINE,Anti-Rabies Vaccine (ARV),5,185,70
2024-12-04,TN-MDU-PHC-002,RABIES_VACCINE,Anti-Rabies Vaccine (ARV),1,184,89
2024-12-05,TN-MDU-PHC-002,RABIES_VACCINE,Anti-Rabies Vaccine (ARV),6,178,77
2024-12-06,TN-MDU-PHC-002,RABIES_VACCINE,Anti-Rabies Vaccine (ARV),1,177,85
2024-12-07,TN-MDU-PHC-002,RABIES_VACCINE,Anti-Rabies Vaccine (ARV),4,173,77
2024-12-08,TN-MDU-PHC-002,RABIES_VACCINE,Anti-Rabies Vaccine (ARV),3,170,82
2024-12-09,TN-MDU-PHC-002,RABIES_VACCINE,Anti-Rabies Vaccine (ARV),6,164,82
2024-12-10,TN-MDU-PHC-002,RABIES_VACCINE,Anti-Rabies Vaccine (ARV),5,159,75
2024-12-11,TN-MDU-PHC-002,RABIES_VACCINE,Anti-Rabies Vaccine (ARV),5,154,74
2024-12-12,TN-MDU-PHC-002,RABIES_VACCINE,Anti-Rabies Vaccine (ARV),3,151,72
2024-12-13,TN-MDU-PHC-002,RABIES_VACCINE,Anti-Rabies Vaccine (ARV),2,149,89
2024-12-14,TN-MDU-PHC-002,RABIES_VACCINE,Anti-Rabies Vaccine (ARV),4,145,73
2024-12-15,TN-MDU-PHC-002,RABIES_VACCINE,Anti-Rabies Vaccine (ARV),7,138,92
2024-12-16,TN-MDU-PHC-002,RABIES_VACCINE,Anti-Rabies Vaccine (ARV),7,131,90
2024-12-17,TN-MDU-PHC-002,RABIES_VACCINE,Anti-Rabies Vaccine (ARV),5,126,76
2024-12-18,TN-MDU-PHC-002,RABIES_VACCINE,Anti-Rabies Vaccine (ARV),1,125,81
2024-12-19,TN-MDU-PHC-002,RABIES_VACCINE,Anti-Rabies Vaccine (ARV),1,124,71
2024-12-20,TN-MDU-PHC-002,RABIES_VACCINE,Anti-Rabies Vaccine (ARV),4,120,81
2024-12-21,TN-MDU-PHC-002,RABIES_VACCINE,Anti-Rabies Vaccine (ARV),6,114,94
2024-12-22,TN-MDU-PHC-002,RABIES_VACCINE,Anti-Rabies Vaccine (ARV),2,112,84
2024-12-23,TN-MDU-PHC-002,RABIES_VACCINE,Anti-Rabies Vaccine (ARV),4,108,83
2024-12-24,TN-MDU-PHC-002,RABIES_VACCINE,Anti-Rabies Vaccine (ARV),7,101,85
2024-12-25,TN-MDU-PHC-002,RABIES_VACCINE,Anti-Rabies Vaccine (ARV),4,97,70
2024-12-26,TN-MDU-PHC-002,RABIES_VACCINE,Anti-Rabies Vaccine (ARV),1,96,79
2024-12-27,TN-MDU-PHC-002,RABIES_VACCINE,Anti-Rabies Vaccine (ARV),6,90,91
2024-12-28,TN-MDU-PHC-002,RABIES_VACCINE,Anti-Rabies Vaccine (ARV),3,87,76
2024-12-29,TN-MDU-PHC-002,RABIES_VACCINE,Anti-Rabies Vaccine (ARV),4,83,72
2024-12-30,TN-MDU-PHC-002,RABIES_VACCINE,Anti-Rabies Vaccine (ARV),2,81,93
2024-12-31,TN-MDU-PHC-002,RABIES_VACCINE,Anti-Rabies Vaccine (ARV),2,79,70
2025-01-01,TN-MDU-PHC-002,RABIES_VACCINE,Anti-Rabies Vaccine (ARV),2,77,71
2025-01-02,TN-MDU-PHC-002,RABIES_VACCINE,Anti-Rabies Vaccine (ARV),1,76,75
2025-01-03,TN-MDU-PHC-002,RABIES_VACCINE,Anti-Rabies Vaccine (ARV),3,73,82
2025-01-04,TN-MDU-PHC-002,RABIES_VACCINE,Anti-Rabies Vaccine (ARV),4,69,85
2025-01-05,TN-MDU-PHC-002,RABIES_VACCINE,Anti-Rabies Vaccine (ARV),1,68,72
2025-01-06,TN-MDU-PHC-002,RABIES_VACCINE,Anti-Rabies Vaccine (ARV),1,67,79
2025-01-07,TN-MDU-PHC-002,RABIES_VACCINE,Anti-Rabies Vaccine (ARV),7,60,90
2025-01-08,TN-MDU-PHC-002,RABIES_VACCINE,Anti-Rabies Vaccine (ARV),6,54,72
2025-01-09,TN-MDU-PHC-002,RABIES_VACCINE,Anti-Rabies Vaccine (ARV),1,53,73
2025-01-10,TN-MDU-PHC-002,RABIES_VACCINE,Anti-Rabies Vaccine (ARV),1,52,82
2025-01-11,TN-MDU-PHC-002,RABIES_VACCINE,Anti-Rabies Vaccine (ARV),1,51,77
2025-01-12,TN-MDU-PHC-002,RABIES_VACCINE,Anti-Rabies Vaccine (ARV),5,46,83
2025-01-13,TN-MDU-PHC-002,RABIES_VACCINE,Anti-Rabies Vaccine (ARV),2,44,87
2025-01-14,TN-MDU-PHC-002,RABIES_VACCINE,Anti-Rabies Vaccine (ARV),2,42,77
2025-01-15,TN-MDU-PHC-002,RABIES_VACCINE,Anti-Rabies Vaccine (ARV),7,35,70
2025-01-16,TN-MDU-PHC-002,RABIES_VACCINE,Anti-Rabies Vaccine (ARV),4,31,77
2025-01-17,TN-MDU-PHC-002,RABIES_VACCINE,Anti-Rabies Vaccine (ARV),2,29,78
2025-01-18,TN-MDU-PHC-002,RABIES_VACCINE,Anti-Rabies Vaccine (ARV),5,129,75
2025-01-19,TN-MDU-PHC-002,RABIES_VACCINE,Anti-Rabies Vaccine (ARV),6,123,92
2025-01-20,TN-MDU-PHC-002,RABIES_VACCINE,Anti-Rabies Vaccine (ARV),7,116,88
2025-01-21,TN-MDU-PHC-002,RABIES_VACCINE,Anti-Rabies Vaccine (ARV),6,110,85
2025-01-22,TN-MDU-PHC-002,RABIES_VACCINE,Anti-Rabies Vaccine (ARV),2,108,93
2025-01-23,TN-MDU-PHC-002,RABIES_VACCINE,Anti-Rabies Vaccine (ARV),5,103,89
2025-01-24,TN-MDU-PHC-002,RABIES_VACCINE,Anti-Rabies Vaccine (ARV),5,98,84
2025-01-25,TN-MDU-PHC-002,RABIES_VACCINE,Anti-Rabies Vaccine (ARV),6,92,75
2025-01-26,TN-MDU-PHC-002,RABIES_VACCINE,Anti-Rabies Vaccine (ARV),6,86,83
2025-01-27,TN-MDU-PHC-002,RABIES_VACCINE,Anti-Rabies Vaccine (ARV),1,85,93
2025-01-28,TN-MDU-PHC-002,RABIES_VACCINE,Anti-Rabies Vaccine (ARV),5,80,73
2025-01-29,TN-MDU-PHC-002,RABIES_VACCINE,Anti-Rabies Vaccine (ARV),6,74,75
2025-01-30,TN-MDU-PHC-002,RABIES_VACCINE,Anti-Rabies Vaccine (ARV),4,70,85
2025-01-31,TN-MDU-PHC-002,RABIES_VACCINE,Anti-Rabies Vaccine (ARV),1,69,82
2025-02-01,TN-MDU-PHC-002,RABIES_VACCINE,Anti-Rabies Vaccine (ARV),5,64,73
2025-02-02,TN-MDU-PHC-002,RABIES_VACCINE,Anti-Rabies Vaccine (ARV),6,58,70
2025-02-03,TN-MDU-PHC-002,RABIES_VACCINE,Anti-Rabies Vaccine (ARV),5,53,85
2025-02-04,TN-MDU-PHC-002,RABIES_VACCINE,Anti-Rabies Vaccine (ARV),3,50,81
2025-02-05,TN-MDU-PHC-002,RABIES_VACCINE,Anti-Rabies Vaccine (ARV),6,44,87
2025-02-06,TN-MDU-PHC-002,RABIES_VACCINE,Anti-Rabies Vaccine (ARV),1,43,71
2025-02-07,TN-MDU-PHC-002,RABIES_VACCINE,Anti-Rabies Vaccine (ARV),1,42,92
2025-02-08,TN-MDU-PHC-002,RABIES_VACCINE,Anti-Rabies Vaccine (ARV),1,41,77
2025-02-09,TN-MDU-PHC-002,RABIES_VACCINE,Anti-Rabies Vaccine (ARV),1,40,86
2025-02-10,TN-MDU-PHC-002,RABIES_VACCINE,Anti-Rabies Vaccine (ARV),2,38,89
2025-02-11,TN-MDU-PHC-002,RABIES_VACCINE,Anti-Rabies Vaccine (ARV),1,37,78
2025-02-12,TN-MDU-PHC-002,RABIES_VACCINE,Anti-Rabies Vaccine (ARV),1,36,88
2025-02-13,TN-MDU-PHC-002,RABIES_VACCINE,Anti-Rabies Vaccine (ARV),7,29,84
2025-02-14,TN-MDU-PHC-002,RABIES_VACCINE,Anti-Rabies Vaccine (ARV),2,27,94
2025-02-15,TN-MDU-PHC-002,RABIES_VACCINE,Anti-Rabies Vaccine (ARV),1,26,84
2024-11-18,TN-MDU-PHC-002,OXYGEN_CYLINDER,Medical Oxygen D-Type,1,58,74
2024-11-19,TN-MDU-PHC-002,OXYGEN_CYLINDER,Medical Oxygen D-Type,3,55,84
2024-11-20,TN-MDU-PHC-002,OXYGEN_CYLINDER,Medical Oxygen D-Type,1,54,70
2024-11-21,TN-MDU-PHC-002,OXYGEN_CYLINDER,Medical Oxygen D-Type,2,52,79
2024-11-22,TN-MDU-PHC-002,OXYGEN_CYLINDER,Medical Oxygen D-Type,1,51,90
2024-11-23,TN-MDU-PHC-002,OXYGEN_CYLINDER,Medical Oxygen D-Type,1,50,89
2024-11-24,TN-MDU-PHC-002,OXYGEN_CYLINDER,Medical Oxygen D-Type,2,48,77
2024-11-25,TN-MDU-PHC-002,OXYGEN_CYLINDER,Medical Oxygen D-Type,3,45,85
2024-11-26,TN-MDU-PHC-002,OXYGEN_CYLINDER,Medical Oxygen D-Type,5,40,76
2024-11-27,TN-MDU-PHC-002,OXYGEN_CYLINDER,Medical Oxygen D-Type,2,38,70
2024-11-28,TN-MDU-PHC-002,OXYGEN_CYLINDER,Medical Oxygen D-Type,1,37,89
2024-11-29,TN-MDU-PHC-002,OXYGEN_CYLINDER,Medical Oxygen D-Type,1,36,70
2024-11-30,TN-MDU-PHC-002,OXYGEN_CYLINDER,Medical Oxygen D-Type,3,33,85
2024-12-01,TN-MDU-PHC-002,OXYGEN_CYLINDER,Medical Oxygen D-Type,5,28,85
2024-12-02,TN-MDU-PHC-002,OXYGEN_CYLINDER,Medical Oxygen D-Type,1,27,74
2024-12-03,TN-MDU-PHC-002,OXYGEN_CYLINDER,Medical Oxygen D-Type,5,22,92
2024-12-04,TN-MDU-PHC-002,OXYGEN_CYLINDER,Medical Oxygen D-Type,1,21,93
2024-12-05,TN-MDU-PHC-002,OXYGEN_CYLINDER,Medical Oxygen D-Type,1,20,86
2024-12-06,TN-MDU-PHC-002,OXYGEN_CYLINDER,Medical Oxygen D-Type,1,19,90
2024-12-07,TN-MDU-PHC-002,OXYGEN_CYLINDER,Medical Oxygen D-Type,3,16,77
2024-12-08,TN-MDU-PHC-002,OXYGEN_CYLINDER,Medical Oxygen D-Type,1,15,91
2024-12-09,TN-MDU-PHC-002,OXYGEN_CYLINDER,Medical Oxygen D-Type,1,14,83
2024-12-10,TN-MDU-PHC-002,OXYGEN_CYLINDER,Medical Oxygen D-Type,1,13,90
2024-12-11,TN-MDU-PHC-002,OXYGEN_CYLINDER,Medical Oxygen D-Type,1,12,74
2024-12-12,TN-MDU-PHC-002,OXYGEN_CYLINDER,Medical Oxygen D-Type,1,11,87
2024-12-13,TN-MDU-PHC-002,OXYGEN_CYLINDER,Medical Oxygen D-Type,1,10,74
2024-12-14,TN-MDU-PHC-002,OXYGEN_CYLINDER,Medical Oxygen D-Type,1,10,80
2024-12-15,TN-MDU-PHC-002,OXYGEN_CYLINDER,Medical Oxygen D-Type,1,10,73
2024-12-16,TN-MDU-PHC-002,OXYGEN_CYLINDER,Medical Oxygen D-Type,5,10,79
2024-12-17,TN-MDU-PHC-002,OXYGEN_CYLINDER,Medical Oxygen D-Type,3,10,72
2024-12-18,TN-MDU-PHC-002,OXYGEN_CYLINDER,Medical Oxygen D-Type,4,10,91
2024-12-19,TN-MDU-PHC-002,OXYGEN_CYLINDER,Medical Oxygen D-Type,1,10,84
2024-12-20,TN-MDU-PHC-002,OXYGEN_CYLINDER,Medical Oxygen D-Type,1,10,82
2024-12-21,TN-MDU-PHC-002,OXYGEN_CYLINDER,Medical Oxygen D-Type,5,10,78
2024-12-22,TN-MDU-PHC-002,OXYGEN_CYLINDER,Medical Oxygen D-Type,1,10,90
2024-12-23,TN-MDU-PHC-002,OXYGEN_CYLINDER,Medical Oxygen D-Type,1,10,73
2024-12-24,TN-MDU-PHC-002,OXYGEN_CYLINDER,Medical Oxygen D-Type,2,10,79
2024-12-25,TN-MDU-PHC-002,OXYGEN_CYLINDER,Medical Oxygen D-Type,1,10,81
2024-12-26,TN-MDU-PHC-002,OXYGEN_CYLINDER,Medical Oxygen D-Type,2,10,73
2024-12-27,TN-MDU-PHC-002,OXYGEN_CYLINDER,Medical Oxygen D-Type,3,10,92
2024-12-28,TN-MDU-PHC-002,OXYGEN_CYLINDER,Medical Oxygen D-Type,4,10,77
2024-12-29,TN-MDU-PHC-002,OXYGEN_CYLINDER,Medical Oxygen D-Type,1,10,71
2024-12-30,TN-MDU-PHC-002,OXYGEN_CYLINDER,Medical Oxygen D-Type,5,10,76
2024-12-31,TN-MDU-PHC-002,OXYGEN_CYLINDER,Medical Oxygen D-Type,2,10,94
2025-01-01,TN-MDU-PHC-002,OXYGEN_CYLINDER,Medical Oxygen D-Type,3,10,91
2025-01-02,TN-MDU-PHC-002,OXYGEN_CYLINDER,Medical Oxygen D-Type,1,10,73
2025-01-03,TN-MDU-PHC-002,OXYGEN_CYLINDER,Medical Oxygen D-Type,2,10,82
2025-01-04,TN-MDU-PHC-002,OXYGEN_CYLINDER,Medical Oxygen D-Type,5,10,75
2025-01-05,TN-MDU-PHC-002,OXYGEN_CYLINDER,Medical Oxygen D-Type,3,10,93
2025-01-06,TN-MDU-PHC-002,OXYGEN_CYLINDER,Medical Oxygen D-Type,2,10,87
2025-01-07,TN-MDU-PHC-002,OXYGEN_CYLINDER,Medical Oxygen D-Type,1,10,88
2025-01-08,TN-MDU-PHC-002,OXYGEN_CYLINDER,Medical Oxygen D-Type,5,10,78
2025-01-09,TN-MDU-PHC-002,OXYGEN_CYLINDER,Medical Oxygen D-Type,1,10,94
2025-01-10,TN-MDU-PHC-002,OXYGEN_CYLINDER,Medical Oxygen D-Type,3,10,77
2025-01-11,TN-MDU-PHC-002,OXYGEN_CYLINDER,Medical Oxygen D-Type,1,10,87
2025-01-12,TN-MDU-PHC-002,OXYGEN_CYLINDER,Medical Oxygen D-Type,2,10,76
2025-01-13,TN-MDU-PHC-002,OXYGEN_CYLINDER,Medical Oxygen D-Type,2,10,71
2025-01-14,TN-MDU-PHC-002,OXYGEN_CYLINDER,Medical Oxygen D-Type,1,10,92
2025-01-15,TN-MDU-PHC-002,OXYGEN_CYLINDER,Medical Oxygen D-Type,5,10,78
2025-01-16,TN-MDU-PHC-002,OXYGEN_CYLINDER,Medical Oxygen D-Type,1,10,84
2025-01-17,TN-MDU-PHC-002,OXYGEN_CYLINDER,Medical Oxygen D-Type,1,10,88
2025-01-18,TN-MDU-PHC-002,OXYGEN_CYLINDER,Medical Oxygen D-Type,1,10,93
2025-01-19,TN-MDU-PHC-002,OXYGEN_CYLINDER,Medical Oxygen D-Type,1,10,79
2025-01-20,TN-MDU-PHC-002,OXYGEN_CYLINDER,Medical Oxygen D-Type,2,10,94
2025-01-21,TN-MDU-PHC-002,OXYGEN_CYLINDER,Medical Oxygen D-Type,4,10,75
2025-01-22,TN-MDU-PHC-002,OXYGEN_CYLINDER,Medical Oxygen D-Type,1,10,73
2025-01-23,TN-MDU-PHC-002,OXYGEN_CYLINDER,Medical Oxygen D-Type,2,10,88
2025-01-24,TN-MDU-PHC-002,OXYGEN_CYLINDER,Medical Oxygen D-Type,4,10,78
2025-01-25,TN-MDU-PHC-002,OXYGEN_CYLINDER,Medical Oxygen D-Type,3,10,86
2025-01-26,TN-MDU-PHC-002,OXYGEN_CYLINDER,Medical Oxygen D-Type,1,10,93
2025-01-27,TN-MDU-PHC-002,OXYGEN_CYLINDER,Medical Oxygen D-Type,5,10,80
2025-01-28,TN-MDU-PHC-002,OXYGEN_CYLINDER,Medical Oxygen D-Type,1,10,90
2025-01-29,TN-MDU-PHC-002,OXYGEN_CYLINDER,Medical Oxygen D-Type,1,10,91
2025-01-30,TN-MDU-PHC-002,OXYGEN_CYLINDER,Medical Oxygen D-Type,1,10,77
2025-01-31,TN-MDU-PHC-002,OXYGEN_CYLINDER,Medical Oxygen D-Type,3,10,93
2025-02-01,TN-MDU-PHC-002,OXYGEN_CYLINDER,Medical Oxygen D-Type,2,10,93
2025-02-02,TN-MDU-PHC-002,OXYGEN_CYLINDER,Medical Oxygen D-Type,1,10,90
2025-02-03,TN-MDU-PHC-002,OXYGEN_CYLINDER,Medical Oxygen D-Type,5,10,85
2025-02-04,TN-MDU-PHC-002,OXYGEN_CYLINDER,Medical Oxygen D-Type,4,10,84
2025-02-05,TN-MDU-PHC-002,OXYGEN_CYLINDER,Medical Oxygen D-Type,3,10,84
2025-02-06,TN-MDU-PHC-002,OXYGEN_CYLINDER,Medical Oxygen D-Type,1,10,84
2025-02-07,TN-MDU-PHC-002,OXYGEN_CYLINDER,Medical Oxygen D-Type,5,10,74
2025-02-08,TN-MDU-PHC-002,OXYGEN_CYLINDER,Medical Oxygen D-Type,1,10,72
2025-02-09,TN-MDU-PHC-002,OXYGEN_CYLINDER,Medical Oxygen D-Type,5,10,90
2025-02-10,TN-MDU-PHC-002,OXYGEN_CYLINDER,Medical Oxygen D-Type,4,10,82
2025-02-11,TN-MDU-PHC-002,OXYGEN_CYLINDER,Medical Oxygen D-Type,2,10,72
2025-02-12,TN-MDU-PHC-002,OXYGEN_CYLINDER,Medical Oxygen D-Type,1,10,91
2025-02-13,TN-MDU-PHC-002,OXYGEN_CYLINDER,Medical Oxygen D-Type,1,10,71
2025-02-14,TN-MDU-PHC-002,OXYGEN_CYLINDER,Medical Oxygen D-Type,1,10,72
2025-02-15,TN-MDU-PHC-002,OXYGEN_CYLINDER,Medical Oxygen D-Type,2,10,90
2024-11-18,TN-MDU-PHC-005,ORS,ORS Packets (Oral Rehydration),20,305,100
2024-11-19,TN-MDU-PHC-005,ORS,ORS Packets (Oral Rehydration),21,284,97
2024-11-20,TN-MDU-PHC-005,ORS,ORS Packets (Oral Rehydration),17,267,88
2024-11-21,TN-MDU-PHC-005,ORS,ORS Packets (Oral Rehydration),18,249,97
2024-11-22,TN-MDU-PHC-005,ORS,ORS Packets (Oral Rehydration),16,233,95
2024-11-23,TN-MDU-PHC-005,ORS,ORS Packets (Oral Rehydration),17,216,95
2024-11-24,TN-MDU-PHC-005,ORS,ORS Packets (Oral Rehydration),21,195,99
2024-11-25,TN-MDU-PHC-005,ORS,ORS Packets (Oral Rehydration),16,179,86
2024-11-26,TN-MDU-PHC-005,ORS,ORS Packets (Oral Rehydration),15,164,83
2024-11-27,TN-MDU-PHC-005,ORS,ORS Packets (Oral Rehydration),21,143,87
2024-11-28,TN-MDU-PHC-005,ORS,ORS Packets (Oral Rehydration),19,124,97
2024-11-29,TN-MDU-PHC-005,ORS,ORS Packets (Oral Rehydration),18,106,90
2024-11-30,TN-MDU-PHC-005,ORS,ORS Packets (Oral Rehydration),20,373,102
2024-12-01,TN-MDU-PHC-005,ORS,ORS Packets (Oral Rehydration),19,354,102
2024-12-02,TN-MDU-PHC-005,ORS,ORS Packets (Oral Rehydration),18,336,105
2024-12-03,TN-MDU-PHC-005,ORS,ORS Packets (Oral Rehydration),19,317,84
2024-12-04,TN-MDU-PHC-005,ORS,ORS Packets (Oral Rehydration),17,300,107
2024-12-05,TN-MDU-PHC-005,ORS,ORS Packets (Oral Rehydration),15,285,92
2024-12-06,TN-MDU-PHC-005,ORS,ORS Packets (Oral Rehydration),15,270,103
2024-12-07,TN-MDU-PHC-005,ORS,ORS Packets (Oral Rehydration),20,250,92
2024-12-08,TN-MDU-PHC-005,ORS,ORS Packets (Oral Rehydration),18,232,101
2024-12-09,TN-MDU-PHC-005,ORS,ORS Packets (Oral Rehydration),16,216,106
2024-12-10,TN-MDU-PHC-005,ORS,ORS Packets (Oral Rehydration),16,200,93
2024-12-11,TN-MDU-PHC-005,ORS,ORS Packets (Oral Rehydration),17,183,87
2024-12-12,TN-MDU-PHC-005,ORS,ORS Packets (Oral Rehydration),17,166,96
2024-12-13,TN-MDU-PHC-005,ORS,ORS Packets (Oral Rehydration),17,149,101
2024-12-14,TN-MDU-PHC-005,ORS,ORS Packets (Oral Rehydration),16,133,99
2024-12-15,TN-MDU-PHC-005,ORS,ORS Packets (Oral Rehydration),14,119,88
2024-12-16,TN-MDU-PHC-005,ORS,ORS Packets (Oral Rehydration),19,389,83
2024-12-17,TN-MDU-PHC-005,ORS,ORS Packets (Oral Rehydration),16,373,96
2024-12-18,TN-MDU-PHC-005,ORS,ORS Packets (Oral Rehydration),18,355,93
2024-12-19,TN-MDU-PHC-005,ORS,ORS Packets (Oral Rehydration),20,335,94
2024-12-20,TN-MDU-PHC-005,ORS,ORS Packets (Oral Rehydration),18,317,91
2024-12-21,TN-MDU-PHC-005,ORS,ORS Packets (Oral Rehydration),19,298,96
2024-12-22,TN-MDU-PHC-005,ORS,ORS Packets (Oral Rehydration),19,279,92
2024-12-23,TN-MDU-PHC-005,ORS,ORS Packets (Oral Rehydration),18,261,86
2024-12-24,TN-MDU-PHC-005,ORS,ORS Packets (Oral Rehydration),21,240,91
2024-12-25,TN-MDU-PHC-005,ORS,ORS Packets (Oral Rehydration),21,219,94
2024-12-26,TN-MDU-PHC-005,ORS,ORS Packets (Oral Rehydration),21,198,106
2024-12-27,TN-MDU-PHC-005,ORS,ORS Packets (Oral Rehydration),20,178,100
2024-12-28,TN-MDU-PHC-005,ORS,ORS Packets (Oral Rehydration),16,162,85
2024-12-29,TN-MDU-PHC-005,ORS,ORS Packets (Oral Rehydration),15,147,87
2024-12-30,TN-MDU-PHC-005,ORS,ORS Packets (Oral Rehydration),21,126,87
2024-12-31,TN-MDU-PHC-005,ORS,ORS Packets (Oral Rehydration),20,106,93
2025-01-01,TN-MDU-PHC-005,ORS,ORS Packets (Oral Rehydration),18,358,93
2025-01-02,TN-MDU-PHC-005,ORS,ORS Packets (Oral Rehydration),17,341,104
2025-01-03,TN-MDU-PHC-005,ORS,ORS Packets (Oral Rehydration),15,326,107
2025-01-04,TN-MDU-PHC-005,ORS,ORS Packets (Oral Rehydration),14,312,99
2025-01-05,TN-MDU-PHC-005,ORS,ORS Packets (Oral Rehydration),16,296,97
2025-01-06,TN-MDU-PHC-005,ORS,ORS Packets (Oral Rehydration),21,275,95
2025-01-07,TN-MDU-PHC-005,ORS,ORS Packets (Oral Rehydration),18,257,84
2025-01-08,TN-MDU-PHC-005,ORS,ORS Packets (Oral Rehydration),21,236,101
2025-01-09,TN-MDU-PHC-005,ORS,ORS Packets (Oral Rehydration),20,216,106
2025-01-10,TN-MDU-PHC-005,ORS,ORS Packets (Oral Rehydration),17,199,83
2025-01-11,TN-MDU-PHC-005,ORS,ORS Packets (Oral Rehydration),17,182,97
2025-01-12,TN-MDU-PHC-005,ORS,ORS Packets (Oral Rehydration),18,164,103
2025-01-13,TN-MDU-PHC-005,ORS,ORS Packets (Oral Rehydration),18,146,100
2025-01-14,TN-MDU-PHC-005,ORS,ORS Packets (Oral Rehydration),20,126,91
2025-01-15,TN-MDU-PHC-005,ORS,ORS Packets (Oral Rehydration),15,111,87
2025-01-16,TN-MDU-PHC-005,ORS,ORS Packets (Oral Rehydration),14,311,95
2025-01-17,TN-MDU-PHC-005,ORS,ORS Packets (Oral Rehydration),39,272,152
2025-01-18,TN-MDU-PHC-005,ORS,ORS Packets (Oral Rehydration),38,234,133
2025-01-19,TN-MDU-PHC-005,ORS,ORS Packets (Oral Rehydration),39,195,133
2025-01-20,TN-MDU-PHC-005,ORS,ORS Packets (Oral Rehydration),42,153,123
2025-01-21,TN-MDU-PHC-005,ORS,ORS Packets (Oral Rehydration),37,116,113
2025-01-22,TN-MDU-PHC-005,ORS,ORS Packets (Oral Rehydration),28,336,121
2025-01-23,TN-MDU-PHC-005,ORS,ORS Packets (Oral Rehydration),38,298,129
2025-01-24,TN-MDU-PHC-005,ORS,ORS Packets (Oral Rehydration),46,252,127
2025-01-25,TN-MDU-PHC-005,ORS,ORS Packets (Oral Rehydration),30,222,133
2025-01-26,TN-MDU-PHC-005,ORS,ORS Packets (Oral Rehydration),24,198,133
2025-01-27,TN-MDU-PHC-005,ORS,ORS Packets (Oral Rehydration),32,166,110
2025-01-28,TN-MDU-PHC-005,ORS,ORS Packets (Oral Rehydration),35,131,108
2025-01-29,TN-MDU-PHC-005,ORS,ORS Packets (Oral Rehydration),35,96,142
2025-01-30,TN-MDU-PHC-005,ORS,ORS Packets (Oral Rehydration),40,322,109
2025-01-31,TN-MDU-PHC-005,ORS,ORS Packets (Oral Rehydration),36,286,141
2025-02-01,TN-MDU-PHC-005,ORS,ORS Packets (Oral Rehydration),36,250,129
2025-02-02,TN-MDU-PHC-005,ORS,ORS Packets (Oral Rehydration),31,219,133
2025-02-03,TN-MDU-PHC-005,ORS,ORS Packets (Oral Rehydration),34,185,118
2025-02-04,TN-MDU-PHC-005,ORS,ORS Packets (Oral Rehydration),40,145,125
2025-02-05,TN-MDU-PHC-005,ORS,ORS Packets (Oral Rehydration),38,107,133
2025-02-06,TN-MDU-PHC-005,ORS,ORS Packets (Oral Rehydration),30,315,150
2025-02-07,TN-MDU-PHC-005,ORS,ORS Packets (Oral Rehydration),41,274,125
2025-02-08,TN-MDU-PHC-005,ORS,ORS Packets (Oral Rehydration),41,233,133
2025-02-09,TN-MDU-PHC-005,ORS,ORS Packets (Oral Rehydration),25,208,136
2025-02-10,TN-MDU-PHC-005,ORS,ORS Packets (Oral Rehydration),29,179,150
2025-02-11,TN-MDU-PHC-005,ORS,ORS Packets (Oral Rehydration),45,134,117
2025-02-12,TN-MDU-PHC-005,ORS,ORS Packets (Oral Rehydration),38,96,116
2025-02-13,TN-MDU-PHC-005,ORS,ORS Packets (Oral Rehydration),36,60,151
2025-02-14,TN-MDU-PHC-005,ORS,ORS Packets (Oral Rehydration),43,17,127
2025-02-15,TN-MDU-PHC-005,ORS,ORS Packets (Oral Rehydration),36,10,126
2024-11-18,TN-MDU-PHC-005,PARACETAMOL_500,Paracetamol 500mg Tablets,41,747,98
2024-11-19,TN-MDU-PHC-005,PARACETAMOL_500,Paracetamol 500mg Tablets,40,707,103
2024-11-20,TN-MDU-PHC-005,PARACETAMOL_500,Paracetamol 500mg Tablets,38,669,105
2024-11-21,TN-MDU-PHC-005,PARACETAMOL_500,Paracetamol 500mg Tablets,41,628,90
2024-11-22,TN-MDU-PHC-005,PARACETAMOL_500,Paracetamol 500mg Tablets,41,587,104
2024-11-23,TN-MDU-PHC-005,PARACETAMOL_500,Paracetamol 500mg Tablets,37,550,99
2024-11-24,TN-MDU-PHC-005,PARACETAMOL_500,Paracetamol 500mg Tablets,37,513,94
2024-11-25,TN-MDU-PHC-005,PARACETAMOL_500,Paracetamol 500mg Tablets,38,475,104
2024-11-26,TN-MDU-PHC-005,PARACETAMOL_500,Paracetamol 500mg Tablets,43,432,99
2024-11-27,TN-MDU-PHC-005,PARACETAMOL_500,Paracetamol 500mg Tablets,38,394,105
2024-11-28,TN-MDU-PHC-005,PARACETAMOL_500,Paracetamol 500mg Tablets,42,352,83
2024-11-29,TN-MDU-PHC-005,PARACETAMOL_500,Paracetamol 500mg Tablets,38,314,88
2024-11-30,TN-MDU-PHC-005,PARACETAMOL_500,Paracetamol 500mg Tablets,39,275,92
2024-12-01,TN-MDU-PHC-005,PARACETAMOL_500,Paracetamol 500mg Tablets,37,238,88
2024-12-02,TN-MDU-PHC-005,PARACETAMOL_500,Paracetamol 500mg Tablets,39,607,100
2024-12-03,TN-MDU-PHC-005,PARACETAMOL_500,Paracetamol 500mg Tablets,37,570,89
2024-12-04,TN-MDU-PHC-005,PARACETAMOL_500,Paracetamol 500mg Tablets,39,531,86
2024-12-05,TN-MDU-PHC-005,PARACETAMOL_500,Paracetamol 500mg Tablets,41,490,86
2024-12-06,TN-MDU-PHC-005,PARACETAMOL_500,Paracetamol 500mg Tablets,36,454,95
2024-12-07,TN-MDU-PHC-005,PARACETAMOL_500,Paracetamol 500mg Tablets,43,411,95
2024-12-08,TN-MDU-PHC-005,PARACETAMOL_500,Paracetamol 500mg Tablets,41,370,84
2024-12-09,TN-MDU-PHC-005,PARACETAMOL_500,Paracetamol 500mg Tablets,43,327,100
2024-12-10,TN-MDU-PHC-005,PARACETAMOL_500,Paracetamol 500mg Tablets,37,290,91
2024-12-11,TN-MDU-PHC-005,PARACETAMOL_500,Paracetamol 500mg Tablets,38,252,105
2024-12-12,TN-MDU-PHC-005,PARACETAMOL_500,Paracetamol 500mg Tablets,43,209,99
2024-12-13,TN-MDU-PHC-005,PARACETAMOL_500,Paracetamol 500mg Tablets,37,640,106
2024-12-14,TN-MDU-PHC-005,PARACETAMOL_500,Paracetamol 500mg Tablets,39,601,100
2024-12-15,TN-MDU-PHC-005,PARACETAMOL_500,Paracetamol 500mg Tablets,38,563,102
2024-12-16,TN-MDU-PHC-005,PARACETAMOL_500,Paracetamol 500mg Tablets,36,527,94
2024-12-17,TN-MDU-PHC-005,PARACETAMOL_500,Paracetamol 500mg Tablets,51,476,108
2024-12-18,TN-MDU-PHC-005,PARACETAMOL_500,Paracetamol 500mg Tablets,60,416,98
2024-12-19,TN-MDU-PHC-005,PARACETAMOL_500,Paracetamol 500mg Tablets,47,369,109
2024-12-20,TN-MDU-PHC-005,PARACETAMOL_500,Paracetamol 500mg Tablets,53,316,113
2024-12-21,TN-MDU-PHC-005,PARACETAMOL_500,Paracetamol 500mg Tablets,49,267,108
2024-12-22,TN-MDU-PHC-005,PARACETAMOL_500,Paracetamol 500mg Tablets,63,204,110
2024-12-23,TN-MDU-PHC-005,PARACETAMOL_500,Paracetamol 500mg Tablets,51,580,101
2024-12-24,TN-MDU-PHC-005,PARACETAMOL_500,Paracetamol 500mg Tablets,47,533,118
2024-12-25,TN-MDU-PHC-005,PARACETAMOL_500,Paracetamol 500mg Tablets,54,479,111
2024-12-26,TN-MDU-PHC-005,PARACETAMOL_500,Paracetamol 500mg Tablets,51,428,106
2024-12-27,TN-MDU-PHC-005,PARACETAMOL_500,Paracetamol 500mg Tablets,53,375,113
2024-12-28,TN-MDU-PHC-005,PARACETAMOL_500,Paracetamol 500mg Tablets,54,321,120
2024-12-29,TN-MDU-PHC-005,PARACETAMOL_500,Paracetamol 500mg Tablets,55,266,103
2024-12-30,TN-MDU-PHC-005,PARACETAMOL_500,Paracetamol 500mg Tablets,65,201,114
2024-12-31,TN-MDU-PHC-005,PARACETAMOL_500,Paracetamol 500mg Tablets,59,623,121
2025-01-01,TN-MDU-PHC-005,PARACETAMOL_500,Paracetamol 500mg Tablets,48,575,105
2025-01-02,TN-MDU-PHC-005,PARACETAMOL_500,Paracetamol 500mg Tablets,60,515,122
2025-01-03,TN-MDU-PHC-005,PARACETAMOL_500,Paracetamol 500mg Tablets,53,462,103
2025-01-04,TN-MDU-PHC-005,PARACETAMOL_500,Paracetamol 500mg Tablets,62,400,115
2025-01-05,TN-MDU-PHC-005,PARACETAMOL_500,Paracetamol 500mg Tablets,51,349,118
2025-01-06,TN-MDU-PHC-005,PARACETAMOL_500,Paracetamol 500mg Tablets,61,288,102
2025-01-07,TN-MDU-PHC-005,PARACETAMOL_500,Paracetamol 500mg Tablets,49,239,118
2025-01-08,TN-MDU-PHC-005,PARACETAMOL_500,Paracetamol 500mg Tablets,52,626,101
2025-01-09,TN-MDU-PHC-005,PARACETAMOL_500,Paracetamol 500mg Tablets,47,579,106
2025-01-10,TN-MDU-PHC-005,PARACETAMOL_500,Paracetamol 500mg Tablets,54,525,101
2025-01-11,TN-MDU-PHC-005,PARACETAMOL_500,Paracetamol 500mg Tablets,63,462,119
2025-01-12,TN-MDU-PHC-005,PARACETAMOL_500,Paracetamol 500mg Tablets,40,422,96
2025-01-13,TN-MDU-PHC-005,PARACETAMOL_500,Paracetamol 500mg Tablets,39,383,101
2025-01-14,TN-MDU-PHC-005,PARACETAMOL_500,Paracetamol 500mg Tablets,39,344,100
2025-01-15,TN-MDU-PHC-005,PARACETAMOL_500,Paracetamol 500mg Tablets,40,304,101
2025-01-16,TN-MDU-PHC-005,PARACETAMOL_500,Paracetamol 500mg Tablets,43,261,106
2025-01-17,TN-MDU-PHC-005,PARACETAMOL_500,Paracetamol 500mg Tablets,39,222,94
2025-01-18,TN-MDU-PHC-005,PARACETAMOL_500,Paracetamol 500mg Tablets,41,648,92
2025-01-19,TN-MDU-PHC-005,PARACETAMOL_500,Paracetamol 500mg Tablets,37,611,96
2025-01-20,TN-MDU-PHC-005,PARACETAMOL_500,Paracetamol 500mg Tablets,39,572,92
2025-01-21,TN-MDU-PHC-005,PARACETAMOL_500,Paracetamol 500mg Tablets,37,535,106
2025-01-22,TN-MDU-PHC-005,PARACETAMOL_500,Paracetamol 500mg Tablets,40,495,107
2025-01-23,TN-MDU-PHC-005,PARACETAMOL_500,Paracetamol 500mg Tablets,41,454,83
2025-01-24,TN-MDU-PHC-005,PARACETAMOL_500,Paracetamol 500mg Tablets,37,417,90
2025-01-25,TN-MDU-PHC-005,PARACETAMOL_500,Paracetamol 500mg Tablets,39,378,107
2025-01-26,TN-MDU-PHC-005,PARACETAMOL_500,Paracetamol 500mg Tablets,36,342,89
2025-01-27,TN-MDU-PHC-005,PARACETAMOL_500,Paracetamol 500mg Tablets,42,300,83
2025-01-28,TN-MDU-PHC-005,PARACETAMOL_500,Paracetamol 500mg Tablets,38,262,92
2025-01-29,TN-MDU-PHC-005,PARACETAMOL_500,Paracetamol 500mg Tablets,39,223,105
2025-01-30,TN-MDU-PHC-005,PARACETAMOL_500,Paracetamol 500mg Tablets,42,673,89
2025-01-31,TN-MDU-PHC-005,PARACETAMOL_500,Paracetamol 500mg Tablets,38,635,83
2025-02-01,TN-MDU-PHC-005,PARACETAMOL_500,Paracetamol 500mg Tablets,37,598,98
2025-02-02,TN-MDU-PHC-005,PARACETAMOL_500,Paracetamol 500mg Tablets,37,561,107
2025-02-03,TN-MDU-PHC-005,PARACETAMOL_500,Paracetamol 500mg Tablets,37,524,91
2025-02-04,TN-MDU-PHC-005,PARACETAMOL_500,Paracetamol 500mg Tablets,41,483,107
2025-02-05,TN-MDU-PHC-005,PARACETAMOL_500,Paracetamol 500mg Tablets,36,447,98
2025-02-06,TN-MDU-PHC-005,PARACETAMOL_500,Paracetamol 500mg Tablets,43,404,103
2025-02-07,TN-MDU-PHC-005,PARACETAMOL_500,Paracetamol 500mg Tablets,41,363,90
2025-02-08,TN-MDU-PHC-005,PARACETAMOL_500,Paracetamol 500mg Tablets,40,323,93
2025-02-09,TN-MDU-PHC-005,PARACETAMOL_500,Paracetamol 500mg Tablets,38,285,96
2025-02-10,TN-MDU-PHC-005,PARACETAMOL_500,Paracetamol 500mg Tablets,38,247,88
2025-02-11,TN-MDU-PHC-005,PARACETAMOL_500,Paracetamol 500mg Tablets,39,208,87
2025-02-12,TN-MDU-PHC-005,PARACETAMOL_500,Paracetamol 500mg Tablets,42,166,84
2025-02-13,TN-MDU-PHC-005,PARACETAMOL_500,Paracetamol 500mg Tablets,36,130,105
2025-02-14,TN-MDU-PHC-005,PARACETAMOL_500,Paracetamol 500mg Tablets,39,91,92
2025-02-15,TN-MDU-PHC-005,PARACETAMOL_500,Paracetamol 500mg Tablets,43,48,96
2024-11-18,TN-MDU-PHC-005,AMOXICILLIN_500,Amoxicillin 500mg Capsules,28,430,98
2024-11-19,TN-MDU-PHC-005,AMOXICILLIN_500,Amoxicillin 500mg Capsules,24,406,83
2024-11-20,TN-MDU-PHC-005,AMOXICILLIN_500,Amoxicillin 500mg Capsules,25,381,100
2024-11-21,TN-MDU-PHC-005,AMOXICILLIN_500,Amoxicillin 500mg Capsules,28,353,95
2024-11-22,TN-MDU-PHC-005,AMOXICILLIN_500,Amoxicillin 500mg Capsules,23,330,104
2024-11-23,TN-MDU-PHC-005,AMOXICILLIN_500,Amoxicillin 500mg Capsules,27,303,84
2024-11-24,TN-MDU-PHC-005,AMOXICILLIN_500,Amoxicillin 500mg Capsules,25,278,86
2024-11-25,TN-MDU-PHC-005,AMOXICILLIN_500,Amoxicillin 500mg Capsules,26,252,83
2024-11-26,TN-MDU-PHC-005,AMOXICILLIN_500,Amoxicillin 500mg Capsules,23,229,91
2024-11-27,TN-MDU-PHC-005,AMOXICILLIN_500,Amoxicillin 500mg Capsules,27,202,86
2024-11-28,TN-MDU-PHC-005,AMOXICILLIN_500,Amoxicillin 500mg Capsules,21,181,97
2024-11-29,TN-MDU-PHC-005,AMOXICILLIN_500,Amoxicillin 500mg Capsules,27,154,102
2024-11-30,TN-MDU-PHC-005,AMOXICILLIN_500,Amoxicillin 500mg Capsules,26,492,107
2024-12-01,TN-MDU-PHC-005,AMOXICILLIN_500,Amoxicillin 500mg Capsules,21,471,95
2024-12-02,TN-MDU-PHC-005,AMOXICILLIN_500,Amoxicillin 500mg Capsules,27,444,99
2024-12-03,TN-MDU-PHC-005,AMOXICILLIN_500,Amoxicillin 500mg Capsules,21,423,91
2024-12-04,TN-MDU-PHC-005,AMOXICILLIN_500,Amoxicillin 500mg Capsules,28,395,103
2024-12-05,TN-MDU-PHC-005,AMOXICILLIN_500,Amoxicillin 500mg Capsules,23,372,99
2024-12-06,TN-MDU-PHC-005,AMOXICILLIN_500,Amoxicillin 500mg Capsules,25,347,93
2024-12-07,TN-MDU-PHC-005,AMOXICILLIN_500,Amoxicillin 500mg Capsules,27,320,96
2024-12-08,TN-MDU-PHC-005,AMOXICILLIN_500,Amoxicillin 500mg Capsules,26,294,97
2024-12-09,TN-MDU-PHC-005,AMOXICILLIN_500,Amoxicillin 500mg Capsules,23,271,87
2024-12-10,TN-MDU-PHC-005,AMOXICILLIN_500,Amoxicillin 500mg Capsules,26,245,93
2024-12-11,TN-MDU-PHC-005,AMOXICILLIN_500,Amoxicillin 500mg Capsules,21,224,86
2024-12-12,TN-MDU-PHC-005,AMOXICILLIN_500,Amoxicillin 500mg Capsules,27,197,96
2024-12-13,TN-MDU-PHC-005,AMOXICILLIN_500,Amoxicillin 500mg Capsules,24,173,88
2024-12-14,TN-MDU-PHC-005,AMOXICILLIN_500,Amoxicillin 500mg Capsules,25,528,87
2024-12-15,TN-MDU-PHC-005,AMOXICILLIN_500,Amoxicillin 500mg Capsules,21,507,93
2024-12-16,TN-MDU-PHC-005,AMOXICILLIN_500,Amoxicillin 500mg Capsules,28,479,96
2024-12-17,TN-MDU-PHC-005,AMOXICILLIN_500,Amoxicillin 500mg Capsules,25,454,88
2024-12-18,TN-MDU-PHC-005,AMOXICILLIN_500,Amoxicillin 500mg Capsules,23,431,97
2024-12-19,TN-MDU-PHC-005,AMOXICILLIN_500,Amoxicillin 500mg Capsules,25,406,104
2024-12-20,TN-MDU-PHC-005,AMOXICILLIN_500,Amoxicillin 500mg Capsules,22,384,85
2024-12-21,TN-MDU-PHC-005,AMOXICILLIN_500,Amoxicillin 500mg Capsules,23,361,85
2024-12-22,TN-MDU-PHC-005,AMOXICILLIN_500,Amoxicillin 500mg Capsules,22,339,101
2024-12-23,TN-MDU-PHC-005,AMOXICILLIN_500,Amoxicillin 500mg Capsules,25,314,87
2024-12-24,TN-MDU-PHC-005,AMOXICILLIN_500,Amoxicillin 500mg Capsules,27,287,106
2024-12-25,TN-MDU-PHC-005,AMOXICILLIN_500,Amoxicillin 500mg Capsules,21,266,105
2024-12-26,TN-MDU-PHC-005,AMOXICILLIN_500,Amoxicillin 500mg Capsules,27,239,89
2024-12-27,TN-MDU-PHC-005,AMOXICILLIN_500,Amoxicillin 500mg Capsules,26,213,98
2024-12-28,TN-MDU-PHC-005,AMOXICILLIN_500,Amoxicillin 500mg Capsules,28,185,86
2024-12-29,TN-MDU-PHC-005,AMOXICILLIN_500,Amoxicillin 500mg Capsules,21,164,85
2024-12-30,TN-MDU-PHC-005,AMOXICILLIN_500,Amoxicillin 500mg Capsules,27,510,83
2024-12-31,TN-MDU-PHC-005,AMOXICILLIN_500,Amoxicillin 500mg Capsules,24,486,98
2025-01-01,TN-MDU-PHC-005,AMOXICILLIN_500,Amoxicillin 500mg Capsules,22,464,107
2025-01-02,TN-MDU-PHC-005,AMOXICILLIN_500,Amoxicillin 500mg Capsules,27,437,86
2025-01-03,TN-MDU-PHC-005,AMOXICILLIN_500,Amoxicillin 500mg Capsules,21,416,99
2025-01-04,TN-MDU-PHC-005,AMOXICILLIN_500,Amoxicillin 500mg Capsules,25,391,93
2025-01-05,TN-MDU-PHC-005,AMOXICILLIN_500,Amoxicillin 500mg Capsules,24,367,102
2025-01-06,TN-MDU-PHC-005,AMOXICILLIN_500,Amoxicillin 500mg Capsules,28,339,97
2025-01-07,TN-MDU-PHC-005,AMOXICILLIN_500,Amoxicillin 500mg Capsules,27,312,100
2025-01-08,TN-MDU-PHC-005,AMOXICILLIN_500,Amoxicillin 500mg Capsules,28,284,97
2025-01-09,TN-MDU-PHC-005,AMOXICILLIN_500,Amoxicillin 500mg Capsules,24,260,97
2025-01-10,TN-MDU-PHC-005,AMOXICILLIN_500,Amoxicillin 500mg Capsules,27,233,104
2025-01-11,TN-MDU-PHC-005,AMOXICILLIN_500,Amoxicillin 500mg Capsules,21,212,97
2025-01-12,TN-MDU-PHC-005,AMOXICILLIN_500,Amoxicillin 500mg Capsules,27,185,96
2025-01-13,TN-MDU-PHC-005,AMOXICILLIN_500,Amoxicillin 500mg Capsules,26,159,86
2025-01-14,TN-MDU-PHC-005,AMOXICILLIN_500,Amoxicillin 500mg Capsules,24,478,97
2025-01-15,TN-MDU-PHC-005,AMOXICILLIN_500,Amoxicillin 500mg Capsules,28,450,97
2025-01-16,TN-MDU-PHC-005,AMOXICILLIN_500,Amoxicillin 500mg Capsules,23,427,89
2025-01-17,TN-MDU-PHC-005,AMOXICILLIN_500,Amoxicillin 500mg Capsules,22,405,98
2025-01-18,TN-MDU-PHC-005,AMOXICILLIN_500,Amoxicillin 500mg Capsules,24,381,84
2025-01-19,TN-MDU-PHC-005,AMOXICILLIN_500,Amoxicillin 500mg Capsules,25,356,106
2025-01-20,TN-MDU-PHC-005,AMOXICILLIN_500,Amoxicillin 500mg Capsules,24,332,99
2025-01-21,TN-MDU-PHC-005,AMOXICILLIN_500,Amoxicillin 500mg Capsules,21,311,99
2025-01-22,TN-MDU-PHC-005,AMOXICILLIN_500,Amoxicillin 500mg Capsules,21,290,90
2025-01-23,TN-MDU-PHC-005,AMOXICILLIN_500,Amoxicillin 500mg Capsules,22,268,83
2025-01-24,TN-MDU-PHC-005,AMOXICILLIN_500,Amoxicillin 500mg Capsules,24,244,106
2025-01-25,TN-MDU-PHC-005,AMOXICILLIN_500,Amoxicillin 500mg Capsules,22,222,86
2025-01-26,TN-MDU-PHC-005,AMOXICILLIN_500,Amoxicillin 500mg Capsules,27,195,93
2025-01-27,TN-MDU-PHC-005,AMOXICILLIN_500,Amoxicillin 500mg Capsules,27,168,86
2025-01-28,TN-MDU-PHC-005,AMOXICILLIN_500,Amoxicillin 500mg Capsules,21,512,100
2025-01-29,TN-MDU-PHC-005,AMOXICILLIN_500,Amoxicillin 500mg Capsules,24,488,97
2025-01-30,TN-MDU-PHC-005,AMOXICILLIN_500,Amoxicillin 500mg Capsules,26,462,90
2025-01-31,TN-MDU-PHC-005,AMOXICILLIN_500,Amoxicillin 500mg Capsules,23,439,95
2025-02-01,TN-MDU-PHC-005,AMOXICILLIN_500,Amoxicillin 500mg Capsules,24,415,88
2025-02-02,TN-MDU-PHC-005,AMOXICILLIN_500,Amoxicillin 500mg Capsules,25,390,91
2025-02-03,TN-MDU-PHC-005,AMOXICILLIN_500,Amoxicillin 500mg Capsules,22,368,104
2025-02-04,TN-MDU-PHC-005,AMOXICILLIN_500,Amoxicillin 500mg Capsules,25,343,98
2025-02-05,TN-MDU-PHC-005,AMOXICILLIN_500,Amoxicillin 500mg Capsules,24,319,83
2025-02-06,TN-MDU-PHC-005,AMOXICILLIN_500,Amoxicillin 500mg Capsules,26,293,105
2025-02-07,TN-MDU-PHC-005,AMOXICILLIN_500,Amoxicillin 500mg Capsules,24,269,100
2025-02-08,TN-MDU-PHC-005,AMOXICILLIN_500,Amoxicillin 500mg Capsules,21,248,95
2025-02-09,TN-MDU-PHC-005,AMOXICILLIN_500,Amoxicillin 500mg Capsules,28,220,86
2025-02-10,TN-MDU-PHC-005,AMOXICILLIN_500,Amoxicillin 500mg Capsules,28,192,102
2025-02-11,TN-MDU-PHC-005,AMOXICILLIN_500,Amoxicillin 500mg Capsules,25,167,101
2025-02-12,TN-MDU-PHC-005,AMOXICILLIN_500,Amoxicillin 500mg Capsules,25,142,106
2025-02-13,TN-MDU-PHC-005,AMOXICILLIN_500,Amoxicillin 500mg Capsules,24,118,102
2025-02-14,TN-MDU-PHC-005,AMOXICILLIN_500,Amoxicillin 500mg Capsules,21,97,103
2025-02-15,TN-MDU-PHC-005,AMOXICILLIN_500,Amoxicillin 500mg Capsules,27,70,87
2024-11-18,TN-MDU-PHC-005,AZITHROMYCIN_500,Azithromycin 500mg Tablets,14,289,93
2024-11-19,TN-MDU-PHC-005,AZITHROMYCIN_500,Azithromycin 500mg Tablets,14,275,94
2024-11-20,TN-MDU-PHC-005,AZITHROMYCIN_500,Azithromycin 500mg Tablets,11,264,106
2024-11-21,TN-MDU-PHC-005,AZITHROMYCIN_500,Azithromycin 500mg Tablets,18,246,97
2024-11-22,TN-MDU-PHC-005,AZITHROMYCIN_500,Azithromycin 500mg Tablets,15,231,94
2024-11-23,TN-MDU-PHC-005,AZITHROMYCIN_500,Azithromycin 500mg Tablets,16,215,92
2024-11-24,TN-MDU-PHC-005,AZITHROMYCIN_500,Azithromycin 500mg Tablets,11,204,93
2024-11-25,TN-MDU-PHC-005,AZITHROMYCIN_500,Azithromycin 500mg Tablets,16,188,95
2024-11-26,TN-MDU-PHC-005,AZITHROMYCIN_500,Azithromycin 500mg Tablets,14,174,105
2024-11-27,TN-MDU-PHC-005,AZITHROMYCIN_500,Azithromycin 500mg Tablets,15,159,88
2024-11-28,TN-MDU-PHC-005,AZITHROMYCIN_500,Azithromycin 500mg Tablets,17,142,95
2024-11-29,TN-MDU-PHC-005,AZITHROMYCIN_500,Azithromycin 500mg Tablets,12,130,94
2024-11-30,TN-MDU-PHC-005,AZITHROMYCIN_500,Azithromycin 500mg Tablets,12,118,98
2024-12-01,TN-MDU-PHC-005,AZITHROMYCIN_500,Azithromycin 500mg Tablets,18,100,95
2024-12-02,TN-MDU-PHC-005,AZITHROMYCIN_500,Azithromycin 500mg Tablets,16,84,99
2024-12-03,TN-MDU-PHC-005,AZITHROMYCIN_500,Azithromycin 500mg Tablets,17,321,88
2024-12-04,TN-MDU-PHC-005,AZITHROMYCIN_500,Azithromycin 500mg Tablets,13,308,83
2024-12-05,TN-MDU-PHC-005,AZITHROMYCIN_500,Azithromycin 500mg Tablets,13,295,89
2024-12-06,TN-MDU-PHC-005,AZITHROMYCIN_500,Azithromycin 500mg Tablets,17,278,87
2024-12-07,TN-MDU-PHC-005,AZITHROMYCIN_500,Azithromycin 500mg Tablets,15,263,100
2024-12-08,TN-MDU-PHC-005,AZITHROMYCIN_500,Azithromycin 500mg Tablets,11,252,96
2024-12-09,TN-MDU-PHC-005,AZITHROMYCIN_500,Azithromycin 500mg Tablets,16,236,94
2024-12-10,TN-MDU-PHC-005,AZITHROMYCIN_500,Azithromycin 500mg Tablets,11,225,84
2024-12-11,TN-MDU-PHC-005,AZITHROMYCIN_500,Azithromycin 500mg Tablets,11,214,87
2024-12-12,TN-MDU-PHC-005,AZITHROMYCIN_500,Azithromycin 500mg Tablets,15,199,96
2024-12-13,TN-MDU-PHC-005,AZITHROMYCIN_500,Azithromycin 500mg Tablets,15,184,89
2024-12-14,TN-MDU-PHC-005,AZITHROMYCIN_500,Azithromycin 500mg Tablets,13,171,102
2024-12-15,TN-MDU-PHC-005,AZITHROMYCIN_500,Azithromycin 500mg Tablets,15,156,104
2024-12-16,TN-MDU-PHC-005,AZITHROMYCIN_500,Azithromycin 500mg Tablets,15,141,105
2024-12-17,TN-MDU-PHC-005,AZITHROMYCIN_500,Azithromycin 500mg Tablets,34,107,114
2024-12-18,TN-MDU-PHC-005,AZITHROMYCIN_500,Azithromycin 500mg Tablets,37,70,116
2024-12-19,TN-MDU-PHC-005,AZITHROMYCIN_500,Azithromycin 500mg Tablets,30,277,100
2024-12-20,TN-MDU-PHC-005,AZITHROMYCIN_500,Azithromycin 500mg Tablets,34,243,116
2024-12-21,TN-MDU-PHC-005,AZITHROMYCIN_500,Azithromycin 500mg Tablets,35,208,105
2024-12-22,TN-MDU-PHC-005,AZITHROMYCIN_500,Azithromycin 500mg Tablets,36,172,104
2024-12-23,TN-MDU-PHC-005,AZITHROMYCIN_500,Azithromycin 500mg Tablets,21,151,122
2024-12-24,TN-MDU-PHC-005,AZITHROMYCIN_500,Azithromycin 500mg Tablets,37,114,101
2024-12-25,TN-MDU-PHC-005,AZITHROMYCIN_500,Azithromycin 500mg Tablets,22,92,98
2024-12-26,TN-MDU-PHC-005,AZITHROMYCIN_500,Azithromycin 500mg Tablets,40,233,114
2024-12-27,TN-MDU-PHC-005,AZITHROMYCIN_500,Azithromycin 500mg Tablets,30,203,111
2024-12-28,TN-MDU-PHC-005,AZITHROMYCIN_500,Azithromycin 500mg Tablets,34,169,110
2024-12-29,TN-MDU-PHC-005,AZITHROMYCIN_500,Azithromycin 500mg Tablets,37,132,120
2024-12-30,TN-MDU-PHC-005,AZITHROMYCIN_500,Azithromycin 500mg Tablets,35,97,114
2024-12-31,TN-MDU-PHC-005,AZITHROMYCIN_500,Azithromycin 500mg Tablets,38,59,100
2025-01-01,TN-MDU-PHC-005,AZITHROMYCIN_500,Azithromycin 500mg Tablets,36,195,120
2025-01-02,TN-MDU-PHC-005,AZITHROMYCIN_500,Azithromycin 500mg Tablets,37,158,115
2025-01-03,TN-MDU-PHC-005,AZITHROMYCIN_500,Azithromycin 500mg Tablets,27,131,109
2025-01-04,TN-MDU-PHC-005,AZITHROMYCIN_500,Azithromycin 500mg Tablets,27,104,119
2025-01-05,TN-MDU-PHC-005,AZITHROMYCIN_500,Azithromycin 500mg Tablets,19,85,117
2025-01-06,TN-MDU-PHC-005,AZITHROMYCIN_500,Azithromycin 500mg Tablets,23,246,103
2025-01-07,TN-MDU-PHC-005,AZITHROMYCIN_500,Azithromycin 500mg Tablets,26,220,104
2025-01-08,TN-MDU-PHC-005,AZITHROMYCIN_500,Azithromycin 500mg Tablets,31,189,101
2025-01-09,TN-MDU-PHC-005,AZITHROMYCIN_500,Azithromycin 500mg Tablets,31,158,117
2025-01-10,TN-MDU-PHC-005,AZITHROMYCIN_500,Azithromycin 500mg Tablets,32,126,122
2025-01-11,TN-MDU-PHC-005,AZITHROMYCIN_500,Azithromycin 500mg Tablets,29,97,119
2025-01-12,TN-MDU-PHC-005,AZITHROMYCIN_500,Azithromycin 500mg Tablets,17,80,93
2025-01-13,TN-MDU-PHC-005,AZITHROMYCIN_500,Azithromycin 500mg Tablets,12,259,107
2025-01-14,TN-MDU-PHC-005,AZITHROMYCIN_500,Azithromycin 500mg Tablets,16,243,85
2025-01-15,TN-MDU-PHC-005,AZITHROMYCIN_500,Azithromycin 500mg Tablets,13,230,91
2025-01-16,TN-MDU-PHC-005,AZITHROMYCIN_500,Azithromycin 500mg Tablets,13,217,83
2025-01-17,TN-MDU-PHC-005,AZITHROMYCIN_500,Azithromycin 500mg Tablets,14,203,102
2025-01-18,TN-MDU-PHC-005,AZITHROMYCIN_500,Azithromycin 500mg Tablets,17,186,91
2025-01-19,TN-MDU-PHC-005,AZITHROMYCIN_500,Azithromycin 500mg Tablets,14,172,88
2025-01-20,TN-MDU-PHC-005,AZITHROMYCIN_500,Azithromycin 500mg Tablets,15,157,84
2025-01-21,TN-MDU-PHC-005,AZITHROMYCIN_500,Azithromycin 500mg Tablets,11,146,97
2025-01-22,TN-MDU-PHC-005,AZITHROMYCIN_500,Azithromycin 500mg Tablets,18,128,87
2025-01-23,TN-MDU-PHC-005,AZITHROMYCIN_500,Azithromycin 500mg Tablets,17,111,83
2025-01-24,TN-MDU-PHC-005,AZITHROMYCIN_500,Azithromycin 500mg Tablets,18,93,103
2025-01-25,TN-MDU-PHC-005,AZITHROMYCIN_500,Azithromycin 500mg Tablets,18,280,91
2025-01-26,TN-MDU-PHC-005,AZITHROMYCIN_500,Azithromycin 500mg Tablets,12,268,90
2025-01-27,TN-MDU-PHC-005,AZITHROMYCIN_500,Azithromycin 500mg Tablets,18,250,83
2025-01-28,TN-MDU-PHC-005,AZITHROMYCIN_500,Azithromycin 500mg Tablets,18,232,94
2025-01-29,TN-MDU-PHC-005,AZITHROMYCIN_500,Azithromycin 500mg Tablets,17,215,95
2025-01-30,TN-MDU-PHC-005,AZITHROMYCIN_500,Azithromycin 500mg Tablets,13,202,100
2025-01-31,TN-MDU-PHC-005,AZITHROMYCIN_500,Azithromycin 500mg Tablets,18,184,90
2025-02-01,TN-MDU-PHC-005,AZITHROMYCIN_500,Azithromycin 500mg Tablets,12,172,100
2025-02-02,TN-MDU-PHC-005,AZITHROMYCIN_500,Azithromycin 500mg Tablets,17,155,102
2025-02-03,TN-MDU-PHC-005,AZITHROMYCIN_500,Azithromycin 500mg Tablets,16,139,93
2025-02-04,TN-MDU-PHC-005,AZITHROMYCIN_500,Azithromycin 500mg Tablets,13,126,85
2025-02-05,TN-MDU-PHC-005,AZITHROMYCIN_500,Azithromycin 500mg Tablets,15,111,100
2025-02-06,TN-MDU-PHC-005,AZITHROMYCIN_500,Azithromycin 500mg Tablets,14,97,91
2025-02-07,TN-MDU-PHC-005,AZITHROMYCIN_500,Azithromycin 500mg Tablets,12,85,99
2025-02-08,TN-MDU-PHC-005,AZITHROMYCIN_500,Azithromycin 500mg Tablets,15,287,100
2025-02-09,TN-MDU-PHC-005,AZITHROMYCIN_500,Azithromycin 500mg Tablets,17,270,88
2025-02-10,TN-MDU-PHC-005,AZITHROMYCIN_500,Azithromycin 500mg Tablets,15,255,101
2025-02-11,TN-MDU-PHC-005,AZITHROMYCIN_500,Azithromycin 500mg Tablets,13,242,101
2025-02-12,TN-MDU-PHC-005,AZITHROMYCIN_500,Azithromycin 500mg Tablets,14,228,89
2025-02-13,TN-MDU-PHC-005,AZITHROMYCIN_500,Azithromycin 500mg Tablets,15,213,90
2025-02-14,TN-MDU-PHC-005,AZITHROMYCIN_500,Azithromycin 500mg Tablets,17,196,107
2025-02-15,TN-MDU-PHC-005,AZITHROMYCIN_500,Azithromycin 500mg Tablets,12,184,99
2024-11-18,TN-MDU-PHC-005,METFORMIN_500,Metformin 500mg Tablets,20,512,83
2024-11-19,TN-MDU-PHC-005,METFORMIN_500,Metformin 500mg Tablets,24,488,101
2024-11-20,TN-MDU-PHC-005,METFORMIN_500,Metformin 500mg Tablets,22,466,94
2024-11-21,TN-MDU-PHC-005,METFORMIN_500,Metformin 500mg Tablets,25,441,104
2024-11-22,TN-MDU-PHC-005,METFORMIN_500,Metformin 500mg Tablets,24,417,92
2024-11-23,TN-MDU-PHC-005,METFORMIN_500,Metformin 500mg Tablets,21,396,102
2024-11-24,TN-MDU-PHC-005,METFORMIN_500,Metformin 500mg Tablets,24,372,90
2024-11-25,TN-MDU-PHC-005,METFORMIN_500,Metformin 500mg Tablets,24,348,96
2024-11-26,TN-MDU-PHC-005,METFORMIN_500,Metformin 500mg Tablets,21,327,86
2024-11-27,TN-MDU-PHC-005,METFORMIN_500,Metformin 500mg Tablets,23,304,93
2024-11-28,TN-MDU-PHC-005,METFORMIN_500,Metformin 500mg Tablets,19,285,101
2024-11-29,TN-MDU-PHC-005,METFORMIN_500,Metformin 500mg Tablets,22,263,87
2024-11-30,TN-MDU-PHC-005,METFORMIN_500,Metformin 500mg Tablets,18,245,85
2024-12-01,TN-MDU-PHC-005,METFORMIN_500,Metformin 500mg Tablets,22,223,90
2024-12-02,TN-MDU-PHC-005,METFORMIN_500,Metformin 500mg Tablets,19,204,104
2024-12-03,TN-MDU-PHC-005,METFORMIN_500,Metformin 500mg Tablets,19,185,83
2024-12-04,TN-MDU-PHC-005,METFORMIN_500,Metformin 500mg Tablets,18,167,89
2024-12-05,TN-MDU-PHC-005,METFORMIN_500,Metformin 500mg Tablets,18,149,84
2024-12-06,TN-MDU-PHC-005,METFORMIN_500,Metformin 500mg Tablets,24,125,98
2024-12-07,TN-MDU-PHC-005,METFORMIN_500,Metformin 500mg Tablets,19,372,106
2024-12-08,TN-MDU-PHC-005,METFORMIN_500,Metformin 500mg Tablets,20,352,92
2024-12-09,TN-MDU-PHC-005,METFORMIN_500,Metformin 500mg Tablets,25,327,91
2024-12-10,TN-MDU-PHC-005,METFORMIN_500,Metformin 500mg Tablets,21,306,84
2024-12-11,TN-MDU-PHC-005,METFORMIN_500,Metformin 500mg Tablets,25,281,97
2024-12-12,TN-MDU-PHC-005,METFORMIN_500,Metformin 500mg Tablets,24,257,106
2024-12-13,TN-MDU-PHC-005,METFORMIN_500,Metformin 500mg Tablets,19,238,88
2024-12-14,TN-MDU-PHC-005,METFORMIN_500,Metformin 500mg Tablets,21,217,86
2024-12-15,TN-MDU-PHC-005,METFORMIN_500,Metformin 500mg Tablets,22,195,107
2024-12-16,TN-MDU-PHC-005,METFORMIN_500,Metformin 500mg Tablets,21,174,106
2024-12-17,TN-MDU-PHC-005,METFORMIN_500,Metformin 500mg Tablets,23,151,95
2024-12-18,TN-MDU-PHC-005,METFORMIN_500,Metformin 500mg Tablets,22,129,103
2024-12-19,TN-MDU-PHC-005,METFORMIN_500,Metformin 500mg Tablets,22,385,100
2024-12-20,TN-MDU-PHC-005,METFORMIN_500,Metformin 500mg Tablets,24,361,88
2024-12-21,TN-MDU-PHC-005,METFORMIN_500,Metformin 500mg Tablets,23,338,84
2024-12-22,TN-MDU-PHC-005,METFORMIN_500,Metformin 500mg Tablets,22,316,93
2024-12-23,TN-MDU-PHC-005,METFORMIN_500,Metformin 500mg Tablets,19,297,105
2024-12-24,TN-MDU-PHC-005,METFORMIN_500,Metformin 500mg Tablets,24,273,86
2024-12-25,TN-MDU-PHC-005,METFORMIN_500,Metformin 500mg Tablets,19,254,84
2024-12-26,TN-MDU-PHC-005,METFORMIN_500,Metformin 500mg Tablets,25,229,107
2024-12-27,TN-MDU-PHC-005,METFORMIN_500,Metformin 500mg Tablets,21,208,95
2024-12-28,TN-MDU-PHC-005,METFORMIN_500,Metformin 500mg Tablets,24,184,96
2024-12-29,TN-MDU-PHC-005,METFORMIN_500,Metformin 500mg Tablets,24,160,102
2024-12-30,TN-MDU-PHC-005,METFORMIN_500,Metformin 500mg Tablets,24,136,107
2024-12-31,TN-MDU-PHC-005,METFORMIN_500,Metformin 500mg Tablets,21,430,95
2025-01-01,TN-MDU-PHC-005,METFORMIN_500,Metformin 500mg Tablets,21,409,94
2025-01-02,TN-MDU-PHC-005,METFORMIN_500,Metformin 500mg Tablets,19,390,86
2025-01-03,TN-MDU-PHC-005,METFORMIN_500,Metformin 500mg Tablets,18,372,92
2025-01-04,TN-MDU-PHC-005,METFORMIN_500,Metformin 500mg Tablets,20,352,93
2025-01-05,TN-MDU-PHC-005,METFORMIN_500,Metformin 500mg Tablets,18,334,83
2025-01-06,TN-MDU-PHC-005,METFORMIN_500,Metformin 500mg Tablets,18,316,104
2025-01-07,TN-MDU-PHC-005,METFORMIN_500,Metformin 500mg Tablets,25,291,86
2025-01-08,TN-MDU-PHC-005,METFORMIN_500,Metformin 500mg Tablets,23,268,84
2025-01-09,TN-MDU-PHC-005,METFORMIN_500,Metformin 500mg Tablets,22,246,107
2025-01-10,TN-MDU-PHC-005,METFORMIN_500,Metformin 500mg Tablets,23,223,104
2025-01-11,TN-MDU-PHC-005,METFORMIN_500,Metformin 500mg Tablets,24,199,93
2025-01-12,TN-MDU-PHC-005,METFORMIN_500,Metformin 500mg Tablets,21,178,88
2025-01-13,TN-MDU-PHC-005,METFORMIN_500,Metformin 500mg Tablets,21,157,84
2025-01-14,TN-MDU-PHC-005,METFORMIN_500,Metformin 500mg Tablets,18,139,92
2025-01-15,TN-MDU-PHC-005,METFORMIN_500,Metformin 500mg Tablets,18,435,105
2025-01-16,TN-MDU-PHC-005,METFORMIN_500,Metformin 500mg Tablets,18,417,87
2025-01-17,TN-MDU-PHC-005,METFORMIN_500,Metformin 500mg Tablets,19,398,92
2025-01-18,TN-MDU-PHC-005,METFORMIN_500,Metformin 500mg Tablets,18,380,95
2025-01-19,TN-MDU-PHC-005,METFORMIN_500,Metformin 500mg Tablets,23,357,84
2025-01-20,TN-MDU-PHC-005,METFORMIN_500,Metformin 500mg Tablets,22,335,106
2025-01-21,TN-MDU-PHC-005,METFORMIN_500,Metformin 500mg Tablets,21,314,94
2025-01-22,TN-MDU-PHC-005,METFORMIN_500,Metformin 500mg Tablets,21,293,86
2025-01-23,TN-MDU-PHC-005,METFORMIN_500,Metformin 500mg Tablets,25,268,105
2025-01-24,TN-MDU-PHC-005,METFORMIN_500,Metformin 500mg Tablets,18,250,85
2025-01-25,TN-MDU-PHC-005,METFORMIN_500,Metformin 500mg Tablets,24,226,86
2025-01-26,TN-MDU-PHC-005,METFORMIN_500,Metformin 500mg Tablets,25,201,83
2025-01-27,TN-MDU-PHC-005,METFORMIN_500,Metformin 500mg Tablets,21,180,84
2025-01-28,TN-MDU-PHC-005,METFORMIN_500,Metformin 500mg Tablets,19,161,93
2025-01-29,TN-MDU-PHC-005,METFORMIN_500,Metformin 500mg Tablets,23,138,106
2025-01-30,TN-MDU-PHC-005,METFORMIN_500,Metformin 500mg Tablets,20,360,96
2025-01-31,TN-MDU-PHC-005,METFORMIN_500,Metformin 500mg Tablets,25,335,83
2025-02-01,TN-MDU-PHC-005,METFORMIN_500,Metformin 500mg Tablets,24,311,88
2025-02-02,TN-MDU-PHC-005,METFORMIN_500,Metformin 500mg Tablets,23,288,89
2025-02-03,TN-MDU-PHC-005,METFORMIN_500,Metformin 500mg Tablets,24,264,99
2025-02-04,TN-MDU-PHC-005,METFORMIN_500,Metformin 500mg Tablets,19,245,93
2025-02-05,TN-MDU-PHC-005,METFORMIN_500,Metformin 500mg Tablets,19,226,96
2025-02-06,TN-MDU-PHC-005,METFORMIN_500,Metformin 500mg Tablets,23,203,85
2025-02-07,TN-MDU-PHC-005,METFORMIN_500,Metformin 500mg Tablets,23,180,99
2025-02-08,TN-MDU-PHC-005,METFORMIN_500,Metformin 500mg Tablets,18,162,90
2025-02-09,TN-MDU-PHC-005,METFORMIN_500,Metformin 500mg Tablets,25,137,105
2025-02-10,TN-MDU-PHC-005,METFORMIN_500,Metformin 500mg Tablets,20,117,88
2025-02-11,TN-MDU-PHC-005,METFORMIN_500,Metformin 500mg Tablets,20,97,107
2025-02-12,TN-MDU-PHC-005,METFORMIN_500,Metformin 500mg Tablets,18,79,106
2025-02-13,TN-MDU-PHC-005,METFORMIN_500,Metformin 500mg Tablets,22,57,99
2025-02-14,TN-MDU-PHC-005,METFORMIN_500,Metformin 500mg Tablets,23,34,96
2025-02-15,TN-MDU-PHC-005,METFORMIN_500,Metformin 500mg Tablets,22,12,84
2024-11-18,TN-MDU-PHC-005,INSULIN_REGULAR,Insulin Regular (100IU/ml),2,197,102
2024-11-19,TN-MDU-PHC-005,INSULIN_REGULAR,Insulin Regular (100IU/ml),8,189,90
2024-11-20,TN-MDU-PHC-005,INSULIN_REGULAR,Insulin Regular (100IU/ml),5,184,84
2024-11-21,TN-MDU-PHC-005,INSULIN_REGULAR,Insulin Regular (100IU/ml),3,181,101
2024-11-22,TN-MDU-PHC-005,INSULIN_REGULAR,Insulin Regular (100IU/ml),6,175,100
2024-11-23,TN-MDU-PHC-005,INSULIN_REGULAR,Insulin Regular (100IU/ml),2,173,100
2024-11-24,TN-MDU-PHC-005,INSULIN_REGULAR,Insulin Regular (100IU/ml),3,170,94
2024-11-25,TN-MDU-PHC-005,INSULIN_REGULAR,Insulin Regular (100IU/ml),3,167,90
2024-11-26,TN-MDU-PHC-005,INSULIN_REGULAR,Insulin Regular (100IU/ml),7,160,91
2024-11-27,TN-MDU-PHC-005,INSULIN_REGULAR,Insulin Regular (100IU/ml),2,158,100
2024-11-28,TN-MDU-PHC-005,INSULIN_REGULAR,Insulin Regular (100IU/ml),7,151,90
2024-11-29,TN-MDU-PHC-005,INSULIN_REGULAR,Insulin Regular (100IU/ml),7,144,86
2024-11-30,TN-MDU-PHC-005,INSULIN_REGULAR,Insulin Regular (100IU/ml),6,138,105
2024-12-01,TN-MDU-PHC-005,INSULIN_REGULAR,Insulin Regular (100IU/ml),8,130,99
2024-12-02,TN-MDU-PHC-005,INSULIN_REGULAR,Insulin Regular (100IU/ml),6,124,101
2024-12-03,TN-MDU-PHC-005,INSULIN_REGULAR,Insulin Regular (100IU/ml),8,116,99
2024-12-04,TN-MDU-PHC-005,INSULIN_REGULAR,Insulin Regular (100IU/ml),6,110,92
2024-12-05,TN-MDU-PHC-005,INSULIN_REGULAR,Insulin Regular (100IU/ml),3,107,103
2024-12-06,TN-MDU-PHC-005,INSULIN_REGULAR,Insulin Regular (100IU/ml),8,99,99
2024-12-07,TN-MDU-PHC-005,INSULIN_REGULAR,Insulin Regular (100IU/ml),6,93,105
2024-12-08,TN-MDU-PHC-005,INSULIN_REGULAR,Insulin Regular (100IU/ml),6,87,93
2024-12-09,TN-MDU-PHC-005,INSULIN_REGULAR,Insulin Regular (100IU/ml),8,79,106
2024-12-10,TN-MDU-PHC-005,INSULIN_REGULAR,Insulin Regular (100IU/ml),8,71,96
2024-12-11,TN-MDU-PHC-005,INSULIN_REGULAR,Insulin Regular (100IU/ml),3,68,103
2024-12-12,TN-MDU-PHC-005,INSULIN_REGULAR,Insulin Regular (100IU/ml),1,67,83
2024-12-13,TN-MDU-PHC-005,INSULIN_REGULAR,Insulin Regular (100IU/ml),2,65,86
2024-12-14,TN-MDU-PHC-005,INSULIN_REGULAR,Insulin Regular (100IU/ml),1,64,100
2024-12-15,TN-MDU-PHC-005,INSULIN_REGULAR,Insulin Regular (100IU/ml),2,62,106
2024-12-16,TN-MDU-PHC-005,INSULIN_REGULAR,Insulin Regular (100IU/ml),2,60,102
2024-12-17,TN-MDU-PHC-005,INSULIN_REGULAR,Insulin Regular (100IU/ml),2,58,97
2024-12-18,TN-MDU-PHC-005,INSULIN_REGULAR,Insulin Regular (100IU/ml),1,57,100
2024-12-19,TN-MDU-PHC-005,INSULIN_REGULAR,Insulin Regular (100IU/ml),1,56,104
2024-12-20,TN-MDU-PHC-005,INSULIN_REGULAR,Insulin Regular (100IU/ml),3,53,90
2024-12-21,TN-MDU-PHC-005,INSULIN_REGULAR,Insulin Regular (100IU/ml),4,49,87
2024-12-22,TN-MDU-PHC-005,INSULIN_REGULAR,Insulin Regular (100IU/ml),1,48,106
2024-12-23,TN-MDU-PHC-005,INSULIN_REGULAR,Insulin Regular (100IU/ml),4,44,86
2024-12-24,TN-MDU-PHC-005,INSULIN_REGULAR,Insulin Regular (100IU/ml),6,38,105
2024-12-25,TN-MDU-PHC-005,INSULIN_REGULAR,Insulin Regular (100IU/ml),3,35,85
2024-12-26,TN-MDU-PHC-005,INSULIN_REGULAR,Insulin Regular (100IU/ml),2,116,99
2024-12-27,TN-MDU-PHC-005,INSULIN_REGULAR,Insulin Regular (100IU/ml),4,112,97
2024-12-28,TN-MDU-PHC-005,INSULIN_REGULAR,Insulin Regular (100IU/ml),8,104,91
2024-12-29,TN-MDU-PHC-005,INSULIN_REGULAR,Insulin Regular (100IU/ml),6,98,85
2024-12-30,TN-MDU-PHC-005,INSULIN_REGULAR,Insulin Regular (100IU/ml),8,90,83
2024-12-31,TN-MDU-PHC-005,INSULIN_REGULAR,Insulin Regular (100IU/ml),4,86,84
2025-01-01,TN-MDU-PHC-005,INSULIN_REGULAR,Insulin Regular (100IU/ml),8,78,100
2025-01-02,TN-MDU-PHC-005,INSULIN_REGULAR,Insulin Regular (100IU/ml),7,71,84
2025-01-03,TN-MDU-PHC-005,INSULIN_REGULAR,Insulin Regular (100IU/ml),3,68,93
2025-01-04,TN-MDU-PHC-005,INSULIN_REGULAR,Insulin Regular (100IU/ml),6,62,93
2025-01-05,TN-MDU-PHC-005,INSULIN_REGULAR,Insulin Regular (100IU/ml),8,54,99
2025-01-06,TN-MDU-PHC-005,INSULIN_REGULAR,Insulin Regular (100IU/ml),2,52,101
2025-01-07,TN-MDU-PHC-005,INSULIN_REGULAR,Insulin Regular (100IU/ml),6,46,95
2025-01-08,TN-MDU-PHC-005,INSULIN_REGULAR,Insulin Regular (100IU/ml),4,42,105
2025-01-09,TN-MDU-PHC-005,INSULIN_REGULAR,Insulin Regular (100IU/ml),3,39,107
2025-01-10,TN-MDU-PHC-005,INSULIN_REGULAR,Insulin Regular (100IU/ml),4,35,95
2025-01-11,TN-MDU-PHC-005,INSULIN_REGULAR,Insulin Regular (100IU/ml),1,187,101
2025-01-12,TN-MDU-PHC-005,INSULIN_REGULAR,Insulin Regular (100IU/ml),7,180,94
2025-01-13,TN-MDU-PHC-005,INSULIN_REGULAR,Insulin Regular (100IU/ml),1,179,85
2025-01-14,TN-MDU-PHC-005,INSULIN_REGULAR,Insulin Regular (100IU/ml),4,175,85
2025-01-15,TN-MDU-PHC-005,INSULIN_REGULAR,Insulin Regular (100IU/ml),2,173,91
2025-01-16,TN-MDU-PHC-005,INSULIN_REGULAR,Insulin Regular (100IU/ml),3,170,91
2025-01-17,TN-MDU-PHC-005,INSULIN_REGULAR,Insulin Regular (100IU/ml),1,169,89
2025-01-18,TN-MDU-PHC-005,INSULIN_REGULAR,Insulin Regular (100IU/ml),7,162,90
2025-01-19,TN-MDU-PHC-005,INSULIN_REGULAR,Insulin Regular (100IU/ml),1,161,100
2025-01-20,TN-MDU-PHC-005,INSULIN_REGULAR,Insulin Regular (100IU/ml),6,155,104
2025-01-21,TN-MDU-PHC-005,INSULIN_REGULAR,Insulin Regular (100IU/ml),2,153,88
2025-01-22,TN-MDU-PHC-005,INSULIN_REGULAR,Insulin Regular (100IU/ml),1,152,100
2025-01-23,TN-MDU-PHC-005,INSULIN_REGULAR,Insulin Regular (100IU/ml),7,145,89
2025-01-24,TN-MDU-PHC-005,INSULIN_REGULAR,Insulin Regular (100IU/ml),8,137,84
2025-01-25,TN-MDU-PHC-005,INSULIN_REGULAR,Insulin Regular (100IU/ml),5,132,91
2025-01-26,TN-MDU-PHC-005,INSULIN_REGULAR,Insulin Regular (100IU/ml),2,130,85
2025-01-27,TN-MDU-PHC-005,INSULIN_REGULAR,Insulin Regular (100IU/ml),6,124,88
2025-01-28,TN-MDU-PHC-005,INSULIN_REGULAR,Insulin Regular (100IU/ml),4,120,104
2025-01-29,TN-MDU-PHC-005,INSULIN_REGULAR,Insulin Regular (100IU/ml),1,119,105
2025-01-30,TN-MDU-PHC-005,INSULIN_REGULAR,Insulin Regular (100IU/ml),2,117,97
2025-01-31,TN-MDU-PHC-005,INSULIN_REGULAR,Insulin Regular (100IU/ml),3,114,95
2025-02-01,TN-MDU-PHC-005,INSULIN_REGULAR,Insulin Regular (100IU/ml),1,113,90
2025-02-02,TN-MDU-PHC-005,INSULIN_REGULAR,Insulin Regular (100IU/ml),6,107,94
2025-02-03,TN-MDU-PHC-005,INSULIN_REGULAR,Insulin Regular (100IU/ml),5,102,93
2025-02-04,TN-MDU-PHC-005,INSULIN_REGULAR,Insulin Regular (100IU/ml),5,97,87
2025-02-05,TN-MDU-PHC-005,INSULIN_REGULAR,Insulin Regular (100IU/ml),8,89,95
2025-02-06,TN-MDU-PHC-005,INSULIN_REGULAR,Insulin Regular (100IU/ml),7,82,99
2025-02-07,TN-MDU-PHC-005,INSULIN_REGULAR,Insulin Regular (100IU/ml),8,74,102
2025-02-08,TN-MDU-PHC-005,INSULIN_REGULAR,Insulin Regular (100IU/ml),6,68,102
2025-02-09,TN-MDU-PHC-005,INSULIN_REGULAR,Insulin Regular (100IU/ml),3,65,86
2025-02-10,TN-MDU-PHC-005,INSULIN_REGULAR,Insulin Regular (100IU/ml),8,57,93
2025-02-11,TN-MDU-PHC-005,INSULIN_REGULAR,Insulin Regular (100IU/ml),2,55,97
2025-02-12,TN-MDU-PHC-005,INSULIN_REGULAR,Insulin Regular (100IU/ml),6,49,87
2025-02-13,TN-MDU-PHC-005,INSULIN_REGULAR,Insulin Regular (100IU/ml),6,43,100
2025-02-14,TN-MDU-PHC-005,INSULIN_REGULAR,Insulin Regular (100IU/ml),5,38,99
2025-02-15,TN-MDU-PHC-005,INSULIN_REGULAR,Insulin Regular (100IU/ml),5,33,87
2024-11-18,TN-MDU-PHC-005,RABIES_VACCINE,Anti-Rabies Vaccine (ARV),2,82,95
2024-11-19,TN-MDU-PHC-005,RABIES_VACCINE,Anti-Rabies Vaccine (ARV),1,81,92
2024-11-20,TN-MDU-PHC-005,RABIES_VACCINE,Anti-Rabies Vaccine (ARV),3,78,83
2024-11-21,TN-MDU-PHC-005,RABIES_VACCINE,Anti-Rabies Vaccine (ARV),1,77,102
2024-11-22,TN-MDU-PHC-005,RABIES_VACCINE,Anti-Rabies Vaccine (ARV),3,74,97
2024-11-23,TN-MDU-PHC-005,RABIES_VACCINE,Anti-Rabies Vaccine (ARV),1,73,87
2024-11-24,TN-MDU-PHC-005,RABIES_VACCINE,Anti-Rabies Vaccine (ARV),2,71,88
2024-11-25,TN-MDU-PHC-005,RABIES_VACCINE,Anti-Rabies Vaccine (ARV),5,66,103
2024-11-26,TN-MDU-PHC-005,RABIES_VACCINE,Anti-Rabies Vaccine (ARV),1,65,97
2024-11-27,TN-MDU-PHC-005,RABIES_VACCINE,Anti-Rabies Vaccine (ARV),1,64,100
2024-11-28,TN-MDU-PHC-005,RABIES_VACCINE,Anti-Rabies Vaccine (ARV),4,60,92
2024-11-29,TN-MDU-PHC-005,RABIES_VACCINE,Anti-Rabies Vaccine (ARV),1,59,99
2024-11-30,TN-MDU-PHC-005,RABIES_VACCINE,Anti-Rabies Vaccine (ARV),1,58,105
2024-12-01,TN-MDU-PHC-005,RABIES_VACCINE,Anti-Rabies Vaccine (ARV),1,57,83
2024-12-02,TN-MDU-PHC-005,RABIES_VACCINE,Anti-Rabies Vaccine (ARV),1,56,91
2024-12-03,TN-MDU-PHC-005,RABIES_VACCINE,Anti-Rabies Vaccine (ARV),1,55,105
2024-12-04,TN-MDU-PHC-005,RABIES_VACCINE,Anti-Rabies Vaccine (ARV),6,49,84
2024-12-05,TN-MDU-PHC-005,RABIES_VACCINE,Anti-Rabies Vaccine (ARV),4,45,86
2024-12-06,TN-MDU-PHC-005,RABIES_VACCINE,Anti-Rabies Vaccine (ARV),6,39,106
2024-12-07,TN-MDU-PHC-005,RABIES_VACCINE,Anti-Rabies Vaccine (ARV),2,37,93
2024-12-08,TN-MDU-PHC-005,RABIES_VACCINE,Anti-Rabies Vaccine (ARV),1,36,96
2024-12-09,TN-MDU-PHC-005,RABIES_VACCINE,Anti-Rabies Vaccine (ARV),3,33,94
2024-12-10,TN-MDU-PHC-005,RABIES_VACCINE,Anti-Rabies Vaccine (ARV),7,26,94
2024-12-11,TN-MDU-PHC-005,RABIES_VACCINE,Anti-Rabies Vaccine (ARV),3,116,99
2024-12-12,TN-MDU-PHC-005,RABIES_VACCINE,Anti-Rabies Vaccine (ARV),1,115,92
2024-12-13,TN-MDU-PHC-005,RABIES_VACCINE,Anti-Rabies Vaccine (ARV),2,113,97
2024-12-14,TN-MDU-PHC-005,RABIES_VACCINE,Anti-Rabies Vaccine (ARV),7,106,84
2024-12-15,TN-MDU-PHC-005,RABIES_VACCINE,Anti-Rabies Vaccine (ARV),5,101,90
2024-12-16,TN-MDU-PHC-005,RABIES_VACCINE,Anti-Rabies Vaccine (ARV),6,95,92
2024-12-17,TN-MDU-PHC-005,RABIES_VACCINE,Anti-Rabies Vaccine (ARV),7,88,99
2024-12-18,TN-MDU-PHC-005,RABIES_VACCINE,Anti-Rabies Vaccine (ARV),2,86,106
2024-12-19,TN-MDU-PHC-005,RABIES_VACCINE,Anti-Rabies Vaccine (ARV),4,82,97
2024-12-20,TN-MDU-PHC-005,RABIES_VACCINE,Anti-Rabies Vaccine (ARV),1,81,103
2024-12-21,TN-MDU-PHC-005,RABIES_VACCINE,Anti-Rabies Vaccine (ARV),1,80,89
2024-12-22,TN-MDU-PHC-005,RABIES_VACCINE,Anti-Rabies Vaccine (ARV),3,77,103
2024-12-23,TN-MDU-PHC-005,RABIES_VACCINE,Anti-Rabies Vaccine (ARV),3,74,106
2024-12-24,TN-MDU-PHC-005,RABIES_VACCINE,Anti-Rabies Vaccine (ARV),1,73,104
2024-12-25,TN-MDU-PHC-005,RABIES_VACCINE,Anti-Rabies Vaccine (ARV),6,67,84
2024-12-26,TN-MDU-PHC-005,RABIES_VACCINE,Anti-Rabies Vaccine (ARV),6,61,100
2024-12-27,TN-MDU-PHC-005,RABIES_VACCINE,Anti-Rabies Vaccine (ARV),1,60,97
2024-12-28,TN-MDU-PHC-005,RABIES_VACCINE,Anti-Rabies Vaccine (ARV),1,59,83
2024-12-29,TN-MDU-PHC-005,RABIES_VACCINE,Anti-Rabies Vaccine (ARV),1,58,87
2024-12-30,TN-MDU-PHC-005,RABIES_VACCINE,Anti-Rabies Vaccine (ARV),2,56,88
2024-12-31,TN-MDU-PHC-005,RABIES_VACCINE,Anti-Rabies Vaccine (ARV),1,55,94
2025-01-01,TN-MDU-PHC-005,RABIES_VACCINE,Anti-Rabies Vaccine (ARV),7,48,87
2025-01-02,TN-MDU-PHC-005,RABIES_VACCINE,Anti-Rabies Vaccine (ARV),2,46,83
2025-01-03,TN-MDU-PHC-005,RABIES_VACCINE,Anti-Rabies Vaccine (ARV),3,43,106
2025-01-04,TN-MDU-PHC-005,RABIES_VACCINE,Anti-Rabies Vaccine (ARV),6,37,88
2025-01-05,TN-MDU-PHC-005,RABIES_VACCINE,Anti-Rabies Vaccine (ARV),3,34,84
2025-01-06,TN-MDU-PHC-005,RABIES_VACCINE,Anti-Rabies Vaccine (ARV),2,32,84
2025-01-07,TN-MDU-PHC-005,RABIES_VACCINE,Anti-Rabies Vaccine (ARV),4,28,97
2025-01-08,TN-MDU-PHC-005,RABIES_VACCINE,Anti-Rabies Vaccine (ARV),4,143,90
2025-01-09,TN-MDU-PHC-005,RABIES_VACCINE,Anti-Rabies Vaccine (ARV),3,140,86
2025-01-10,TN-MDU-PHC-005,RABIES_VACCINE,Anti-Rabies Vaccine (ARV),1,139,104
2025-01-11,TN-MDU-PHC-005,RABIES_VACCINE,Anti-Rabies Vaccine (ARV),6,133,83
2025-01-12,TN-MDU-PHC-005,RABIES_VACCINE,Anti-Rabies Vaccine (ARV),3,130,85
2025-01-13,TN-MDU-PHC-005,RABIES_VACCINE,Anti-Rabies Vaccine (ARV),1,129,91
2025-01-14,TN-MDU-PHC-005,RABIES_VACCINE,Anti-Rabies Vaccine (ARV),3,126,100
2025-01-15,TN-MDU-PHC-005,RABIES_VACCINE,Anti-Rabies Vaccine (ARV),1,125,103
2025-01-16,TN-MDU-PHC-005,RABIES_VACCINE,Anti-Rabies Vaccine (ARV),1,124,91
2025-01-17,TN-MDU-PHC-005,RABIES_VACCINE,Anti-Rabies Vaccine (ARV),1,123,93
2025-01-18,TN-MDU-PHC-005,RABIES_VACCINE,Anti-Rabies Vaccine (ARV),6,117,83
2025-01-19,TN-MDU-PHC-005,RABIES_VACCINE,Anti-Rabies Vaccine (ARV),5,112,90
2025-01-20,TN-MDU-PHC-005,RABIES_VACCINE,Anti-Rabies Vaccine (ARV),7,105,106
2025-01-21,TN-MDU-PHC-005,RABIES_VACCINE,Anti-Rabies Vaccine (ARV),1,104,100
2025-01-22,TN-MDU-PHC-005,RABIES_VACCINE,Anti-Rabies Vaccine (ARV),4,100,91
2025-01-23,TN-MDU-PHC-005,RABIES_VACCINE,Anti-Rabies Vaccine (ARV),5,95,106
2025-01-24,TN-MDU-PHC-005,RABIES_VACCINE,Anti-Rabies Vaccine (ARV),5,90,88
2025-01-25,TN-MDU-PHC-005,RABIES_VACCINE,Anti-Rabies Vaccine (ARV),1,89,97
2025-01-26,TN-MDU-PHC-005,RABIES_VACCINE,Anti-Rabies Vaccine (ARV),7,82,96
2025-01-27,TN-MDU-PHC-005,RABIES_VACCINE,Anti-Rabies Vaccine (ARV),1,81,99
2025-01-28,TN-MDU-PHC-005,RABIES_VACCINE,Anti-Rabies Vaccine (ARV),1,80,83
2025-01-29,TN-MDU-PHC-005,RABIES_VACCINE,Anti-Rabies Vaccine (ARV),2,78,90
2025-01-30,TN-MDU-PHC-005,RABIES_VACCINE,Anti-Rabies Vaccine (ARV),3,75,104
2025-01-31,TN-MDU-PHC-005,RABIES_VACCINE,Anti-Rabies Vaccine (ARV),1,74,103
2025-02-01,TN-MDU-PHC-005,RABIES_VACCINE,Anti-Rabies Vaccine (ARV),7,67,104
2025-02-02,TN-MDU-PHC-005,RABIES_VACCINE,Anti-Rabies Vaccine (ARV),6,61,83
2025-02-03,TN-MDU-PHC-005,RABIES_VACCINE,Anti-Rabies Vaccine (ARV),4,57,106
2025-02-04,TN-MDU-PHC-005,RABIES_VACCINE,Anti-Rabies Vaccine (ARV),7,50,89
2025-02-05,TN-MDU-PHC-005,RABIES_VACCINE,Anti-Rabies Vaccine (ARV),2,48,98
2025-02-06,TN-MDU-PHC-005,RABIES_VACCINE,Anti-Rabies Vaccine (ARV),2,46,94
2025-02-07,TN-MDU-PHC-005,RABIES_VACCINE,Anti-Rabies Vaccine (ARV),7,39,94
2025-02-08,TN-MDU-PHC-005,RABIES_VACCINE,Anti-Rabies Vaccine (ARV),1,38,99
2025-02-09,TN-MDU-PHC-005,RABIES_VACCINE,Anti-Rabies Vaccine (ARV),1,37,85
2025-02-10,TN-MDU-PHC-005,RABIES_VACCINE,Anti-Rabies Vaccine (ARV),2,35,88
2025-02-11,TN-MDU-PHC-005,RABIES_VACCINE,Anti-Rabies Vaccine (ARV),4,31,95
2025-02-12,TN-MDU-PHC-005,RABIES_VACCINE,Anti-Rabies Vaccine (ARV),1,30,94
2025-02-13,TN-MDU-PHC-005,RABIES_VACCINE,Anti-Rabies Vaccine (ARV),1,29,103
2025-02-14,TN-MDU-PHC-005,RABIES_VACCINE,Anti-Rabies Vaccine (ARV),6,23,106
2025-02-15,TN-MDU-PHC-005,RABIES_VACCINE,Anti-Rabies Vaccine (ARV),3,20,86
2024-11-18,TN-MDU-PHC-005,OXYGEN_CYLINDER,Medical Oxygen D-Type,1,61,90
2024-11-19,TN-MDU-PHC-005,OXYGEN_CYLINDER,Medical Oxygen D-Type,5,56,91
2024-11-20,TN-MDU-PHC-005,OXYGEN_CYLINDER,Medical Oxygen D-Type,1,55,86
2024-11-21,TN-MDU-PHC-005,OXYGEN_CYLINDER,Medical Oxygen D-Type,1,54,92
2024-11-22,TN-MDU-PHC-005,OXYGEN_CYLINDER,Medical Oxygen D-Type,1,53,87
2024-11-23,TN-MDU-PHC-005,OXYGEN_CYLINDER,Medical Oxygen D-Type,2,51,107
2024-11-24,TN-MDU-PHC-005,OXYGEN_CYLINDER,Medical Oxygen D-Type,1,50,102
2024-11-25,TN-MDU-PHC-005,OXYGEN_CYLINDER,Medical Oxygen D-Type,3,47,87
2024-11-26,TN-MDU-PHC-005,OXYGEN_CYLINDER,Medical Oxygen D-Type,3,44,84
2024-11-27,TN-MDU-PHC-005,OXYGEN_CYLINDER,Medical Oxygen D-Type,2,42,88
2024-11-28,TN-MDU-PHC-005,OXYGEN_CYLINDER,Medical Oxygen D-Type,5,37,96
2024-11-29,TN-MDU-PHC-005,OXYGEN_CYLINDER,Medical Oxygen D-Type,4,33,107
2024-11-30,TN-MDU-PHC-005,OXYGEN_CYLINDER,Medical Oxygen D-Type,1,32,91
2024-12-01,TN-MDU-PHC-005,OXYGEN_CYLINDER,Medical Oxygen D-Type,1,31,89
2024-12-02,TN-MDU-PHC-005,OXYGEN_CYLINDER,Medical Oxygen D-Type,5,26,86
2024-12-03,TN-MDU-PHC-005,OXYGEN_CYLINDER,Medical Oxygen D-Type,1,25,99
2024-12-04,TN-MDU-PHC-005,OXYGEN_CYLINDER,Medical Oxygen D-Type,5,20,101
2024-12-05,TN-MDU-PHC-005,OXYGEN_CYLINDER,Medical Oxygen D-Type,1,19,89
2024-12-06,TN-MDU-PHC-005,OXYGEN_CYLINDER,Medical Oxygen D-Type,3,16,97
2024-12-07,TN-MDU-PHC-005,OXYGEN_CYLINDER,Medical Oxygen D-Type,4,12,92
2024-12-08,TN-MDU-PHC-005,OXYGEN_CYLINDER,Medical Oxygen D-Type,2,10,105
2024-12-09,TN-MDU-PHC-005,OXYGEN_CYLINDER,Medical Oxygen D-Type,1,10,93
2024-12-10,TN-MDU-PHC-005,OXYGEN_CYLINDER,Medical Oxygen D-Type,3,10,97
2024-12-11,TN-MDU-PHC-005,OXYGEN_CYLINDER,Medical Oxygen D-Type,3,10,92
2024-12-12,TN-MDU-PHC-005,OXYGEN_CYLINDER,Medical Oxygen D-Type,1,10,97
2024-12-13,TN-MDU-PHC-005,OXYGEN_CYLINDER,Medical Oxygen D-Type,5,10,95
2024-12-14,TN-MDU-PHC-005,OXYGEN_CYLINDER,Medical Oxygen D-Type,2,10,103
2024-12-15,TN-MDU-PHC-005,OXYGEN_CYLINDER,Medical Oxygen D-Type,4,10,100
2024-12-16,TN-MDU-PHC-005,OXYGEN_CYLINDER,Medical Oxygen D-Type,5,10,89
2024-12-17,TN-MDU-PHC-005,OXYGEN_CYLINDER,Medical Oxygen D-Type,3,10,107
2024-12-18,TN-MDU-PHC-005,OXYGEN_CYLINDER,Medical Oxygen D-Type,1,10,103
2024-12-19,TN-MDU-PHC-005,OXYGEN_CYLINDER,Medical Oxygen D-Type,1,10,98
2024-12-20,TN-MDU-PHC-005,OXYGEN_CYLINDER,Medical Oxygen D-Type,3,10,93
2024-12-21,TN-MDU-PHC-005,OXYGEN_CYLINDER,Medical Oxygen D-Type,5,10,107
2024-12-22,TN-MDU-PHC-005,OXYGEN_CYLINDER,Medical Oxygen D-Type,1,10,103
2024-12-23,TN-MDU-PHC-005,OXYGEN_CYLINDER,Medical Oxygen D-Type,1,10,91
2024-12-24,TN-MDU-PHC-005,OXYGEN_CYLINDER,Medical Oxygen D-Type,1,10,101
2024-12-25,TN-MDU-PHC-005,OXYGEN_CYLINDER,Medical Oxygen D-Type,1,10,92
2024-12-26,TN-MDU-PHC-005,OXYGEN_CYLINDER,Medical Oxygen D-Type,4,10,107
2024-12-27,TN-MDU-PHC-005,OXYGEN_CYLINDER,Medical Oxygen D-Type,3,10,95
2024-12-28,TN-MDU-PHC-005,OXYGEN_CYLINDER,Medical Oxygen D-Type,1,10,92
2024-12-29,TN-MDU-PHC-005,OXYGEN_CYLINDER,Medical Oxygen D-Type,4,10,105
2024-12-30,TN-MDU-PHC-005,OXYGEN_CYLINDER,Medical Oxygen D-Type,1,10,87
2024-12-31,TN-MDU-PHC-005,OXYGEN_CYLINDER,Medical Oxygen D-Type,3,10,85
2025-01-01,TN-MDU-PHC-005,OXYGEN_CYLINDER,Medical Oxygen D-Type,4,10,95
2025-01-02,TN-MDU-PHC-005,OXYGEN_CYLINDER,Medical Oxygen D-Type,2,10,93
2025-01-03,TN-MDU-PHC-005,OXYGEN_CYLINDER,Medical Oxygen D-Type,1,10,105
2025-01-04,TN-MDU-PHC-005,OXYGEN_CYLINDER,Medical Oxygen D-Type,5,10,93
2025-01-05,TN-MDU-PHC-005,OXYGEN_CYLINDER,Medical Oxygen D-Type,5,10,96
2025-01-06,TN-MDU-PHC-005,OXYGEN_CYLINDER,Medical Oxygen D-Type,5,10,106
2025-01-07,TN-MDU-PHC-005,OXYGEN_CYLINDER,Medical Oxygen D-Type,3,10,106
2025-01-08,TN-MDU-PHC-005,OXYGEN_CYLINDER,Medical Oxygen D-Type,1,10,89
2025-01-09,TN-MDU-PHC-005,OXYGEN_CYLINDER,Medical Oxygen D-Type,1,10,102
2025-01-10,TN-MDU-PHC-005,OXYGEN_CYLINDER,Medical Oxygen D-Type,2,10,101
2025-01-11,TN-MDU-PHC-005,OXYGEN_CYLINDER,Medical Oxygen D-Type,1,10,84
2025-01-12,TN-MDU-PHC-005,OXYGEN_CYLINDER,Medical Oxygen D-Type,1,10,92
2025-01-13,TN-MDU-PHC-005,OXYGEN_CYLINDER,Medical Oxygen D-Type,1,10,106
2025-01-14,TN-MDU-PHC-005,OXYGEN_CYLINDER,Medical Oxygen D-Type,1,10,90
2025-01-15,TN-MDU-PHC-005,OXYGEN_CYLINDER,Medical Oxygen D-Type,1,10,87
2025-01-16,TN-MDU-PHC-005,OXYGEN_CYLINDER,Medical Oxygen D-Type,1,10,98
2025-01-17,TN-MDU-PHC-005,OXYGEN_CYLINDER,Medical Oxygen D-Type,1,10,92
2025-01-18,TN-MDU-PHC-005,OXYGEN_CYLINDER,Medical Oxygen D-Type,1,10,95
2025-01-19,TN-MDU-PHC-005,OXYGEN_CYLINDER,Medical Oxygen D-Type,1,10,87
2025-01-20,TN-MDU-PHC-005,OXYGEN_CYLINDER,Medical Oxygen D-Type,2,10,97
2025-01-21,TN-MDU-PHC-005,OXYGEN_CYLINDER,Medical Oxygen D-Type,1,10,87
2025-01-22,TN-MDU-PHC-005,OXYGEN_CYLINDER,Medical Oxygen D-Type,3,10,97
2025-01-23,TN-MDU-PHC-005,OXYGEN_CYLINDER,Medical Oxygen D-Type,4,10,97
2025-01-24,TN-MDU-PHC-005,OXYGEN_CYLINDER,Medical Oxygen D-Type,1,10,84
2025-01-25,TN-MDU-PHC-005,OXYGEN_CYLINDER,Medical Oxygen D-Type,3,10,90
2025-01-26,TN-MDU-PHC-005,OXYGEN_CYLINDER,Medical Oxygen D-Type,1,10,89
2025-01-27,TN-MDU-PHC-005,OXYGEN_CYLINDER,Medical Oxygen D-Type,1,10,85
2025-01-28,TN-MDU-PHC-005,OXYGEN_CYLINDER,Medical Oxygen D-Type,2,10,103
2025-01-29,TN-MDU-PHC-005,OXYGEN_CYLINDER,Medical Oxygen D-Type,1,10,85
2025-01-30,TN-MDU-PHC-005,OXYGEN_CYLINDER,Medical Oxygen D-Type,1,10,97
2025-01-31,TN-MDU-PHC-005,OXYGEN_CYLINDER,Medical Oxygen D-Type,3,10,100
2025-02-01,TN-MDU-PHC-005,OXYGEN_CYLINDER,Medical Oxygen D-Type,4,10,103
2025-02-02,TN-MDU-PHC-005,OXYGEN_CYLINDER,Medical Oxygen D-Type,1,10,107
2025-02-03,TN-MDU-PHC-005,OXYGEN_CYLINDER,Medical Oxygen D-Type,4,10,100
2025-02-04,TN-MDU-PHC-005,OXYGEN_CYLINDER,Medical Oxygen D-Type,5,10,101
2025-02-05,TN-MDU-PHC-005,OXYGEN_CYLINDER,Medical Oxygen D-Type,5,10,105
2025-02-06,TN-MDU-PHC-005,OXYGEN_CYLINDER,Medical Oxygen D-Type,1,10,92
2025-02-07,TN-MDU-PHC-005,OXYGEN_CYLINDER,Medical Oxygen D-Type,4,10,84
2025-02-08,TN-MDU-PHC-005,OXYGEN_CYLINDER,Medical Oxygen D-Type,5,10,96
2025-02-09,TN-MDU-PHC-005,OXYGEN_CYLINDER,Medical Oxygen D-Type,3,10,93
2025-02-10,TN-MDU-PHC-005,OXYGEN_CYLINDER,Medical Oxygen D-Type,4,10,83
2025-02-11,TN-MDU-PHC-005,OXYGEN_CYLINDER,Medical Oxygen D-Type,2,10,105
2025-02-12,TN-MDU-PHC-005,OXYGEN_CYLINDER,Medical Oxygen D-Type,2,10,99
2025-02-13,TN-MDU-PHC-005,OXYGEN_CYLINDER,Medical Oxygen D-Type,3,10,98
2025-02-14,TN-MDU-PHC-005,OXYGEN_CYLINDER,Medical Oxygen D-Type,1,10,88
2025-02-15,TN-MDU-PHC-005,OXYGEN_CYLINDER,Medical Oxygen D-Type,2,10,95
2024-11-18,TN-TNV-PHC-001,ORS,ORS Packets (Oral Rehydration),19,428,82
2024-11-19,TN-TNV-PHC-001,ORS,ORS Packets (Oral Rehydration),17,411,87
2024-11-20,TN-TNV-PHC-001,ORS,ORS Packets (Oral Rehydration),19,392,91
2024-11-21,TN-TNV-PHC-001,ORS,ORS Packets (Oral Rehydration),21,371,93
2024-11-22,TN-TNV-PHC-001,ORS,ORS Packets (Oral Rehydration),15,356,75
2024-11-23,TN-TNV-PHC-001,ORS,ORS Packets (Oral Rehydration),20,336,86
2024-11-24,TN-TNV-PHC-001,ORS,ORS Packets (Oral Rehydration),14,322,89
2024-11-25,TN-TNV-PHC-001,ORS,ORS Packets (Oral Rehydration),15,307,85
2024-11-26,TN-TNV-PHC-001,ORS,ORS Packets (Oral Rehydration),18,289,92
2024-11-27,TN-TNV-PHC-001,ORS,ORS Packets (Oral Rehydration),14,275,89
2024-11-28,TN-TNV-PHC-001,ORS,ORS Packets (Oral Rehydration),18,257,91
2024-11-29,TN-TNV-PHC-001,ORS,ORS Packets (Oral Rehydration),14,243,89
2024-11-30,TN-TNV-PHC-001,ORS,ORS Packets (Oral Rehydration),17,226,80
2024-12-01,TN-TNV-PHC-001,ORS,ORS Packets (Oral Rehydration),17,209,71
2024-12-02,TN-TNV-PHC-001,ORS,ORS Packets (Oral Rehydration),17,192,83
2024-12-03,TN-TNV-PHC-001,ORS,ORS Packets (Oral Rehydration),21,171,90
2024-12-04,TN-TNV-PHC-001,ORS,ORS Packets (Oral Rehydration),18,153,82
2024-12-05,TN-TNV-PHC-001,ORS,ORS Packets (Oral Rehydration),19,134,76
2024-12-06,TN-TNV-PHC-001,ORS,ORS Packets (Oral Rehydration),16,118,81
2024-12-07,TN-TNV-PHC-001,ORS,ORS Packets (Oral Rehydration),20,309,72
2024-12-08,TN-TNV-PHC-001,ORS,ORS Packets (Oral Rehydration),17,292,88
2024-12-09,TN-TNV-PHC-001,ORS,ORS Packets (Oral Rehydration),21,271,74
2024-12-10,TN-TNV-PHC-001,ORS,ORS Packets (Oral Rehydration),18,253,75
2024-12-11,TN-TNV-PHC-001,ORS,ORS Packets (Oral Rehydration),21,232,72
2024-12-12,TN-TNV-PHC-001,ORS,ORS Packets (Oral Rehydration),14,218,91
2024-12-13,TN-TNV-PHC-001,ORS,ORS Packets (Oral Rehydration),16,202,89
2024-12-14,TN-TNV-PHC-001,ORS,ORS Packets (Oral Rehydration),17,185,78
2024-12-15,TN-TNV-PHC-001,ORS,ORS Packets (Oral Rehydration),19,166,87
2024-12-16,TN-TNV-PHC-001,ORS,ORS Packets (Oral Rehydration),19,147,72
2024-12-17,TN-TNV-PHC-001,ORS,ORS Packets (Oral Rehydration),14,133,73
2024-12-18,TN-TNV-PHC-001,ORS,ORS Packets (Oral Rehydration),19,114,91
2024-12-19,TN-TNV-PHC-001,ORS,ORS Packets (Oral Rehydration),20,361,79
2024-12-20,TN-TNV-PHC-001,ORS,ORS Packets (Oral Rehydration),21,340,72
2024-12-21,TN-TNV-PHC-001,ORS,ORS Packets (Oral Rehydration),18,322,81
2024-12-22,TN-TNV-PHC-001,ORS,ORS Packets (Oral Rehydration),16,306,85
2024-12-23,TN-TNV-PHC-001,ORS,ORS Packets (Oral Rehydration),19,287,84
2024-12-24,TN-TNV-PHC-001,ORS,ORS Packets (Oral Rehydration),14,273,87
2024-12-25,TN-TNV-PHC-001,ORS,ORS Packets (Oral Rehydration),21,252,81
2024-12-26,TN-TNV-PHC-001,ORS,ORS Packets (Oral Rehydration),15,237,79
2024-12-27,TN-TNV-PHC-001,ORS,ORS Packets (Oral Rehydration),19,218,71
2024-12-28,TN-TNV-PHC-001,ORS,ORS Packets (Oral Rehydration),18,200,77
2024-12-29,TN-TNV-PHC-001,ORS,ORS Packets (Oral Rehydration),14,186,76
2024-12-30,TN-TNV-PHC-001,ORS,ORS Packets (Oral Rehydration),19,167,83
2024-12-31,TN-TNV-PHC-001,ORS,ORS Packets (Oral Rehydration),20,147,78
2025-01-01,TN-TNV-PHC-001,ORS,ORS Packets (Oral Rehydration),21,126,87
2025-01-02,TN-TNV-PHC-001,ORS,ORS Packets (Oral Rehydration),14,112,94
2025-01-03,TN-TNV-PHC-001,ORS,ORS Packets (Oral Rehydration),16,381,94
2025-01-04,TN-TNV-PHC-001,ORS,ORS Packets (Oral Rehydration),16,365,80
2025-01-05,TN-TNV-PHC-001,ORS,ORS Packets (Oral Rehydration),20,345,79
2025-01-06,TN-TNV-PHC-001,ORS,ORS Packets (Oral Rehydration),18,327,95
2025-01-07,TN-TNV-PHC-001,ORS,ORS Packets (Oral Rehydration),19,308,86
2025-01-08,TN-TNV-PHC-001,ORS,ORS Packets (Oral Rehydration),21,287,84
2025-01-09,TN-TNV-PHC-001,ORS,ORS Packets (Oral Rehydration),16,271,72
2025-01-10,TN-TNV-PHC-001,ORS,ORS Packets (Oral Rehydration),19,252,79
2025-01-11,TN-TNV-PHC-001,ORS,ORS Packets (Oral Rehydration),19,233,84
2025-01-12,TN-TNV-PHC-001,ORS,ORS Packets (Oral Rehydration),18,215,81
2025-01-13,TN-TNV-PHC-001,ORS,ORS Packets (Oral Rehydration),17,198,72
2025-01-14,TN-TNV-PHC-001,ORS,ORS Packets (Oral Rehydration),20,178,94
2025-01-15,TN-TNV-PHC-001,ORS,ORS Packets (Oral Rehydration),18,160,94
2025-01-16,TN-TNV-PHC-001,ORS,ORS Packets (Oral Rehydration),21,139,80
2025-01-17,TN-TNV-PHC-001,ORS,ORS Packets (Oral Rehydration),30,109,116
2025-01-18,TN-TNV-PHC-001,ORS,ORS Packets (Oral Rehydration),35,279,114
2025-01-19,TN-TNV-PHC-001,ORS,ORS Packets (Oral Rehydration),42,237,117
2025-01-20,TN-TNV-PHC-001,ORS,ORS Packets (Oral Rehydration),45,192,120
2025-01-21,TN-TNV-PHC-001,ORS,ORS Packets (Oral Rehydration),46,146,111
2025-01-22,TN-TNV-PHC-001,ORS,ORS Packets (Oral Rehydration),39,107,115
2025-01-23,TN-TNV-PHC-001,ORS,ORS Packets (Oral Rehydration),37,354,97
2025-01-24,TN-TNV-PHC-001,ORS,ORS Packets (Oral Rehydration),37,317,140
2025-01-25,TN-TNV-PHC-001,ORS,ORS Packets (Oral Rehydration),31,286,130
2025-01-26,TN-TNV-PHC-001,ORS,ORS Packets (Oral Rehydration),40,246,103
2025-01-27,TN-TNV-PHC-001,ORS,ORS Packets (Oral Rehydration),38,208,117
2025-01-28,TN-TNV-PHC-001,ORS,ORS Packets (Oral Rehydration),37,171,133
2025-01-29,TN-TNV-PHC-001,ORS,ORS Packets (Oral Rehydration),33,138,132
2025-01-30,TN-TNV-PHC-001,ORS,ORS Packets (Oral Rehydration),42,96,123
2025-01-31,TN-TNV-PHC-001,ORS,ORS Packets (Oral Rehydration),28,341,102
2025-02-01,TN-TNV-PHC-001,ORS,ORS Packets (Oral Rehydration),40,301,121
2025-02-02,TN-TNV-PHC-001,ORS,ORS Packets (Oral Rehydration),42,259,114
2025-02-03,TN-TNV-PHC-001,ORS,ORS Packets (Oral Rehydration),33,226,115
2025-02-04,TN-TNV-PHC-001,ORS,ORS Packets (Oral Rehydration),40,186,127
2025-02-05,TN-TNV-PHC-001,ORS,ORS Packets (Oral Rehydration),33,153,114
2025-02-06,TN-TNV-PHC-001,ORS,ORS Packets (Oral Rehydration),38,115,122
2025-02-07,TN-TNV-PHC-001,ORS,ORS Packets (Oral Rehydration),35,298,104
2025-02-08,TN-TNV-PHC-001,ORS,ORS Packets (Oral Rehydration),34,264,96
2025-02-09,TN-TNV-PHC-001,ORS,ORS Packets (Oral Rehydration),42,222,109
2025-02-10,TN-TNV-PHC-001,ORS,ORS Packets (Oral Rehydration),36,186,124
2025-02-11,TN-TNV-PHC-001,ORS,ORS Packets (Oral Rehydration),39,147,135
2025-02-12,TN-TNV-PHC-001,ORS,ORS Packets (Oral Rehydration),34,113,120
2025-02-13,TN-TNV-PHC-001,ORS,ORS Packets (Oral Rehydration),32,81,106
2025-02-14,TN-TNV-PHC-001,ORS,ORS Packets (Oral Rehydration),41,40,136
2025-02-15,TN-TNV-PHC-001,ORS,ORS Packets (Oral Rehydration),44,10,97
2024-11-18,TN-TNV-PHC-001,PARACETAMOL_500,Paracetamol 500mg Tablets,42,618,80
2024-11-19,TN-TNV-PHC-001,PARACETAMOL_500,Paracetamol 500mg Tablets,40,578,77
2024-11-20,TN-TNV-PHC-001,PARACETAMOL_500,Paracetamol 500mg Tablets,42,536,83
2024-11-21,TN-TNV-PHC-001,PARACETAMOL_500,Paracetamol 500mg Tablets,36,500,94
2024-11-22,TN-TNV-PHC-001,PARACETAMOL_500,Paracetamol 500mg Tablets,39,461,86
2024-11-23,TN-TNV-PHC-001,PARACETAMOL_500,Paracetamol 500mg Tablets,43,418,95
2024-11-24,TN-TNV-PHC-001,PARACETAMOL_500,Paracetamol 500mg Tablets,38,380,84
2024-11-25,TN-TNV-PHC-001,PARACETAMOL_500,Paracetamol 500mg Tablets,39,341,76
2024-11-26,TN-TNV-PHC-001,PARACETAMOL_500,Paracetamol 500mg Tablets,36,305,84
2024-11-27,TN-TNV-PHC-001,PARACETAMOL_500,Paracetamol 500mg Tablets,40,265,77
2024-11-28,TN-TNV-PHC-001,PARACETAMOL_500,Paracetamol 500mg Tablets,42,223,94
2024-11-29,TN-TNV-PHC-001,PARACETAMOL_500,Paracetamol 500mg Tablets,43,601,91
2024-11-30,TN-TNV-PHC-001,PARACETAMOL_500,Paracetamol 500mg Tablets,38,563,77
2024-12-01,TN-TNV-PHC-001,PARACETAMOL_500,Paracetamol 500mg Tablets,36,527,86
2024-12-02,TN-TNV-PHC-001,PARACETAMOL_500,Paracetamol 500mg Tablets,36,491,80
2024-12-03,TN-TNV-PHC-001,PARACETAMOL_500,Paracetamol 500mg Tablets,38,453,86
2024-12-04,TN-TNV-PHC-001,PARACETAMOL_500,Paracetamol 500mg Tablets,42,411,83
2024-12-05,TN-TNV-PHC-001,PARACETAMOL_500,Paracetamol 500mg Tablets,43,368,74
2024-12-06,TN-TNV-PHC-001,PARACETAMOL_500,Paracetamol 500mg Tablets,42,326,91
2024-12-07,TN-TNV-PHC-001,PARACETAMOL_500,Paracetamol 500mg Tablets,43,283,78
2024-12-08,TN-TNV-PHC-001,PARACETAMOL_500,Paracetamol 500mg Tablets,41,242,82
2024-12-09,TN-TNV-PHC-001,PARACETAMOL_500,Paracetamol 500mg Tablets,41,201,71
2024-12-10,TN-TNV-PHC-001,PARACETAMOL_500,Paracetamol 500mg Tablets,36,659,93
2024-12-11,TN-TNV-PHC-001,PARACETAMOL_500,Paracetamol 500mg Tablets,42,617,94
2024-12-12,TN-TNV-PHC-001,PARACETAMOL_500,Paracetamol 500mg Tablets,39,578,78
2024-12-13,TN-TNV-PHC-001,PARACETAMOL_500,Paracetamol 500mg Tablets,36,542,89
2024-12-14,TN-TNV-PHC-001,PARACETAMOL_500,Paracetamol 500mg Tablets,40,502,86
2024-12-15,TN-TNV-PHC-001,PARACETAMOL_500,Paracetamol 500mg Tablets,37,465,93
2024-12-16,TN-TNV-PHC-001,PARACETAMOL_500,Paracetamol 500mg Tablets,42,423,82
2024-12-17,TN-TNV-PHC-001,PARACETAMOL_500,Paracetamol 500mg Tablets,44,379,96
2024-12-18,TN-TNV-PHC-001,PARACETAMOL_500,Paracetamol 500mg Tablets,54,325,109
2024-12-19,TN-TNV-PHC-001,PARACETAMOL_500,Paracetamol 500mg Tablets,55,270,104
2024-12-20,TN-TNV-PHC-001,PARACETAMOL_500,Paracetamol 500mg Tablets,56,214,109
2024-12-21,TN-TNV-PHC-001,PARACETAMOL_500,Paracetamol 500mg Tablets,58,570,97
2024-12-22,TN-TNV-PHC-001,PARACETAMOL_500,Paracetamol 500mg Tablets,53,517,97
2024-12-23,TN-TNV-PHC-001,PARACETAMOL_500,Paracetamol 500mg Tablets,62,455,107
2024-12-24,TN-TNV-PHC-001,PARACETAMOL_500,Paracetamol 500mg Tablets,55,400,87
2024-12-25,TN-TNV-PHC-001,PARACETAMOL_500,Paracetamol 500mg Tablets,52,348,105
2024-12-26,TN-TNV-PHC-001,PARACETAMOL_500,Paracetamol 500mg Tablets,48,300,104
2024-12-27,TN-TNV-PHC-001,PARACETAMOL_500,Paracetamol 500mg Tablets,65,235,92
2024-12-28,TN-TNV-PHC-001,PARACETAMOL_500,Paracetamol 500mg Tablets,54,662,89
2024-12-29,TN-TNV-PHC-001,PARACETAMOL_500,Paracetamol 500mg Tablets,60,602,110
2024-12-30,TN-TNV-PHC-001,PARACETAMOL_500,Paracetamol 500mg Tablets,60,542,105
2024-12-31,TN-TNV-PHC-001,PARACETAMOL_500,Paracetamol 500mg Tablets,53,489,92
2025-01-01,TN-TNV-PHC-001,PARACETAMOL_500,Paracetamol 500mg Tablets,60,429,93
2025-01-02,TN-TNV-PHC-001,PARACETAMOL_500,Paracetamol 500mg Tablets,54,375,106
2025-01-03,TN-TNV-PHC-001,PARACETAMOL_500,Paracetamol 500mg Tablets,52,323,94
2025-01-04,TN-TNV-PHC-001,PARACETAMOL_500,Paracetamol 500mg Tablets,61,262,99
2025-01-05,TN-TNV-PHC-001,PARACETAMOL_500,Paracetamol 500mg Tablets,47,215,96
2025-01-06,TN-TNV-PHC-001,PARACETAMOL_500,Paracetamol 500mg Tablets,52,656,106
2025-01-07,TN-TNV-PHC-001,PARACETAMOL_500,Paracetamol 500mg Tablets,59,597,102
2025-01-08,TN-TNV-PHC-001,PARACETAMOL_500,Paracetamol 500mg Tablets,58,539,102
2025-01-09,TN-TNV-PHC-001,PARACETAMOL_500,Paracetamol 500mg Tablets,50,489,103
2025-01-10,TN-TNV-PHC-001,PARACETAMOL_500,Paracetamol 500mg Tablets,63,426,96
2025-01-11,TN-TNV-PHC-001,PARACETAMOL_500,Paracetamol 500mg Tablets,50,376,110
2025-01-12,TN-TNV-PHC-001,PARACETAMOL_500,Paracetamol 500mg Tablets,37,339,94
2025-01-13,TN-TNV-PHC-001,PARACETAMOL_500,Paracetamol 500mg Tablets,41,298,78
2025-01-14,TN-TNV-PHC-001,PARACETAMOL_500,Paracetamol 500mg Tablets,43,255,87
2025-01-15,TN-TNV-PHC-001,PARACETAMOL_500,Paracetamol 500mg Tablets,40,215,95
2025-01-16,TN-TNV-PHC-001,PARACETAMOL_500,Paracetamol 500mg Tablets,39,603,92
2025-01-17,TN-TNV-PHC-001,PARACETAMOL_500,Paracetamol 500mg Tablets,38,565,94
2025-01-18,TN-TNV-PHC-001,PARACETAMOL_500,Paracetamol 500mg Tablets,37,528,78
2025-01-19,TN-TNV-PHC-001,PARACETAMOL_500,Paracetamol 500mg Tablets,40,488,78
2025-01-20,TN-TNV-PHC-001,PARACETAMOL_500,Paracetamol 500mg Tablets,43,445,72
2025-01-21,TN-TNV-PHC-001,PARACETAMOL_500,Paracetamol 500mg Tablets,37,408,89
2025-01-22,TN-TNV-PHC-001,PARACETAMOL_500,Paracetamol 500mg Tablets,37,371,77
2025-01-23,TN-TNV-PHC-001,PARACETAMOL_500,Paracetamol 500mg Tablets,39,332,85
2025-01-24,TN-TNV-PHC-001,PARACETAMOL_500,Paracetamol 500mg Tablets,39,293,94
2025-01-25,TN-TNV-PHC-001,PARACETAMOL_500,Paracetamol 500mg Tablets,40,253,89
2025-01-26,TN-TNV-PHC-001,PARACETAMOL_500,Paracetamol 500mg Tablets,37,216,83
2025-01-27,TN-TNV-PHC-001,PARACETAMOL_500,Paracetamol 500mg Tablets,42,621,72
2025-01-28,TN-TNV-PHC-001,PARACETAMOL_500,Paracetamol 500mg Tablets,43,578,71
2025-01-29,TN-TNV-PHC-001,PARACETAMOL_500,Paracetamol 500mg Tablets,43,535,81
2025-01-30,TN-TNV-PHC-001,PARACETAMOL_500,Paracetamol 500mg Tablets,43,492,77
2025-01-31,TN-TNV-PHC-001,PARACETAMOL_500,Paracetamol 500mg Tablets,42,450,92
2025-02-01,TN-TNV-PHC-001,PARACETAMOL_500,Paracetamol 500mg Tablets,42,408,78
2025-02-02,TN-TNV-PHC-001,PARACETAMOL_500,Paracetamol 500mg Tablets,41,367,95
2025-02-03,TN-TNV-PHC-001,PARACETAMOL_500,Paracetamol 500mg Tablets,40,327,81
2025-02-04,TN-TNV-PHC-001,PARACETAMOL_500,Paracetamol 500mg Tablets,41,286,74
2025-02-05,TN-TNV-PHC-001,PARACETAMOL_500,Paracetamol 500mg Tablets,37,249,72
2025-02-06,TN-TNV-PHC-001,PARACETAMOL_500,Paracetamol 500mg Tablets,39,210,74
2025-02-07,TN-TNV-PHC-001,PARACETAMOL_500,Paracetamol 500mg Tablets,41,589,83
2025-02-08,TN-TNV-PHC-001,PARACETAMOL_500,Paracetamol 500mg Tablets,38,551,83
2025-02-09,TN-TNV-PHC-001,PARACETAMOL_500,Paracetamol 500mg Tablets,37,514,88
2025-02-10,TN-TNV-PHC-001,PARACETAMOL_500,Paracetamol 500mg Tablets,36,478,77
2025-02-11,TN-TNV-PHC-001,PARACETAMOL_500,Paracetamol 500mg Tablets,36,442,91
2025-02-12,TN-TNV-PHC-001,PARACETAMOL_500,Paracetamol 500mg Tablets,42,400,83
2025-02-13,TN-TNV-PHC-001,PARACETAMOL_500,Paracetamol 500mg Tablets,38,362,94
2025-02-14,TN-TNV-PHC-001,PARACETAMOL_500,Paracetamol 500mg Tablets,39,323,90
2025-02-15,TN-TNV-PHC-001,PARACETAMOL_500,Paracetamol 500mg Tablets,39,284,85
2024-11-18,TN-TNV-PHC-001,AMOXICILLIN_500,Amoxicillin 500mg Capsules,27,593,85
2024-11-19,TN-TNV-PHC-001,AMOXICILLIN_500,Amoxicillin 500mg Capsules,27,566,93
2024-11-20,TN-TNV-PHC-001,AMOXICILLIN_500,Amoxicillin 500mg Capsules,21,545,93
2024-11-21,TN-TNV-PHC-001,AMOXICILLIN_500,Amoxicillin 500mg Capsules,28,517,87
2024-11-22,TN-TNV-PHC-001,AMOXICILLIN_500,Amoxicillin 500mg Capsules,25,492,74
2024-11-23,TN-TNV-PHC-001,AMOXICILLIN_500,Amoxicillin 500mg Capsules,22,470,89
2024-11-24,TN-TNV-PHC-001,AMOXICILLIN_500,Amoxicillin 500mg Capsules,24,446,93
2024-11-25,TN-TNV-PHC-001,AMOXICILLIN_500,Amoxicillin 500mg Capsules,28,418,71
2024-11-26,TN-TNV-PHC-001,AMOXICILLIN_500,Amoxicillin 500mg Capsules,28,390,83
2024-11-27,TN-TNV-PHC-001,AMOXICILLIN_500,Amoxicillin 500mg Capsules,23,367,81
2024-11-28,TN-TNV-PHC-001,AMOXICILLIN_500,Amoxicillin 500mg Capsules,27,340,71
2024-11-29,TN-TNV-PHC-001,AMOXICILLIN_500,Amoxicillin 500mg Capsules,26,314,73
2024-11-30,TN-TNV-PHC-001,AMOXICILLIN_500,Amoxicillin 500mg Capsules,23,291,91
2024-12-01,TN-TNV-PHC-001,AMOXICILLIN_500,Amoxicillin 500mg Capsules,27,264,84
2024-12-02,TN-TNV-PHC-001,AMOXICILLIN_500,Amoxicillin 500mg Capsules,26,238,72
2024-12-03,TN-TNV-PHC-001,AMOXICILLIN_500,Amoxicillin 500mg Capsules,23,215,81
2024-12-04,TN-TNV-PHC-001,AMOXICILLIN_500,Amoxicillin 500mg Capsules,26,189,75
2024-12-05,TN-TNV-PHC-001,AMOXICILLIN_500,Amoxicillin 500mg Capsules,27,162,80
2024-12-06,TN-TNV-PHC-001,AMOXICILLIN_500,Amoxicillin 500mg Capsules,25,509,73
2024-12-07,TN-TNV-PHC-001,AMOXICILLIN_500,Amoxicillin 500mg Capsules,25,484,77
2024-12-08,TN-TNV-PHC-001,AMOXICILLIN_500,Amoxicillin 500mg Capsules,26,458,80
2024-12-09,TN-TNV-PHC-001,AMOXICILLIN_500,Amoxicillin 500mg Capsules,24,434,94
2024-12-10,TN-TNV-PHC-001,AMOXICILLIN_500,Amoxicillin 500mg Capsules,27,407,87
2024-12-11,TN-TNV-PHC-001,AMOXICILLIN_500,Amoxicillin 500mg Capsules,27,380,75
2024-12-12,TN-TNV-PHC-001,AMOXICILLIN_500,Amoxicillin 500mg Capsules,27,353,84
2024-12-13,TN-TNV-PHC-001,AMOXICILLIN_500,Amoxicillin 500mg Capsules,22,331,87
2024-12-14,TN-TNV-PHC-001,AMOXICILLIN_500,Amoxicillin 500mg Capsules,22,309,93
2024-12-15,TN-TNV-PHC-001,AMOXICILLIN_500,Amoxicillin 500mg Capsules,25,284,91
2024-12-16,TN-TNV-PHC-001,AMOXICILLIN_500,Amoxicillin 500mg Capsules,27,257,74
2024-12-17,TN-TNV-PHC-001,AMOXICILLIN_500,Amoxicillin 500mg Capsules,28,229,93
2024-12-18,TN-TNV-PHC-001,AMOXICILLIN_500,Amoxicillin 500mg Capsules,21,208,76
2024-12-19,TN-TNV-PHC-001,AMOXICILLIN_500,Amoxicillin 500mg Capsules,24,184,74
2024-12-20,TN-TNV-PHC-001,AMOXICILLIN_500,Amoxicillin 500mg Capsules,27,157,95
2024-12-21,TN-TNV-PHC-001,AMOXICILLIN_500,Amoxicillin 500mg Capsules,25,497,74
2024-12-22,TN-TNV-PHC-001,AMOXICILLIN_500,Amoxicillin 500mg Capsules,26,471,81
2024-12-23,TN-TNV-PHC-001,AMOXICILLIN_500,Amoxicillin 500mg Capsules,26,445,76
2024-12-24,TN-TNV-PHC-001,AMOXICILLIN_500,Amoxicillin 500mg Capsules,28,417,94
2024-12-25,TN-TNV-PHC-001,AMOXICILLIN_500,Amoxicillin 500mg Capsules,26,391,89
2024-12-26,TN-TNV-PHC-001,AMOXICILLIN_500,Amoxicillin 500mg Capsules,24,367,89
2024-12-27,TN-TNV-PHC-001,AMOXICILLIN_500,Amoxicillin 500mg Capsules,25,342,78
2024-12-28,TN-TNV-PHC-001,AMOXICILLIN_500,Amoxicillin 500mg Capsules,27,315,81
2024-12-29,TN-TNV-PHC-001,AMOXICILLIN_500,Amoxicillin 500mg Capsules,28,287,94
2024-12-30,TN-TNV-PHC-001,AMOXICILLIN_500,Amoxicillin 500mg Capsules,22,265,80
2024-12-31,TN-TNV-PHC-001,AMOXICILLIN_500,Amoxicillin 500mg Capsules,28,237,75
2025-01-01,TN-TNV-PHC-001,AMOXICILLIN_500,Amoxicillin 500mg Capsules,27,210,72
2025-01-02,TN-TNV-PHC-001,AMOXICILLIN_500,Amoxicillin 500mg Capsules,27,183,94
2025-01-03,TN-TNV-PHC-001,AMOXICILLIN_500,Amoxicillin 500mg Capsules,23,160,81
2025-01-04,TN-TNV-PHC-001,AMOXICILLIN_500,Amoxicillin 500mg Capsules,21,509,86
2025-01-05,TN-TNV-PHC-001,AMOXICILLIN_500,Amoxicillin 500mg Capsules,27,482,86
2025-01-06,TN-TNV-PHC-001,AMOXICILLIN_500,Amoxicillin 500mg Capsules,25,457,81
2025-01-07,TN-TNV-PHC-001,AMOXICILLIN_500,Amoxicillin 500mg Capsules,22,435,84
2025-01-08,TN-TNV-PHC-001,AMOXICILLIN_500,Amoxicillin 500mg Capsules,27,408,71
2025-01-09,TN-TNV-PHC-001,AMOXICILLIN_500,Amoxicillin 500mg Capsules,26,382,95
2025-01-10,TN-TNV-PHC-001,AMOXICILLIN_500,Amoxicillin 500mg Capsules,24,358,84
2025-01-11,TN-TNV-PHC-001,AMOXICILLIN_500,Amoxicillin 500mg Capsules,24,334,83
2025-01-12,TN-TNV-PHC-001,AMOXICILLIN_500,Amoxicillin 500mg Capsules,22,312,74
2025-01-13,TN-TNV-PHC-001,AMOXICILLIN_500,Amoxicillin 500mg Capsules,28,284,95
2025-01-14,TN-TNV-PHC-001,AMOXICILLIN_500,Amoxicillin 500mg Capsules,22,262,79
2025-01-15,TN-TNV-PHC-001,AMOXICILLIN_500,Amoxicillin 500mg Capsules,28,234,91
2025-01-16,TN-TNV-PHC-001,AMOXICILLIN_500,Amoxicillin 500mg Capsules,26,208,76
2025-01-17,TN-TNV-PHC-001,AMOXICILLIN_500,Amoxicillin 500mg Capsules,22,186,77
2025-01-18,TN-TNV-PHC-001,AMOXICILLIN_500,Amoxicillin 500mg Capsules,27,159,71
2025-01-19,TN-TNV-PHC-001,AMOXICILLIN_500,Amoxicillin 500mg Capsules,21,510,85
2025-01-20,TN-TNV-PHC-001,AMOXICILLIN_500,Amoxicillin 500mg Capsules,22,488,82
2025-01-21,TN-TNV-PHC-001,AMOXICILLIN_500,Amoxicillin 500mg Capsules,27,461,93
2025-01-22,TN-TNV-PHC-001,AMOXICILLIN_500,Amoxicillin 500mg Capsules,23,438,90
2025-01-23,TN-TNV-PHC-001,AMOXICILLIN_500,Amoxicillin 500mg Capsules,21,417,80
2025-01-24,TN-TNV-PHC-001,AMOXICILLIN_500,Amoxicillin 500mg Capsules,25,392,71
2025-01-25,TN-TNV-PHC-001,AMOXICILLIN_500,Amoxicillin 500mg Capsules,21,371,78
2025-01-26,TN-TNV-PHC-001,AMOXICILLIN_500,Amoxicillin 500mg Capsules,24,347,76
2025-01-27,TN-TNV-PHC-001,AMOXICILLIN_500,Amoxicillin 500mg Capsules,27,320,72
2025-01-28,TN-TNV-PHC-001,AMOXICILLIN_500,Amoxicillin 500mg Capsules,27,293,89
2025-01-29,TN-TNV-PHC-001,AMOXICILLIN_500,Amoxicillin 500mg Capsules,21,272,83
2025-01-30,TN-TNV-PHC-001,AMOXICILLIN_500,Amoxicillin 500mg Capsules,27,245,81
2025-01-31,TN-TNV-PHC-001,AMOXICILLIN_500,Amoxicillin 500mg Capsules,27,218,91
2025-02-01,TN-TNV-PHC-001,AMOXICILLIN_500,Amoxicillin 500mg Capsules,28,190,76
2025-02-02,TN-TNV-PHC-001,AMOXICILLIN_500,Amoxicillin 500mg Capsules,23,167,81
2025-02-03,TN-TNV-PHC-001,AMOXICILLIN_500,Amoxicillin 500mg Capsules,26,488,79
2025-02-04,TN-TNV-PHC-001,AMOXICILLIN_500,Amoxicillin 500mg Capsules,28,460,92
2025-02-05,TN-TNV-PHC-001,AMOXICILLIN_500,Amoxicillin 500mg Capsules,24,436,91
2025-02-06,TN-TNV-PHC-001,AMOXICILLIN_500,Amoxicillin 500mg Capsules,22,414,90
2025-02-07,TN-TNV-PHC-001,AMOXICILLIN_500,Amoxicillin 500mg Capsules,27,387,76
2025-02-08,TN-TNV-PHC-001,AMOXICILLIN_500,Amoxicillin 500mg Capsules,25,362,81
2025-02-09,TN-TNV-PHC-001,AMOXICILLIN_500,Amoxicillin 500mg Capsules,24,338,75
2025-02-10,TN-TNV-PHC-001,AMOXICILLIN_500,Amoxicillin 500mg Capsules,24,314,79
2025-02-11,TN-TNV-PHC-001,AMOXICILLIN_500,Amoxicillin 500mg Capsules,26,288,91
2025-02-12,TN-TNV-PHC-001,AMOXICILLIN_500,Amoxicillin 500mg Capsules,27,261,94
2025-02-13,TN-TNV-PHC-001,AMOXICILLIN_500,Amoxicillin 500mg Capsules,26,235,81
2025-02-14,TN-TNV-PHC-001,AMOXICILLIN_500,Amoxicillin 500mg Capsules,25,210,86
2025-02-15,TN-TNV-PHC-001,AMOXICILLIN_500,Amoxicillin 500mg Capsules,23,187,71
2024-11-18,TN-TNV-PHC-001,AZITHROMYCIN_500,Azithromycin 500mg Tablets,15,379,86
2024-11-19,TN-TNV-PHC-001,AZITHROMYCIN_500,Azithromycin 500mg Tablets,11,368,78
2024-11-20,TN-TNV-PHC-001,AZITHROMYCIN_500,Azithromycin 500mg Tablets,18,350,82
2024-11-21,TN-TNV-PHC-001,AZITHROMYCIN_500,Azithromycin 500mg Tablets,18,332,86
2024-11-22,TN-TNV-PHC-001,AZITHROMYCIN_500,Azithromycin 500mg Tablets,16,316,93
2024-11-23,TN-TNV-PHC-001,AZITHROMYCIN_500,Azithromycin 500mg Tablets,16,300,87
2024-11-24,TN-TNV-PHC-001,AZITHROMYCIN_500,Azithromycin 500mg Tablets,17,283,94
2024-11-25,TN-TNV-PHC-001,AZITHROMYCIN_500,Azithromycin 500mg Tablets,15,268,85
2024-11-26,TN-TNV-PHC-001,AZITHROMYCIN_500,Azithromycin 500mg Tablets,17,251,95
2024-11-27,TN-TNV-PHC-001,AZITHROMYCIN_500,Azithromycin 500mg Tablets,17,234,88
2024-11-28,TN-TNV-PHC-001,AZITHROMYCIN_500,Azithromycin 500mg Tablets,15,219,93
2024-11-29,TN-TNV-PHC-001,AZITHROMYCIN_500,Azithromycin 500mg Tablets,12,207,92
2024-11-30,TN-TNV-PHC-001,AZITHROMYCIN_500,Azithromycin 500mg Tablets,13,194,87
2024-12-01,TN-TNV-PHC-001,AZITHROMYCIN_500,Azithromycin 500mg Tablets,18,176,80
2024-12-02,TN-TNV-PHC-001,AZITHROMYCIN_500,Azithromycin 500mg Tablets,11,165,90
2024-12-03,TN-TNV-PHC-001,AZITHROMYCIN_500,Azithromycin 500mg Tablets,18,147,72
2024-12-04,TN-TNV-PHC-001,AZITHROMYCIN_500,Azithromycin 500mg Tablets,17,130,85
2024-12-05,TN-TNV-PHC-001,AZITHROMYCIN_500,Azithromycin 500mg Tablets,13,117,73
2024-12-06,TN-TNV-PHC-001,AZITHROMYCIN_500,Azithromycin 500mg Tablets,16,101,88
2024-12-07,TN-TNV-PHC-001,AZITHROMYCIN_500,Azithromycin 500mg Tablets,18,83,94
2024-12-08,TN-TNV-PHC-001,AZITHROMYCIN_500,Azithromycin 500mg Tablets,15,287,94
2024-12-09,TN-TNV-PHC-001,AZITHROMYCIN_500,Azithromycin 500mg Tablets,18,269,90
2024-12-10,TN-TNV-PHC-001,AZITHROMYCIN_500,Azithromycin 500mg Tablets,14,255,85
2024-12-11,TN-TNV-PHC-001,AZITHROMYCIN_500,Azithromycin 500mg Tablets,18,237,89
2024-12-12,TN-TNV-PHC-001,AZITHROMYCIN_500,Azithromycin 500mg Tablets,11,226,94
2024-12-13,TN-TNV-PHC-001,AZITHROMYCIN_500,Azithromycin 500mg Tablets,16,210,86
2024-12-14,TN-TNV-PHC-001,AZITHROMYCIN_500,Azithromycin 500mg Tablets,15,195,90
2024-12-15,TN-TNV-PHC-001,AZITHROMYCIN_500,Azithromycin 500mg Tablets,13,182,92
2024-12-16,TN-TNV-PHC-001,AZITHROMYCIN_500,Azithromycin 500mg Tablets,13,169,71
2024-12-17,TN-TNV-PHC-001,AZITHROMYCIN_500,Azithromycin 500mg Tablets,29,140,95
2024-12-18,TN-TNV-PHC-001,AZITHROMYCIN_500,Azithromycin 500mg Tablets,23,117,102
2024-12-19,TN-TNV-PHC-001,AZITHROMYCIN_500,Azithromycin 500mg Tablets,36,81,109
2024-12-20,TN-TNV-PHC-001,AZITHROMYCIN_500,Azithromycin 500mg Tablets,23,255,99
2024-12-21,TN-TNV-PHC-001,AZITHROMYCIN_500,Azithromycin 500mg Tablets,29,226,95
2024-12-22,TN-TNV-PHC-001,AZITHROMYCIN_500,Azithromycin 500mg Tablets,31,195,87
2024-12-23,TN-TNV-PHC-001,AZITHROMYCIN_500,Azithromycin 500mg Tablets,33,162,110
2024-12-24,TN-TNV-PHC-001,AZITHROMYCIN_500,Azithromycin 500mg Tablets,23,139,103
2024-12-25,TN-TNV-PHC-001,AZITHROMYCIN_500,Azithromycin 500mg Tablets,35,104,97
2024-12-26,TN-TNV-PHC-001,AZITHROMYCIN_500,Azithromycin 500mg Tablets,30,74,89
2024-12-27,TN-TNV-PHC-001,AZITHROMYCIN_500,Azithromycin 500mg Tablets,29,219,107
2024-12-28,TN-TNV-PHC-001,AZITHROMYCIN_500,Azithromycin 500mg Tablets,23,196,108
2024-12-29,TN-TNV-PHC-001,AZITHROMYCIN_500,Azithromycin 500mg Tablets,31,165,104
2024-12-30,TN-TNV-PHC-001,AZITHROMYCIN_500,Azithromycin 500mg Tablets,22,143,97
2024-12-31,TN-TNV-PHC-001,AZITHROMYCIN_500,Azithromycin 500mg Tablets,29,114,106
2025-01-01,TN-TNV-PHC-001,AZITHROMYCIN_500,Azithromycin 500mg Tablets,27,87,99
2025-01-02,TN-TNV-PHC-001,AZITHROMYCIN_500,Azithromycin 500mg Tablets,30,218,103
2025-01-03,TN-TNV-PHC-001,AZITHROMYCIN_500,Azithromycin 500mg Tablets,38,180,110
2025-01-04,TN-TNV-PHC-001,AZITHROMYCIN_500,Azithromycin 500mg Tablets,30,150,99
2025-01-05,TN-TNV-PHC-001,AZITHROMYCIN_500,Azithromycin 500mg Tablets,32,118,93
2025-01-06,TN-TNV-PHC-001,AZITHROMYCIN_500,Azithromycin 500mg Tablets,35,83,98
2025-01-07,TN-TNV-PHC-001,AZITHROMYCIN_500,Azithromycin 500mg Tablets,28,283,97
2025-01-08,TN-TNV-PHC-001,AZITHROMYCIN_500,Azithromycin 500mg Tablets,35,248,98
2025-01-09,TN-TNV-PHC-001,AZITHROMYCIN_500,Azithromycin 500mg Tablets,24,224,97
2025-01-10,TN-TNV-PHC-001,AZITHROMYCIN_500,Azithromycin 500mg Tablets,25,199,103
2025-01-11,TN-TNV-PHC-001,AZITHROMYCIN_500,Azithromycin 500mg Tablets,29,170,96
2025-01-12,TN-TNV-PHC-001,AZITHROMYCIN_500,Azithromycin 500mg Tablets,13,157,78
2025-01-13,TN-TNV-PHC-001,AZITHROMYCIN_500,Azithromycin 500mg Tablets,18,139,77
2025-01-14,TN-TNV-PHC-001,AZITHROMYCIN_500,Azithromycin 500mg Tablets,17,122,92
2025-01-15,TN-TNV-PHC-001,AZITHROMYCIN_500,Azithromycin 500mg Tablets,18,104,87
2025-01-16,TN-TNV-PHC-001,AZITHROMYCIN_500,Azithromycin 500mg Tablets,15,89,92
2025-01-17,TN-TNV-PHC-001,AZITHROMYCIN_500,Azithromycin 500mg Tablets,16,306,76
2025-01-18,TN-TNV-PHC-001,AZITHROMYCIN_500,Azithromycin 500mg Tablets,12,294,83
2025-01-19,TN-TNV-PHC-001,AZITHROMYCIN_500,Azithromycin 500mg Tablets,16,278,92
2025-01-20,TN-TNV-PHC-001,AZITHROMYCIN_500,Azithromycin 500mg Tablets,17,261,83
2025-01-21,TN-TNV-PHC-001,AZITHROMYCIN_500,Azithromycin 500mg Tablets,15,246,77
2025-01-22,TN-TNV-PHC-001,AZITHROMYCIN_500,Azithromycin 500mg Tablets,11,235,90
2025-01-23,TN-TNV-PHC-001,AZITHROMYCIN_500,Azithromycin 500mg Tablets,12,223,78
2025-01-24,TN-TNV-PHC-001,AZITHROMYCIN_500,Azithromycin 500mg Tablets,15,208,92
2025-01-25,TN-TNV-PHC-001,AZITHROMYCIN_500,Azithromycin 500mg Tablets,11,197,74
2025-01-26,TN-TNV-PHC-001,AZITHROMYCIN_500,Azithromycin 500mg Tablets,12,185,71
2025-01-27,TN-TNV-PHC-001,AZITHROMYCIN_500,Azithromycin 500mg Tablets,18,167,76
2025-01-28,TN-TNV-PHC-001,AZITHROMYCIN_500,Azithromycin 500mg Tablets,14,153,92
2025-01-29,TN-TNV-PHC-001,AZITHROMYCIN_500,Azithromycin 500mg Tablets,13,140,84
2025-01-30,TN-TNV-PHC-001,AZITHROMYCIN_500,Azithromycin 500mg Tablets,17,123,90
2025-01-31,TN-TNV-PHC-001,AZITHROMYCIN_500,Azithromycin 500mg Tablets,18,105,83
2025-02-01,TN-TNV-PHC-001,AZITHROMYCIN_500,Azithromycin 500mg Tablets,17,88,72
2025-02-02,TN-TNV-PHC-001,AZITHROMYCIN_500,Azithromycin 500mg Tablets,14,301,79
2025-02-03,TN-TNV-PHC-001,AZITHROMYCIN_500,Azithromycin 500mg Tablets,18,283,75
2025-02-04,TN-TNV-PHC-001,AZITHROMYCIN_500,Azithromycin 500mg Tablets,13,270,74
2025-02-05,TN-TNV-PHC-001,AZITHROMYCIN_500,Azithromycin 500mg Tablets,18,252,85
2025-02-06,TN-TNV-PHC-001,AZITHROMYCIN_500,Azithromycin 500mg Tablets,11,241,87
2025-02-07,TN-TNV-PHC-001,AZITHROMYCIN_500,Azithromycin 500mg Tablets,11,230,92
2025-02-08,TN-TNV-PHC-001,AZITHROMYCIN_500,Azithromycin 500mg Tablets,15,215,77
2025-02-09,TN-TNV-PHC-001,AZITHROMYCIN_500,Azithromycin 500mg Tablets,14,201,78
2025-02-10,TN-TNV-PHC-001,AZITHROMYCIN_500,Azithromycin 500mg Tablets,11,190,88
2025-02-11,TN-TNV-PHC-001,AZITHROMYCIN_500,Azithromycin 500mg Tablets,12,178,75
2025-02-12,TN-TNV-PHC-001,AZITHROMYCIN_500,Azithromycin 500mg Tablets,14,164,74
2025-02-13,TN-TNV-PHC-001,AZITHROMYCIN_500,Azithromycin 500mg Tablets,16,148,78
2025-02-14,TN-TNV-PHC-001,AZITHROMYCIN_500,Azithromycin 500mg Tablets,17,131,76
2025-02-15,TN-TNV-PHC-001,AZITHROMYCIN_500,Azithromycin 500mg Tablets,16,115,92
2024-11-18,TN-TNV-PHC-001,METFORMIN_500,Metformin 500mg Tablets,25,500,80
2024-11-19,TN-TNV-PHC-001,METFORMIN_500,Metformin 500mg Tablets,23,477,90
2024-11-20,TN-TNV-PHC-001,METFORMIN_500,Metformin 500mg Tablets,25,452,88
2024-11-21,TN-TNV-PHC-001,METFORMIN_500,Metformin 500mg Tablets,21,431,92
2024-11-22,TN-TNV-PHC-001,METFORMIN_500,Metformin 500mg Tablets,23,408,83
2024-11-23,TN-TNV-PHC-001,METFORMIN_500,Metformin 500mg Tablets,24,384,73
2024-11-24,TN-TNV-PHC-001,METFORMIN_500,Metformin 500mg Tablets,20,364,78
2024-11-25,TN-TNV-PHC-001,METFORMIN_500,Metformin 500mg Tablets,24,340,88
2024-11-26,TN-TNV-PHC-001,METFORMIN_500,Metformin 500mg Tablets,22,318,75
2024-11-27,TN-TNV-PHC-001,METFORMIN_500,Metformin 500mg Tablets,20,298,71
2024-11-28,TN-TNV-PHC-001,METFORMIN_500,Metformin 500mg Tablets,19,279,78
2024-11-29,TN-TNV-PHC-001,METFORMIN_500,Metformin 500mg Tablets,25,254,93
2024-11-30,TN-TNV-PHC-001,METFORMIN_500,Metformin 500mg Tablets,25,229,79
2024-12-01,TN-TNV-PHC-001,METFORMIN_500,Metformin 500mg Tablets,25,204,90
2024-12-02,TN-TNV-PHC-001,METFORMIN_500,Metformin 500mg Tablets,22,182,81
2024-12-03,TN-TNV-PHC-001,METFORMIN_500,Metformin 500mg Tablets,23,159,82
2024-12-04,TN-TNV-PHC-001,METFORMIN_500,Metformin 500mg Tablets,22,137,87
2024-12-05,TN-TNV-PHC-001,METFORMIN_500,Metformin 500mg Tablets,24,429,83
2024-12-06,TN-TNV-PHC-001,METFORMIN_500,Metformin 500mg Tablets,19,410,92
2024-12-07,TN-TNV-PHC-001,METFORMIN_500,Metformin 500mg Tablets,19,391,83
2024-12-08,TN-TNV-PHC-001,METFORMIN_500,Metformin 500mg Tablets,18,373,74
2024-12-09,TN-TNV-PHC-001,METFORMIN_500,Metformin 500mg Tablets,21,352,82
2024-12-10,TN-TNV-PHC-001,METFORMIN_500,Metformin 500mg Tablets,21,331,85
2024-12-11,TN-TNV-PHC-001,METFORMIN_500,Metformin 500mg Tablets,25,306,89
2024-12-12,TN-TNV-PHC-001,METFORMIN_500,Metformin 500mg Tablets,25,281,73
2024-12-13,TN-TNV-PHC-001,METFORMIN_500,Metformin 500mg Tablets,23,258,77
2024-12-14,TN-TNV-PHC-001,METFORMIN_500,Metformin 500mg Tablets,21,237,80
2024-12-15,TN-TNV-PHC-001,METFORMIN_500,Metformin 500mg Tablets,20,217,95
2024-12-16,TN-TNV-PHC-001,METFORMIN_500,Metformin 500mg Tablets,22,195,91
2024-12-17,TN-TNV-PHC-001,METFORMIN_500,Metformin 500mg Tablets,19,176,75
2024-12-18,TN-TNV-PHC-001,METFORMIN_500,Metformin 500mg Tablets,22,154,88
2024-12-19,TN-TNV-PHC-001,METFORMIN_500,Metformin 500mg Tablets,21,133,74
2024-12-20,TN-TNV-PHC-001,METFORMIN_500,Metformin 500mg Tablets,19,385,87
2024-12-21,TN-TNV-PHC-001,METFORMIN_500,Metformin 500mg Tablets,21,364,89
2024-12-22,TN-TNV-PHC-001,METFORMIN_500,Metformin 500mg Tablets,22,342,91
2024-12-23,TN-TNV-PHC-001,METFORMIN_500,Metformin 500mg Tablets,22,320,94
2024-12-24,TN-TNV-PHC-001,METFORMIN_500,Metformin 500mg Tablets,25,295,84
2024-12-25,TN-TNV-PHC-001,METFORMIN_500,Metformin 500mg Tablets,21,274,80
2024-12-26,TN-TNV-PHC-001,METFORMIN_500,Metformin 500mg Tablets,24,250,82
2024-12-27,TN-TNV-PHC-001,METFORMIN_500,Metformin 500mg Tablets,23,227,81
2024-12-28,TN-TNV-PHC-001,METFORMIN_500,Metformin 500mg Tablets,24,203,74
2024-12-29,TN-TNV-PHC-001,METFORMIN_500,Metformin 500mg Tablets,19,184,78
2024-12-30,TN-TNV-PHC-001,METFORMIN_500,Metformin 500mg Tablets,18,166,71
2024-12-31,TN-TNV-PHC-001,METFORMIN_500,Metformin 500mg Tablets,20,146,79
2025-01-01,TN-TNV-PHC-001,METFORMIN_500,Metformin 500mg Tablets,21,125,94
2025-01-02,TN-TNV-PHC-001,METFORMIN_500,Metformin 500mg Tablets,24,342,89
2025-01-03,TN-TNV-PHC-001,METFORMIN_500,Metformin 500mg Tablets,24,318,75
2025-01-04,TN-TNV-PHC-001,METFORMIN_500,Metformin 500mg Tablets,20,298,76
2025-01-05,TN-TNV-PHC-001,METFORMIN_500,Metformin 500mg Tablets,19,279,83
2025-01-06,TN-TNV-PHC-001,METFORMIN_500,Metformin 500mg Tablets,20,259,87
2025-01-07,TN-TNV-PHC-001,METFORMIN_500,Metformin 500mg Tablets,21,238,94
2025-01-08,TN-TNV-PHC-001,METFORMIN_500,Metformin 500mg Tablets,18,220,81
2025-01-09,TN-TNV-PHC-001,METFORMIN_500,Metformin 500mg Tablets,18,202,71
2025-01-10,TN-TNV-PHC-001,METFORMIN_500,Metformin 500mg Tablets,25,177,77
2025-01-11,TN-TNV-PHC-001,METFORMIN_500,Metformin 500mg Tablets,24,153,85
2025-01-12,TN-TNV-PHC-001,METFORMIN_500,Metformin 500mg Tablets,18,135,91
2025-01-13,TN-TNV-PHC-001,METFORMIN_500,Metformin 500mg Tablets,25,427,79
2025-01-14,TN-TNV-PHC-001,METFORMIN_500,Metformin 500mg Tablets,19,408,95
2025-01-15,TN-TNV-PHC-001,METFORMIN_500,Metformin 500mg Tablets,19,389,79
2025-01-16,TN-TNV-PHC-001,METFORMIN_500,Metformin 500mg Tablets,19,370,93
2025-01-17,TN-TNV-PHC-001,METFORMIN_500,Metformin 500mg Tablets,19,351,90
2025-01-18,TN-TNV-PHC-001,METFORMIN_500,Metformin 500mg Tablets,23,328,92
2025-01-19,TN-TNV-PHC-001,METFORMIN_500,Metformin 500mg Tablets,23,305,94
2025-01-20,TN-TNV-PHC-001,METFORMIN_500,Metformin 500mg Tablets,25,280,84
2025-01-21,TN-TNV-PHC-001,METFORMIN_500,Metformin 500mg Tablets,18,262,74
2025-01-22,TN-TNV-PHC-001,METFORMIN_500,Metformin 500mg Tablets,21,241,87
2025-01-23,TN-TNV-PHC-001,METFORMIN_500,Metformin 500mg Tablets,24,217,73
2025-01-24,TN-TNV-PHC-001,METFORMIN_500,Metformin 500mg Tablets,18,199,81
2025-01-25,TN-TNV-PHC-001,METFORMIN_500,Metformin 500mg Tablets,18,181,72
2025-01-26,TN-TNV-PHC-001,METFORMIN_500,Metformin 500mg Tablets,22,159,78
2025-01-27,TN-TNV-PHC-001,METFORMIN_500,Metformin 500mg Tablets,23,136,88
2025-01-28,TN-TNV-PHC-001,METFORMIN_500,Metformin 500mg Tablets,21,387,93
2025-01-29,TN-TNV-PHC-001,METFORMIN_500,Metformin 500mg Tablets,19,368,82
2025-01-30,TN-TNV-PHC-001,METFORMIN_500,Metformin 500mg Tablets,25,343,86
2025-01-31,TN-TNV-PHC-001,METFORMIN_500,Metformin 500mg Tablets,23,320,78
2025-02-01,TN-TNV-PHC-001,METFORMIN_500,Metformin 500mg Tablets,24,296,90
2025-02-02,TN-TNV-PHC-001,METFORMIN_500,Metformin 500mg Tablets,23,273,93
2025-02-03,TN-TNV-PHC-001,METFORMIN_500,Metformin 500mg Tablets,24,249,86
2025-02-04,TN-TNV-PHC-001,METFORMIN_500,Metformin 500mg Tablets,22,227,78
2025-02-05,TN-TNV-PHC-001,METFORMIN_500,Metformin 500mg Tablets,19,208,89
2025-02-06,TN-TNV-PHC-001,METFORMIN_500,Metformin 500mg Tablets,22,186,74
2025-02-07,TN-TNV-PHC-001,METFORMIN_500,Metformin 500mg Tablets,19,167,93
2025-02-08,TN-TNV-PHC-001,METFORMIN_500,Metformin 500mg Tablets,18,149,73
2025-02-09,TN-TNV-PHC-001,METFORMIN_500,Metformin 500mg Tablets,25,124,92
2025-02-10,TN-TNV-PHC-001,METFORMIN_500,Metformin 500mg Tablets,21,103,89
2025-02-11,TN-TNV-PHC-001,METFORMIN_500,Metformin 500mg Tablets,20,83,71
2025-02-12,TN-TNV-PHC-001,METFORMIN_500,Metformin 500mg Tablets,25,58,92
2025-02-13,TN-TNV-PHC-001,METFORMIN_500,Metformin 500mg Tablets,21,37,94
2025-02-14,TN-TNV-PHC-001,METFORMIN_500,Metformin 500mg Tablets,24,13,94
2025-02-15,TN-TNV-PHC-001,METFORMIN_500,Metformin 500mg Tablets,25,10,88
2024-11-18,TN-TNV-PHC-001,INSULIN_REGULAR,Insulin Regular (100IU/ml),4,178,83
2024-11-19,TN-TNV-PHC-001,INSULIN_REGULAR,Insulin Regular (100IU/ml),4,174,78
2024-11-20,TN-TNV-PHC-001,INSULIN_REGULAR,Insulin Regular (100IU/ml),8,166,73
2024-11-21,TN-TNV-PHC-001,INSULIN_REGULAR,Insulin Regular (100IU/ml),2,164,78
2024-11-22,TN-TNV-PHC-001,INSULIN_REGULAR,Insulin Regular (100IU/ml),4,160,91
2024-11-23,TN-TNV-PHC-001,INSULIN_REGULAR,Insulin Regular (100IU/ml),6,154,93
2024-11-24,TN-TNV-PHC-001,INSULIN_REGULAR,Insulin Regular (100IU/ml),8,146,94
2024-11-25,TN-TNV-PHC-001,INSULIN_REGULAR,Insulin Regular (100IU/ml),7,139,76
2024-11-26,TN-TNV-PHC-001,INSULIN_REGULAR,Insulin Regular (100IU/ml),1,138,85
2024-11-27,TN-TNV-PHC-001,INSULIN_REGULAR,Insulin Regular (100IU/ml),6,132,72
2024-11-28,TN-TNV-PHC-001,INSULIN_REGULAR,Insulin Regular (100IU/ml),8,124,82
2024-11-29,TN-TNV-PHC-001,INSULIN_REGULAR,Insulin Regular (100IU/ml),2,122,80
2024-11-30,TN-TNV-PHC-001,INSULIN_REGULAR,Insulin Regular (100IU/ml),3,119,95
2024-12-01,TN-TNV-PHC-001,INSULIN_REGULAR,Insulin Regular (100IU/ml),5,114,72
2024-12-02,TN-TNV-PHC-001,INSULIN_REGULAR,Insulin Regular (100IU/ml),3,111,75
2024-12-03,TN-TNV-PHC-001,INSULIN_REGULAR,Insulin Regular (100IU/ml),2,109,71
2024-12-04,TN-TNV-PHC-001,INSULIN_REGULAR,Insulin Regular (100IU/ml),6,103,73
2024-12-05,TN-TNV-PHC-001,INSULIN_REGULAR,Insulin Regular (100IU/ml),5,98,85
2024-12-06,TN-TNV-PHC-001,INSULIN_REGULAR,Insulin Regular (100IU/ml),1,97,86
2024-12-07,TN-TNV-PHC-001,INSULIN_REGULAR,Insulin Regular (100IU/ml),4,93,93
2024-12-08,TN-TNV-PHC-001,INSULIN_REGULAR,Insulin Regular (100IU/ml),3,90,95
2024-12-09,TN-TNV-PHC-001,INSULIN_REGULAR,Insulin Regular (100IU/ml),4,86,75
2024-12-10,TN-TNV-PHC-001,INSULIN_REGULAR,Insulin Regular (100IU/ml),3,83,94
2024-12-11,TN-TNV-PHC-001,INSULIN_REGULAR,Insulin Regular (100IU/ml),8,75,91
2024-12-12,TN-TNV-PHC-001,INSULIN_REGULAR,Insulin Regular (100IU/ml),8,67,80
2024-12-13,TN-TNV-PHC-001,INSULIN_REGULAR,Insulin Regular (100IU/ml),1,66,78
2024-12-14,TN-TNV-PHC-001,INSULIN_REGULAR,Insulin Regular (100IU/ml),6,60,82
2024-12-15,TN-TNV-PHC-001,INSULIN_REGULAR,Insulin Regular (100IU/ml),8,52,71
2024-12-16,TN-TNV-PHC-001,INSULIN_REGULAR,Insulin Regular (100IU/ml),1,51,76
2024-12-17,TN-TNV-PHC-001,INSULIN_REGULAR,Insulin Regular (100IU/ml),5,46,79
2024-12-18,TN-TNV-PHC-001,INSULIN_REGULAR,Insulin Regular (100IU/ml),4,42,84
2024-12-19,TN-TNV-PHC-001,INSULIN_REGULAR,Insulin Regular (100IU/ml),6,36,77
2024-12-20,TN-TNV-PHC-001,INSULIN_REGULAR,Insulin Regular (100IU/ml),2,34,73
2024-12-21,TN-TNV-PHC-001,INSULIN_REGULAR,Insulin Regular (100IU/ml),4,118,78
2024-12-22,TN-TNV-PHC-001,INSULIN_REGULAR,Insulin Regular (100IU/ml),5,113,85
2024-12-23,TN-TNV-PHC-001,INSULIN_REGULAR,Insulin Regular (100IU/ml),1,112,81
2024-12-24,TN-TNV-PHC-001,INSULIN_REGULAR,Insulin Regular (100IU/ml),8,104,74
2024-12-25,TN-TNV-PHC-001,INSULIN_REGULAR,Insulin Regular (100IU/ml),8,96,87
2024-12-26,TN-TNV-PHC-001,INSULIN_REGULAR,Insulin Regular (100IU/ml),7,89,75
2024-12-27,TN-TNV-PHC-001,INSULIN_REGULAR,Insulin Regular (100IU/ml),8,81,84
2024-12-28,TN-TNV-PHC-001,INSULIN_REGULAR,Insulin Regular (100IU/ml),4,77,87
2024-12-29,TN-TNV-PHC-001,INSULIN_REGULAR,Insulin Regular (100IU/ml),1,76,93
2024-12-30,TN-TNV-PHC-001,INSULIN_REGULAR,Insulin Regular (100IU/ml),7,69,76
2024-12-31,TN-TNV-PHC-001,INSULIN_REGULAR,Insulin Regular (100IU/ml),6,63,75
2025-01-01,TN-TNV-PHC-001,INSULIN_REGULAR,Insulin Regular (100IU/ml),8,55,72
2025-01-02,TN-TNV-PHC-001,INSULIN_REGULAR,Insulin Regular (100IU/ml),5,50,84
2025-01-03,TN-TNV-PHC-001,INSULIN_REGULAR,Insulin Regular (100IU/ml),5,45,77
2025-01-04,TN-TNV-PHC-001,INSULIN_REGULAR,Insulin Regular (100IU/ml),1,44,93
2025-01-05,TN-TNV-PHC-001,INSULIN_REGULAR,Insulin Regular (100IU/ml),1,43,84
2025-01-06,TN-TNV-PHC-001,INSULIN_REGULAR,Insulin Regular (100IU/ml),4,39,87
2025-01-07,TN-TNV-PHC-001,INSULIN_REGULAR,Insulin Regular (100IU/ml),8,31,93
2025-01-08,TN-TNV-PHC-001,INSULIN_REGULAR,Insulin Regular (100IU/ml),7,122,95
2025-01-09,TN-TNV-PHC-001,INSULIN_REGULAR,Insulin Regular (100IU/ml),8,114,93
2025-01-10,TN-TNV-PHC-001,INSULIN_REGULAR,Insulin Regular (100IU/ml),6,108,72
2025-01-11,TN-TNV-PHC-001,INSULIN_REGULAR,Insulin Regular (100IU/ml),2,106,78
2025-01-12,TN-TNV-PHC-001,INSULIN_REGULAR,Insulin Regular (100IU/ml),6,100,88
2025-01-13,TN-TNV-PHC-001,INSULIN_REGULAR,Insulin Regular (100IU/ml),6,94,84
2025-01-14,TN-TNV-PHC-001,INSULIN_REGULAR,Insulin Regular (100IU/ml),7,87,95
2025-01-15,TN-TNV-PHC-001,INSULIN_REGULAR,Insulin Regular (100IU/ml),6,81,73
2025-01-16,TN-TNV-PHC-001,INSULIN_REGULAR,Insulin Regular (100IU/ml),6,75,93
2025-01-17,TN-TNV-PHC-001,INSULIN_REGULAR,Insulin Regular (100IU/ml),2,73,72
2025-01-18,TN-TNV-PHC-001,INSULIN_REGULAR,Insulin Regular (100IU/ml),2,71,84
2025-01-19,TN-TNV-PHC-001,INSULIN_REGULAR,Insulin Regular (100IU/ml),4,67,92
2025-01-20,TN-TNV-PHC-001,INSULIN_REGULAR,Insulin Regular (100IU/ml),7,60,76
2025-01-21,TN-TNV-PHC-001,INSULIN_REGULAR,Insulin Regular (100IU/ml),2,58,94
2025-01-22,TN-TNV-PHC-001,INSULIN_REGULAR,Insulin Regular (100IU/ml),7,51,81
2025-01-23,TN-TNV-PHC-001,INSULIN_REGULAR,Insulin Regular (100IU/ml),1,50,75
2025-01-24,TN-TNV-PHC-001,INSULIN_REGULAR,Insulin Regular (100IU/ml),1,49,84
2025-01-25,TN-TNV-PHC-001,INSULIN_REGULAR,Insulin Regular (100IU/ml),3,46,91
2025-01-26,TN-TNV-PHC-001,INSULIN_REGULAR,Insulin Regular (100IU/ml),6,40,74
2025-01-27,TN-TNV-PHC-001,INSULIN_REGULAR,Insulin Regular (100IU/ml),3,37,72
2025-01-28,TN-TNV-PHC-001,INSULIN_REGULAR,Insulin Regular (100IU/ml),3,34,78
2025-01-29,TN-TNV-PHC-001,INSULIN_REGULAR,Insulin Regular (100IU/ml),5,111,77
2025-01-30,TN-TNV-PHC-001,INSULIN_REGULAR,Insulin Regular (100IU/ml),1,110,78
2025-01-31,TN-TNV-PHC-001,INSULIN_REGULAR,Insulin Regular (100IU/ml),2,108,88
2025-02-01,TN-TNV-PHC-001,INSULIN_REGULAR,Insulin Regular (100IU/ml),1,107,84
2025-02-02,TN-TNV-PHC-001,INSULIN_REGULAR,Insulin Regular (100IU/ml),7,100,94
2025-02-03,TN-TNV-PHC-001,INSULIN_REGULAR,Insulin Regular (100IU/ml),2,98,85
2025-02-04,TN-TNV-PHC-001,INSULIN_REGULAR,Insulin Regular (100IU/ml),6,92,79
2025-02-05,TN-TNV-PHC-001,INSULIN_REGULAR,Insulin Regular (100IU/ml),7,85,74
2025-02-06,TN-TNV-PHC-001,INSULIN_REGULAR,Insulin Regular (100IU/ml),6,79,78
2025-02-07,TN-TNV-PHC-001,INSULIN_REGULAR,Insulin Regular (100IU/ml),2,77,94
2025-02-08,TN-TNV-PHC-001,INSULIN_REGULAR,Insulin Regular (100IU/ml),6,71,94
2025-02-09,TN-TNV-PHC-001,INSULIN_REGULAR,Insulin Regular (100IU/ml),1,70,75
2025-02-10,TN-TNV-PHC-001,INSULIN_REGULAR,Insulin Regular (100IU/ml),6,64,74
2025-02-11,TN-TNV-PHC-001,INSULIN_REGULAR,Insulin Regular (100IU/ml),7,57,82
2025-02-12,TN-TNV-PHC-001,INSULIN_REGULAR,Insulin Regular (100IU/ml),8,49,87
2025-02-13,TN-TNV-PHC-001,INSULIN_REGULAR,Insulin Regular (100IU/ml),3,46,95
2025-02-14,TN-TNV-PHC-001,INSULIN_REGULAR,Insulin Regular (100IU/ml),6,40,83
2025-02-15,TN-TNV-PHC-001,INSULIN_REGULAR,Insulin Regular (100IU/ml),1,39,71
2024-11-18,TN-TNV-PHC-001,RABIES_VACCINE,Anti-Rabies Vaccine (ARV),7,76,90
2024-11-19,TN-TNV-PHC-001,RABIES_VACCINE,Anti-Rabies Vaccine (ARV),2,74,74
2024-11-20,TN-TNV-PHC-001,RABIES_VACCINE,Anti-Rabies Vaccine (ARV),2,72,86
2024-11-21,TN-TNV-PHC-001,RABIES_VACCINE,Anti-Rabies Vaccine (ARV),1,71,92
2024-11-22,TN-TNV-PHC-001,RABIES_VACCINE,Anti-Rabies Vaccine (ARV),7,64,73
2024-11-23,TN-TNV-PHC-001,RABIES_VACCINE,Anti-Rabies Vaccine (ARV),6,58,81
2024-11-24,TN-TNV-PHC-001,RABIES_VACCINE,Anti-Rabies Vaccine (ARV),1,57,95
2024-11-25,TN-TNV-PHC-001,RABIES_VACCINE,Anti-Rabies Vaccine (ARV),2,55,74
2024-11-26,TN-TNV-PHC-001,RABIES_VACCINE,Anti-Rabies Vaccine (ARV),1,54,71
2024-11-27,TN-TNV-PHC-001,RABIES_VACCINE,Anti-Rabies Vaccine (ARV),7,47,90
2024-11-28,TN-TNV-PHC-001,RABIES_VACCINE,Anti-Rabies Vaccine (ARV),2,45,72
2024-11-29,TN-TNV-PHC-001,RABIES_VACCINE,Anti-Rabies Vaccine (ARV),6,39,71
2024-11-30,TN-TNV-PHC-001,RABIES_VACCINE,Anti-Rabies Vaccine (ARV),5,34,79
2024-12-01,TN-TNV-PHC-001,RABIES_VACCINE,Anti-Rabies Vaccine (ARV),6,28,91
2024-12-02,TN-TNV-PHC-001,RABIES_VACCINE,Anti-Rabies Vaccine (ARV),6,98,78
2024-12-03,TN-TNV-PHC-001,RABIES_VACCINE,Anti-Rabies Vaccine (ARV),7,91,72
2024-12-04,TN-TNV-PHC-001,RABIES_VACCINE,Anti-Rabies Vaccine (ARV),4,87,79
2024-12-05,TN-TNV-PHC-001,RABIES_VACCINE,Anti-Rabies Vaccine (ARV),3,84,72
2024-12-06,TN-TNV-PHC-001,RABIES_VACCINE,Anti-Rabies Vaccine (ARV),3,81,75
2024-12-07,TN-TNV-PHC-001,RABIES_VACCINE,Anti-Rabies Vaccine (ARV),7,74,88
2024-12-08,TN-TNV-PHC-001,RABIES_VACCINE,Anti-Rabies Vaccine (ARV),1,73,80
2024-12-09,TN-TNV-PHC-001,RABIES_VACCINE,Anti-Rabies Vaccine (ARV),7,66,87
2024-12-10,TN-TNV-PHC-001,RABIES_VACCINE,Anti-Rabies Vaccine (ARV),4,62,73
2024-12-11,TN-TNV-PHC-001,RABIES_VACCINE,Anti-Rabies Vaccine (ARV),6,56,92
2024-12-12,TN-TNV-PHC-001,RABIES_VACCINE,Anti-Rabies Vaccine (ARV),2,54,82
2024-12-13,TN-TNV-PHC-001,RABIES_VACCINE,Anti-Rabies Vaccine (ARV),1,53,82
2024-12-14,TN-TNV-PHC-001,RABIES_VACCINE,Anti-Rabies Vaccine (ARV),1,52,90
2024-12-15,TN-TNV-PHC-001,RABIES_VACCINE,Anti-Rabies Vaccine (ARV),1,51,81
2024-12-16,TN-TNV-PHC-001,RABIES_VACCINE,Anti-Rabies Vaccine (ARV),1,50,82
2024-12-17,TN-TNV-PHC-001,RABIES_VACCINE,Anti-Rabies Vaccine (ARV),3,47,94
2024-12-18,TN-TNV-PHC-001,RABIES_VACCINE,Anti-Rabies Vaccine (ARV),1,46,77
2024-12-19,TN-TNV-PHC-001,RABIES_VACCINE,Anti-Rabies Vaccine (ARV),4,42,75
2024-12-20,TN-TNV-PHC-001,RABIES_VACCINE,Anti-Rabies Vaccine (ARV),7,35,87
2024-12-21,TN-TNV-PHC-001,RABIES_VACCINE,Anti-Rabies Vaccine (ARV),7,28,81
2024-12-22,TN-TNV-PHC-001,RABIES_VACCINE,Anti-Rabies Vaccine (ARV),3,121,93
2024-12-23,TN-TNV-PHC-001,RABIES_VACCINE,Anti-Rabies Vaccine (ARV),5,116,88
2024-12-24,TN-TNV-PHC-001,RABIES_VACCINE,Anti-Rabies Vaccine (ARV),1,115,72
2024-12-25,TN-TNV-PHC-001,RABIES_VACCINE,Anti-Rabies Vaccine (ARV),2,113,84
2024-12-26,TN-TNV-PHC-001,RABIES_VACCINE,Anti-Rabies Vaccine (ARV),3,110,91
2024-12-27,TN-TNV-PHC-001,RABIES_VACCINE,Anti-Rabies Vaccine (ARV),7,103,85
2024-12-28,TN-TNV-PHC-001,RABIES_VACCINE,Anti-Rabies Vaccine (ARV),2,101,74
2024-12-29,TN-TNV-PHC-001,RABIES_VACCINE,Anti-Rabies Vaccine (ARV),1,100,81
2024-12-30,TN-TNV-PHC-001,RABIES_VACCINE,Anti-Rabies Vaccine (ARV),1,99,75
2024-12-31,TN-TNV-PHC-001,RABIES_VACCINE,Anti-Rabies Vaccine (ARV),2,97,87
2025-01-01,TN-TNV-PHC-001,RABIES_VACCINE,Anti-Rabies Vaccine (ARV),2,95,92
2025-01-02,TN-TNV-PHC-001,RABIES_VACCINE,Anti-Rabies Vaccine (ARV),7,88,81
2025-01-03,TN-TNV-PHC-001,RABIES_VACCINE,Anti-Rabies Vaccine (ARV),2,86,93
2025-01-04,TN-TNV-PHC-001,RABIES_VACCINE,Anti-Rabies Vaccine (ARV),5,81,84
2025-01-05,TN-TNV-PHC-001,RABIES_VACCINE,Anti-Rabies Vaccine (ARV),5,76,76
2025-01-06,TN-TNV-PHC-001,RABIES_VACCINE,Anti-Rabies Vaccine (ARV),1,75,82
2025-01-07,TN-TNV-PHC-001,RABIES_VACCINE,Anti-Rabies Vaccine (ARV),2,73,71
2025-01-08,TN-TNV-PHC-001,RABIES_VACCINE,Anti-Rabies Vaccine (ARV),3,70,71
2025-01-09,TN-TNV-PHC-001,RABIES_VACCINE,Anti-Rabies Vaccine (ARV),7,63,95
2025-01-10,TN-TNV-PHC-001,RABIES_VACCINE,Anti-Rabies Vaccine (ARV),1,62,91
2025-01-11,TN-TNV-PHC-001,RABIES_VACCINE,Anti-Rabies Vaccine (ARV),5,57,86
2025-01-12,TN-TNV-PHC-001,RABIES_VACCINE,Anti-Rabies Vaccine (ARV),1,56,83
2025-01-13,TN-TNV-PHC-001,RABIES_VACCINE,Anti-Rabies Vaccine (ARV),6,50,91
2025-01-14,TN-TNV-PHC-001,RABIES_VACCINE,Anti-Rabies Vaccine (ARV),7,43,95
2025-01-15,TN-TNV-PHC-001,RABIES_VACCINE,Anti-Rabies Vaccine (ARV),1,42,77
2025-01-16,TN-TNV-PHC-001,RABIES_VACCINE,Anti-Rabies Vaccine (ARV),3,39,90
2025-01-17,TN-TNV-PHC-001,RABIES_VACCINE,Anti-Rabies Vaccine (ARV),5,34,71
2025-01-18,TN-TNV-PHC-001,RABIES_VACCINE,Anti-Rabies Vaccine (ARV),4,30,80
2025-01-19,TN-TNV-PHC-001,RABIES_VACCINE,Anti-Rabies Vaccine (ARV),3,27,84
2025-01-20,TN-TNV-PHC-001,RABIES_VACCINE,Anti-Rabies Vaccine (ARV),1,168,84
2025-01-21,TN-TNV-PHC-001,RABIES_VACCINE,Anti-Rabies Vaccine (ARV),1,167,91
2025-01-22,TN-TNV-PHC-001,RABIES_VACCINE,Anti-Rabies Vaccine (ARV),7,160,77
2025-01-23,TN-TNV-PHC-001,RABIES_VACCINE,Anti-Rabies Vaccine (ARV),2,158,76
2025-01-24,TN-TNV-PHC-001,RABIES_VACCINE,Anti-Rabies Vaccine (ARV),1,157,73
2025-01-25,TN-TNV-PHC-001,RABIES_VACCINE,Anti-Rabies Vaccine (ARV),5,152,75
2025-01-26,TN-TNV-PHC-001,RABIES_VACCINE,Anti-Rabies Vaccine (ARV),1,151,81
2025-01-27,TN-TNV-PHC-001,RABIES_VACCINE,Anti-Rabies Vaccine (ARV),2,149,91
2025-01-28,TN-TNV-PHC-001,RABIES_VACCINE,Anti-Rabies Vaccine (ARV),4,145,72
2025-01-29,TN-TNV-PHC-001,RABIES_VACCINE,Anti-Rabies Vaccine (ARV),2,143,84
2025-01-30,TN-TNV-PHC-001,RABIES_VACCINE,Anti-Rabies Vaccine (ARV),4,139,71
2025-01-31,TN-TNV-PHC-001,RABIES_VACCINE,Anti-Rabies Vaccine (ARV),6,133,89
2025-02-01,TN-TNV-PHC-001,RABIES_VACCINE,Anti-Rabies Vaccine (ARV),7,126,93
2025-02-02,TN-TNV-PHC-001,RABIES_VACCINE,Anti-Rabies Vaccine (ARV),3,123,76
2025-02-03,TN-TNV-PHC-001,RABIES_VACCINE,Anti-Rabies Vaccine (ARV),3,120,85
2025-02-04,TN-TNV-PHC-001,RABIES_VACCINE,Anti-Rabies Vaccine (ARV),6,114,73
2025-02-05,TN-TNV-PHC-001,RABIES_VACCINE,Anti-Rabies Vaccine (ARV),1,113,73
2025-02-06,TN-TNV-PHC-001,RABIES_VACCINE,Anti-Rabies Vaccine (ARV),4,109,74
2025-02-07,TN-TNV-PHC-001,RABIES_VACCINE,Anti-Rabies Vaccine (ARV),7,102,94
2025-02-08,TN-TNV-PHC-001,RABIES_VACCINE,Anti-Rabies Vaccine (ARV),7,95,88
2025-02-09,TN-TNV-PHC-001,RABIES_VACCINE,Anti-Rabies Vaccine (ARV),1,94,88
2025-02-10,TN-TNV-PHC-001,RABIES_VACCINE,Anti-Rabies Vaccine (ARV),2,92,76
2025-02-11,TN-TNV-PHC-001,RABIES_VACCINE,Anti-Rabies Vaccine (ARV),3,89,73
2025-02-12,TN-TNV-PHC-001,RABIES_VACCINE,Anti-Rabies Vaccine (ARV),2,87,80
2025-02-13,TN-TNV-PHC-001,RABIES_VACCINE,Anti-Rabies Vaccine (ARV),1,86,79
2025-02-14,TN-TNV-PHC-001,RABIES_VACCINE,Anti-Rabies Vaccine (ARV),1,85,88
2025-02-15,TN-TNV-PHC-001,RABIES_VACCINE,Anti-Rabies Vaccine (ARV),6,79,92
2024-11-18,TN-TNV-PHC-001,OXYGEN_CYLINDER,Medical Oxygen D-Type,1,96,84
2024-11-19,TN-TNV-PHC-001,OXYGEN_CYLINDER,Medical Oxygen D-Type,5,91,82
2024-11-20,TN-TNV-PHC-001,OXYGEN_CYLINDER,Medical Oxygen D-Type,2,89,91
2024-11-21,TN-TNV-PHC-001,OXYGEN_CYLINDER,Medical Oxygen D-Type,2,87,94
2024-11-22,TN-TNV-PHC-001,OXYGEN_CYLINDER,Medical Oxygen D-Type,2,85,79
2024-11-23,TN-TNV-PHC-001,OXYGEN_CYLINDER,Medical Oxygen D-Type,4,81,77
2024-11-24,TN-TNV-PHC-001,OXYGEN_CYLINDER,Medical Oxygen D-Type,1,80,74
2024-11-25,TN-TNV-PHC-001,OXYGEN_CYLINDER,Medical Oxygen D-Type,2,78,83
2024-11-26,TN-TNV-PHC-001,OXYGEN_CYLINDER,Medical Oxygen D-Type,1,77,95
2024-11-27,TN-TNV-PHC-001,OXYGEN_CYLINDER,Medical Oxygen D-Type,1,76,83
2024-11-28,TN-TNV-PHC-001,OXYGEN_CYLINDER,Medical Oxygen D-Type,4,72,86
2024-11-29,TN-TNV-PHC-001,OXYGEN_CYLINDER,Medical Oxygen D-Type,2,70,91
2024-11-30,TN-TNV-PHC-001,OXYGEN_CYLINDER,Medical Oxygen D-Type,4,66,87
2024-12-01,TN-TNV-PHC-001,OXYGEN_CYLINDER,Medical Oxygen D-Type,4,62,90
2024-12-02,TN-TNV-PHC-001,OXYGEN_CYLINDER,Medical Oxygen D-Type,1,61,72
2024-12-03,TN-TNV-PHC-001,OXYGEN_CYLINDER,Medical Oxygen D-Type,1,60,93
2024-12-04,TN-TNV-PHC-001,OXYGEN_CYLINDER,Medical Oxygen D-Type,1,59,84
2024-12-05,TN-TNV-PHC-001,OXYGEN_CYLINDER,Medical Oxygen D-Type,1,58,72
2024-12-06,TN-TNV-PHC-001,OXYGEN_CYLINDER,Medical Oxygen D-Type,1,57,89
2024-12-07,TN-TNV-PHC-001,OXYGEN_CYLINDER,Medical Oxygen D-Type,3,54,73
2024-12-08,TN-TNV-PHC-001,OXYGEN_CYLINDER,Medical Oxygen D-Type,1,53,89
2024-12-09,TN-TNV-PHC-001,OXYGEN_CYLINDER,Medical Oxygen D-Type,1,52,81
2024-12-10,TN-TNV-PHC-001,OXYGEN_CYLINDER,Medical Oxygen D-Type,4,48,88
2024-12-11,TN-TNV-PHC-001,OXYGEN_CYLINDER,Medical Oxygen D-Type,3,45,85
2024-12-12,TN-TNV-PHC-001,OXYGEN_CYLINDER,Medical Oxygen D-Type,1,44,84
2024-12-13,TN-TNV-PHC-001,OXYGEN_CYLINDER,Medical Oxygen D-Type,1,43,85
2024-12-14,TN-TNV-PHC-001,OXYGEN_CYLINDER,Medical Oxygen D-Type,1,42,86
2024-12-15,TN-TNV-PHC-001,OXYGEN_CYLINDER,Medical Oxygen D-Type,3,39,79
2024-12-16,TN-TNV-PHC-001,OXYGEN_CYLINDER,Medical Oxygen D-Type,1,38,87
2024-12-17,TN-TNV-PHC-001,OXYGEN_CYLINDER,Medical Oxygen D-Type,1,37,71
2024-12-18,TN-TNV-PHC-001,OXYGEN_CYLINDER,Medical Oxygen D-Type,3,34,77
2024-12-19,TN-TNV-PHC-001,OXYGEN_CYLINDER,Medical Oxygen D-Type,1,33,77
2024-12-20,TN-TNV-PHC-001,OXYGEN_CYLINDER,Medical Oxygen D-Type,1,32,91
2024-12-21,TN-TNV-PHC-001,OXYGEN_CYLINDER,Medical Oxygen D-Type,2,30,85
2024-12-22,TN-TNV-PHC-001,OXYGEN_CYLINDER,Medical Oxygen D-Type,1,29,95
2024-12-23,TN-TNV-PHC-001,OXYGEN_CYLINDER,Medical Oxygen D-Type,5,24,93
2024-12-24,TN-TNV-PHC-001,OXYGEN_CYLINDER,Medical Oxygen D-Type,1,23,71
2024-12-25,TN-TNV-PHC-001,OXYGEN_CYLINDER,Medical Oxygen D-Type,1,22,74
2024-12-26,TN-TNV-PHC-001,OXYGEN_CYLINDER,Medical Oxygen D-Type,3,19,72
2024-12-27,TN-TNV-PHC-001,OXYGEN_CYLINDER,Medical Oxygen D-Type,1,18,75
2024-12-28,TN-TNV-PHC-001,OXYGEN_CYLINDER,Medical Oxygen D-Type,5,13,75
2024-12-29,TN-TNV-PHC-001,OXYGEN_CYLINDER,Medical Oxygen D-Type,4,10,72
2024-12-30,TN-TNV-PHC-001,OXYGEN_CYLINDER,Medical Oxygen D-Type,1,10,93
2024-12-31,TN-TNV-PHC-001,OXYGEN_CYLINDER,Medical Oxygen D-Type,1,10,90
2025-01-01,TN-TNV-PHC-001,OXYGEN_CYLINDER,Medical Oxygen D-Type,3,10,78
2025-01-02,TN-TNV-PHC-001,OXYGEN_CYLINDER,Medical Oxygen D-Type,4,10,93
2025-01-03,TN-TNV-PHC-001,OXYGEN_CYLINDER,Medical Oxygen D-Type,3,10,80
2025-01-04,TN-TNV-PHC-001,OXYGEN_CYLINDER,Medical Oxygen D-Type,2,10,77
2025-01-05,TN-TNV-PHC-001,OXYGEN_CYLINDER,Medical Oxygen D-Type,1,10,72
2025-01-06,TN-TNV-PHC-001,OXYGEN_CYLINDER,Medical Oxygen D-Type,5,10,94
2025-01-07,TN-TNV-PHC-001,OXYGEN_CYLINDER,Medical Oxygen D-Type,5,10,93
2025-01-08,TN-TNV-PHC-001,OXYGEN_CYLINDER,Medical Oxygen D-Type,2,10,92
2025-01-09,TN-TNV-PHC-001,OXYGEN_CYLINDER,Medical Oxygen D-Type,2,10,94
2025-01-10,TN-TNV-PHC-001,OXYGEN_CYLINDER,Medical Oxygen D-Type,1,10,80
2025-01-11,TN-TNV-PHC-001,OXYGEN_CYLINDER,Medical Oxygen D-Type,3,10,93
2025-01-12,TN-TNV-PHC-001,OXYGEN_CYLINDER,Medical Oxygen D-Type,1,10,85
2025-01-13,TN-TNV-PHC-001,OXYGEN_CYLINDER,Medical Oxygen D-Type,2,10,92
2025-01-14,TN-TNV-PHC-001,OXYGEN_CYLINDER,Medical Oxygen D-Type,1,10,89
2025-01-15,TN-TNV-PHC-001,OXYGEN_CYLINDER,Medical Oxygen D-Type,1,10,87
2025-01-16,TN-TNV-PHC-001,OXYGEN_CYLINDER,Medical Oxygen D-Type,3,10,85
2025-01-17,TN-TNV-PHC-001,OXYGEN_CYLINDER,Medical Oxygen D-Type,2,10,89
2025-01-18,TN-TNV-PHC-001,OXYGEN_CYLINDER,Medical Oxygen D-Type,1,10,76
2025-01-19,TN-TNV-PHC-001,OXYGEN_CYLINDER,Medical Oxygen D-Type,1,10,71
2025-01-20,TN-TNV-PHC-001,OXYGEN_CYLINDER,Medical Oxygen D-Type,1,10,79
2025-01-21,TN-TNV-PHC-001,OXYGEN_CYLINDER,Medical Oxygen D-Type,5,10,89
2025-01-22,TN-TNV-PHC-001,OXYGEN_CYLINDER,Medical Oxygen D-Type,2,10,73
2025-01-23,TN-TNV-PHC-001,OXYGEN_CYLINDER,Medical Oxygen D-Type,1,10,83
2025-01-24,TN-TNV-PHC-001,OXYGEN_CYLINDER,Medical Oxygen D-Type,3,10,83
2025-01-25,TN-TNV-PHC-001,OXYGEN_CYLINDER,Medical Oxygen D-Type,1,10,80
2025-01-26,TN-TNV-PHC-001,OXYGEN_CYLINDER,Medical Oxygen D-Type,5,10,81
2025-01-27,TN-TNV-PHC-001,OXYGEN_CYLINDER,Medical Oxygen D-Type,2,10,94
2025-01-28,TN-TNV-PHC-001,OXYGEN_CYLINDER,Medical Oxygen D-Type,3,10,77
2025-01-29,TN-TNV-PHC-001,OXYGEN_CYLINDER,Medical Oxygen D-Type,3,10,86
2025-01-30,TN-TNV-PHC-001,OXYGEN_CYLINDER,Medical Oxygen D-Type,1,10,80
2025-01-31,TN-TNV-PHC-001,OXYGEN_CYLINDER,Medical Oxygen D-Type,5,10,78
2025-02-01,TN-TNV-PHC-001,OXYGEN_CYLINDER,Medical Oxygen D-Type,4,10,72
2025-02-02,TN-TNV-PHC-001,OXYGEN_CYLINDER,Medical Oxygen D-Type,1,10,75
2025-02-03,TN-TNV-PHC-001,OXYGEN_CYLINDER,Medical Oxygen D-Type,4,10,78
2025-02-04,TN-TNV-PHC-001,OXYGEN_CYLINDER,Medical Oxygen D-Type,5,10,90
2025-02-05,TN-TNV-PHC-001,OXYGEN_CYLINDER,Medical Oxygen D-Type,1,10,86
2025-02-06,TN-TNV-PHC-001,OXYGEN_CYLINDER,Medical Oxygen D-Type,1,10,81
2025-02-07,TN-TNV-PHC-001,OXYGEN_CYLINDER,Medical Oxygen D-Type,1,10,85
2025-02-08,TN-TNV-PHC-001,OXYGEN_CYLINDER,Medical Oxygen D-Type,2,10,81
2025-02-09,TN-TNV-PHC-001,OXYGEN_CYLINDER,Medical Oxygen D-Type,1,10,92
2025-02-10,TN-TNV-PHC-001,OXYGEN_CYLINDER,Medical Oxygen D-Type,1,10,95
2025-02-11,TN-TNV-PHC-001,OXYGEN_CYLINDER,Medical Oxygen D-Type,5,10,80
2025-02-12,TN-TNV-PHC-001,OXYGEN_CYLINDER,Medical Oxygen D-Type,1,10,93
2025-02-13,TN-TNV-PHC-001,OXYGEN_CYLINDER,Medical Oxygen D-Type,1,10,87
2025-02-14,TN-TNV-PHC-001,OXYGEN_CYLINDER,Medical Oxygen D-Type,1,10,79
2025-02-15,TN-TNV-PHC-001,OXYGEN_CYLINDER,Medical Oxygen D-Type,1,10,74